model,n_trials,subject_id,source_study,negative_log_likelihood,log_likelihood,aic,bic,uniform_choice_nll,nll_improvement_over_uniform,uniform_choice_fit,n_parameters_at_lower_bound,n_parameters_at_upper_bound,n_parameters_at_any_bound,converged,optimizer_message,n_function_evaluations,n_iterations,n_starts,learning_rate,inverse_temperature,outcome_sensitivity,loss_aversion,response_consistency,comparison_eligible,delta_aic,delta_bic,best_aic,best_bic
pvl_delta,95,1,Fridberg,40.26370920171179,-40.26370920171179,88.52741840342358,98.74292596982575,131.6979643063896,91.4342551046778,False,0,0,0,True,CONVERGENCE: RELATIVE REDUCTION OF F <= FACTR*EPSMCH,350,35,32,0.10324353108828706,,1.0736756553605833,0.4596448835258961,2.5563090846981975,True,0.0,0.0,True,True
q_learning,95,1,Fridberg,45.37089438744249,-45.37089438744249,94.74178877488498,99.84954255808606,131.6979643063896,86.3270699189471,False,0,0,0,True,CONVERGENCE: RELATIVE REDUCTION OF F <= FACTR*EPSMCH,66,18,8,0.03582856996091687,20.677677172805854,,,,True,6.214370371461399,1.1066165882603087,False,False
pvl_delta,95,2,Fridberg,125.50870326443123,-125.50870326443123,259.01740652886247,269.2329140952646,131.6979643063896,6.1892610419583605,False,0,0,0,True,CONVERGENCE: RELATIVE REDUCTION OF F <= FACTR*EPSMCH,405,49,32,0.028817513734170876,,1.2488384637138028,0.27831269198582514,2.02832532908995,True,0.0,1.1618703505473604,True,False
q_learning,95,2,Fridberg,129.4816449807581,-129.4816449807581,262.9632899615162,268.07104374471726,131.6979643063896,2.2163193256315026,False,0,1,1,True,CONVERGENCE: RELATIVE REDUCTION OF F <= FACTR*EPSMCH,261,59,10,0.0004081227451839649,100.0,,,,True,3.9458834326537158,0.0,False,True
pvl_delta,95,3,Fridberg,115.67059213378076,-115.67059213378076,239.34118426756152,249.55669183396367,131.6979643063896,16.027372172608835,False,1,0,1,True,CONVERGENCE: RELATIVE REDUCTION OF F <= FACTR*EPSMCH,100,15,32,0.1552261062029235,,1e-06,0.23937928361408561,1.2562574562377493,True,0.0,0.0,True,True
q_learning,95,3,Fridberg,131.46991462681368,-131.46991462681368,266.93982925362735,272.0475830368284,131.6979643063896,0.2280496795759177,False,0,1,1,True,CONVERGENCE: RELATIVE REDUCTION OF F <= FACTR*EPSMCH,222,47,10,0.0001282746105279615,100.0,,,,True,27.598644986065835,22.49089120286476,False,False
pvl_delta,95,4,Fridberg,113.34271847960505,-113.34271847960505,234.6854369592101,244.90094452561226,131.6979643063896,18.35524582678454,False,0,0,0,True,CONVERGENCE: RELATIVE REDUCTION OF F <= FACTR*EPSMCH,135,19,32,0.09353533443090092,,0.44172943925067876,1.2511737892169978,1.5829864971874996,True,0.0,0.0,True,True
q_learning,95,4,Fridberg,131.2505108968527,-131.2505108968527,266.5010217937054,271.60877557690645,131.6979643063896,0.44745340953690516,False,0,1,1,True,CONVERGENCE: RELATIVE REDUCTION OF F <= FACTR*EPSMCH,375,78,10,0.00017071507018782625,100.0,,,,True,31.81558483449527,26.707831051294193,False,False
pvl_delta,95,5,Fridberg,113.8412066201304,-113.8412066201304,235.6824132402608,245.89792080666294,131.6979643063896,17.8567576862592,False,0,0,0,True,CONVERGENCE: RELATIVE REDUCTION OF F <= FACTR*EPSMCH,565,66,32,0.06255267058410201,,0.45168124071731003,1.419731050288955,1.6106505757414336,True,0.0,0.0,True,True
q_learning,95,5,Fridberg,124.31303813079138,-124.31303813079138,252.62607626158277,257.7338300447839,131.6979643063896,7.38492617559821,False,0,1,1,True,CONVERGENCE: RELATIVE REDUCTION OF F <= FACTR*EPSMCH,189,44,9,0.000834454874862423,100.0,,,,True,16.94366302132198,11.835909238120934,False,False
pvl_delta,95,6,Fridberg,102.19900250158129,-102.19900250158129,212.39800500316258,222.61351256956473,131.6979643063896,29.498961804808303,False,0,1,1,True,CONVERGENCE: RELATIVE REDUCTION OF F <= FACTR*EPSMCH,360,46,32,0.0007708638840510854,,0.13008718893187488,4.6106621985411955,5.0,True,0.0,0.0,True,True
q_learning,95,6,Fridberg,112.28825509627222,-112.28825509627222,228.57651019254445,233.68426397574552,131.6979643063896,19.40970921011737,False,0,1,1,True,CONVERGENCE: RELATIVE REDUCTION OF F <= FACTR*EPSMCH,156,27,8,0.0019900996780563775,100.0,,,,True,16.178505189381866,11.07075140618079,False,False
pvl_delta,95,7,Fridberg,124.75838386140241,-124.75838386140241,257.51676772280484,267.732275289207,131.6979643063896,6.939580444987186,False,2,0,2,True,CONVERGENCE: RELATIVE REDUCTION OF F <= FACTR*EPSMCH,515,69,32,0.07415711150990759,,1e-06,1e-06,1.0071761018887713,True,0.0,0.0,True,True
q_learning,95,7,Fridberg,131.69376245527528,-131.69376245527528,267.38752491055055,272.49527869375163,131.6979643063896,0.0042018511143169235,False,0,0,0,True,CONVERGENCE: RELATIVE REDUCTION OF F <= FACTR*EPSMCH,33,2,7,9.841727152481238e-05,19.000000000000153,,,,True,9.87075718774571,4.763003404544634,False,False
pvl_delta,95,8,Fridberg,112.58061409684959,-112.58061409684959,233.16122819369917,243.37673576010133,131.6979643063896,19.117350209540007,False,1,0,1,True,CONVERGENCE: RELATIVE REDUCTION OF F <= FACTR*EPSMCH,580,73,32,0.034424245932935485,,1e-06,1.2300202252697836,1.6101893606265214,True,0.0,0.0,True,True
q_learning,95,8,Fridberg,127.1330278621737,-127.1330278621737,258.26605572434744,263.3738095075485,131.6979643063896,4.564936444215888,False,0,1,1,True,CONVERGENCE: RELATIVE REDUCTION OF F <= FACTR*EPSMCH,192,40,8,0.0006697427831605435,100.0,,,,True,25.104827530648265,19.99707374744719,False,False
pvl_delta,95,9,Fridberg,116.80174432576976,-116.80174432576976,241.60348865153952,251.81899621794167,131.6979643063896,14.896219980619833,False,1,0,1,True,CONVERGENCE: RELATIVE REDUCTION OF F <= FACTR*EPSMCH,110,18,32,0.13901954021644067,,1e-06,0.7030660112018523,1.1512426973655352,True,0.0,0.0,True,True
q_learning,95,9,Fridberg,130.94966015817033,-130.94966015817033,265.89932031634066,271.00707409954174,131.6979643063896,0.7483041482192618,False,0,1,1,True,CONVERGENCE: RELATIVE REDUCTION OF F <= FACTR*EPSMCH,30,8,10,1.0,0.06647956746860309,,,,True,24.295831664801142,19.188077881600066,False,False
pvl_delta,95,10,Fridberg,91.95180921634201,-91.95180921634201,191.90361843268403,202.11912599908618,131.6979643063896,39.74615509004758,False,1,0,1,True,CONVERGENCE: RELATIVE REDUCTION OF F <= FACTR*EPSMCH,325,47,32,0.0035251647172122548,,1e-06,4.365536902645936,3.6450506219713694,True,0.0,0.0,True,True
q_learning,95,10,Fridberg,103.84236753853031,-103.84236753853031,211.68473507706062,216.7924888602617,131.6979643063896,27.855596767859282,False,0,1,1,True,CONVERGENCE: RELATIVE REDUCTION OF F <= FACTR*EPSMCH,114,23,8,0.001963741781908452,100.0,,,,True,19.781116644376596,14.67336286117552,False,False
pvl_delta,95,11,Fridberg,114.64336623339287,-114.64336623339287,237.28673246678574,247.5022400331879,131.6979643063896,17.054598072996725,False,0,0,0,True,CONVERGENCE: RELATIVE REDUCTION OF F <= FACTR*EPSMCH,530,56,32,0.04752109794215769,,0.8906919901756843,0.44588169048275905,1.9786488559848763,True,0.0,0.0,True,True
q_learning,95,11,Fridberg,131.63057336548124,-131.63057336548124,267.2611467309625,272.36890051416356,131.6979643063896,0.06739094090835351,False,0,0,0,True,CONVERGENCE: RELATIVE REDUCTION OF F <= FACTR*EPSMCH,33,8,3,0.4532134795374476,0.038475595193773526,,,,True,29.974414264176744,24.866660480975668,False,False
pvl_delta,95,12,Fridberg,118.91252215268386,-118.91252215268386,245.82504430536773,256.0405518717699,131.6979643063896,12.78544215370573,False,1,0,1,True,CONVERGENCE: RELATIVE REDUCTION OF F <= FACTR*EPSMCH,145,20,32,0.6899250292696851,,1.1998883274973677,1e-06,0.9032981342162641,True,0.0,0.0,True,True
q_learning,95,12,Fridberg,130.60024288399396,-130.60024288399396,265.2004857679879,270.308239551189,131.6979643063896,1.0977214223956366,False,0,1,1,True,CONVERGENCE: NORM OF PROJECTED GRADIENT <= PGTOL,24,6,2,1.0,0.07982635106718786,,,,True,19.375441462620188,14.267687679419112,False,False
pvl_delta,95,13,Fridberg,113.50361691861805,-113.50361691861805,235.0072338372361,245.22274140363825,131.6979643063896,18.194347387771543,False,0,0,0,True,CONVERGENCE: RELATIVE REDUCTION OF F <= FACTR*EPSMCH,340,37,32,0.03370193442687395,,0.49550375613669506,1.3758016915530622,1.9765011860017943,True,0.0,0.0,True,True
q_learning,95,13,Fridberg,128.13594301762575,-128.13594301762575,260.2718860352515,265.3796398184526,131.6979643063896,3.5620212887638445,False,0,0,0,True,CONVERGENCE: RELATIVE REDUCTION OF F <= FACTR*EPSMCH,24,6,10,0.5530670289598469,0.29051089284732373,,,,True,25.264652198015398,20.15689841481432,False,False
pvl_delta,95,14,Fridberg,125.0615429958008,-125.0615429958008,258.1230859916016,268.33859355800377,131.6979643063896,6.636421310588787,False,0,0,0,True,CONVERGENCE: NORM OF PROJECTED GRADIENT <= PGTOL,80,13,32,0.42925837796832084,,0.22054828735945106,0.13027501266710362,0.8879830788671863,True,0.0,0.0,True,True
q_learning,95,14,Fridberg,131.38525760814446,-131.38525760814446,266.7705152162889,271.87826899949,131.6979643063896,0.31270669824513675,False,0,1,1,True,CONVERGENCE: RELATIVE REDUCTION OF F <= FACTR*EPSMCH,30,7,3,1.0,0.04118784128735099,,,,True,8.6474292246873,3.5396754414862244,False,False
pvl_delta,95,15,Fridberg,118.77931985624592,-118.77931985624592,245.55863971249184,255.774147278894,131.6979643063896,12.918644450143674,False,0,1,1,True,CONVERGENCE: RELATIVE REDUCTION OF F <= FACTR*EPSMCH,390,42,32,0.0005339437347070469,,0.8369620374570365,1.328752394804663,5.0,True,3.173008583458852,8.280762366659928,False,False
q_learning,95,15,Fridberg,119.1928155645165,-119.1928155645165,242.385631129033,247.49338491223406,131.6979643063896,12.5051487418731,False,0,1,1,True,CONVERGENCE: RELATIVE REDUCTION OF F <= FACTR*EPSMCH,54,5,9,0.0013345806642377103,99.99999999969326,,,,True,0.0,0.0,True,True
pvl_delta,100,1,Horstmann,128.05975738335317,-128.05975738335317,264.11951476670635,274.5401955106587,138.62943611198907,10.569678728635893,False,0,0,0,True,CONVERGENCE: RELATIVE REDUCTION OF F <= FACTR*EPSMCH,670,89,32,0.08015420687405525,,1.1229848163681935,0.18986018813626263,1.3716933260464312,True,0.0,0.0,True,True
q_learning,100,1,Horstmann,137.88073704041278,-137.88073704041278,279.76147408082556,284.97181445280177,138.62943611198907,0.7486990715762829,False,0,0,0,True,CONVERGENCE: RELATIVE REDUCTION OF F <= FACTR*EPSMCH,24,6,2,0.6860694096181935,0.09239693558597399,,,,True,15.64195931411922,10.431618942143075,False,False
pvl_delta,100,2,Horstmann,129.5576922883703,-129.5576922883703,267.1153845767406,277.53606532069296,138.62943611198907,9.07174382361876,False,1,0,1,True,CONVERGENCE: RELATIVE REDUCTION OF F <= FACTR*EPSMCH,220,29,32,0.06905877425360533,,1e-06,1.121462522091215,1.0167241907724798,True,0.0,0.0,True,True
q_learning,100,2,Horstmann,137.2597352530418,-137.2597352530418,278.5194705060836,283.7298108780598,138.62943611198907,1.3697008589472546,False,0,0,0,True,CONVERGENCE: NORM OF PROJECTED GRADIENT <= PGTOL,42,9,10,0.45857026649659965,0.16125315988914765,,,,True,11.404085929343012,6.193745557366867,False,False
pvl_delta,100,3,Horstmann,123.57198784063051,-123.57198784063051,255.14397568126103,265.5646564252134,138.62943611198907,15.057448271358552,False,1,0,1,True,CONVERGENCE: RELATIVE REDUCTION OF F <= FACTR*EPSMCH,500,71,32,0.07064602987197437,,0.3055576470600052,1e-06,1.3326114463086378,True,0.0,0.0,True,True
q_learning,100,3,Horstmann,137.2351210368572,-137.2351210368572,278.4702420737144,283.6805824456906,138.62943611198907,1.394315075131857,False,0,1,1,True,CONVERGENCE: NORM OF PROJECTED GRADIENT <= PGTOL,18,4,2,1.0,0.08592325699500146,,,,True,23.32626639245339,18.115926020477218,False,False
pvl_delta,100,4,Horstmann,133.84789495013115,-133.84789495013115,275.6957899002623,286.11647064421464,138.62943611198907,4.781541161857916,False,1,0,1,True,CONVERGENCE: RELATIVE REDUCTION OF F <= FACTR*EPSMCH,140,23,32,0.5655746989668762,,1e-06,2.3204550872419882,0.2953209440600947,True,0.0,3.7473363118752445,True,False
q_learning,100,4,Horstmann,136.5793969801816,-136.5793969801816,277.1587939603632,282.3691343323394,138.62943611198907,2.050039131807466,False,0,1,1,True,CONVERGENCE: RELATIVE REDUCTION OF F <= FACTR*EPSMCH,282,68,10,0.0004920443777013559,100.0,,,,True,1.4630040601009,0.0,False,True
pvl_delta,100,5,Horstmann,122.32312122585392,-122.32312122585392,252.64624245170785,263.0669231956602,138.62943611198907,16.30631488613514,False,1,0,1,True,CONVERGENCE: RELATIVE REDUCTION OF F <= FACTR*EPSMCH,150,21,32,0.9410173026906433,,1e-06,0.6105301954629935,0.6253483205995358,True,0.0,0.0,True,True
q_learning,100,5,Horstmann,134.60796829722347,-134.60796829722347,273.21593659444693,278.42627696642313,138.62943611198907,4.0214678147656,False,0,0,0,True,CONVERGENCE: RELATIVE REDUCTION OF F <= FACTR*EPSMCH,27,7,10,0.6644406162844679,0.2743705238651691,,,,True,20.56969414273908,15.359353770762937,False,False
pvl_delta,100,6,Horstmann,81.29523914761413,-81.29523914761413,170.59047829522825,181.01115903918063,138.62943611198907,57.33419696437494,False,1,1,2,True,CONVERGENCE: NORM OF PROJECTED GRADIENT <= PGTOL,490,66,32,0.08177880615349531,,2.0,1e-06,1.4021587011711831,True,0.0,0.0,True,True
q_learning,100,6,Horstmann,138.52413478095008,-138.52413478095008,281.04826956190016,286.25860993387636,138.62943611198907,0.1053013310389872,False,0,1,1,True,CONVERGENCE: NORM OF PROJECTED GRADIENT <= PGTOL,36,11,3,1.0,0.02455008184369471,,,,True,110.4577912666719,105.24745089469573,False,False
pvl_delta,100,7,Horstmann,120.6077709726718,-120.6077709726718,249.2155419453436,259.63622268929595,138.62943611198907,18.021665139317264,False,0,0,0,True,CONVERGENCE: NORM OF PROJECTED GRADIENT <= PGTOL,115,18,32,0.44073756341381654,,0.16341985852301047,0.042616375584811454,1.0313071845961264,True,0.0,0.0,True,True
q_learning,100,7,Horstmann,134.74407430261118,-134.74407430261118,273.48814860522236,278.69848897719856,138.62943611198907,3.8853618093778834,False,0,0,0,True,CONVERGENCE: NORM OF PROJECTED GRADIENT <= PGTOL,27,7,10,0.49160196972912723,0.31676780873049226,,,,True,24.27260665987876,19.062266287902617,False,False
pvl_delta,100,8,Horstmann,137.39274250051113,-137.39274250051113,282.78548500102227,293.2061657449746,138.62943611198907,1.236693611477932,False,0,1,1,True,CONVERGENCE: RELATIVE REDUCTION OF F <= FACTR*EPSMCH,1005,141,32,0.0008204588596855021,,2.0,0.07060971120163412,3.665038325986152,True,3.1742995941435197,8.384639966119664,False,False
q_learning,100,8,Horstmann,137.80559270343937,-137.80559270343937,279.61118540687875,284.82152577885495,138.62943611198907,0.823843408549692,False,0,0,0,True,CONVERGENCE: NORM OF PROJECTED GRADIENT <= PGTOL,75,11,10,0.45702288475910635,0.15079742342114322,,,,True,0.0,0.0,True,True
pvl_delta,100,9,Horstmann,109.40651777437034,-109.40651777437034,226.8130355487407,237.23371629269306,138.62943611198907,29.222918337618722,False,0,0,0,True,CONVERGENCE: NORM OF PROJECTED GRADIENT <= PGTOL,520,67,32,0.4018424747575306,,0.0173847607305681,0.20207598828990575,1.1967552965757449,True,0.0,0.0,True,True
q_learning,100,9,Horstmann,130.09829722862426,-130.09829722862426,264.1965944572485,269.4069348292247,138.62943611198907,8.531138883364804,False,0,0,0,True,CONVERGENCE: RELATIVE REDUCTION OF F <= FACTR*EPSMCH,30,6,10,0.7861765722249211,0.33132241954074754,,,,True,37.38355890850784,32.173218536531664,False,False
pvl_delta,100,10,Horstmann,109.98034691709601,-109.98034691709601,227.96069383419203,238.3813745781444,138.62943611198907,28.64908919489305,False,0,0,0,True,CONVERGENCE: RELATIVE REDUCTION OF F <= FACTR*EPSMCH,625,66,32,0.8166835193769364,,1.118790021685228,0.016274434343879787,1.0780625555254297,True,0.0,0.0,True,True
q_learning,100,10,Horstmann,131.91990374425046,-131.91990374425046,267.8398074885009,273.0501478604771,138.62943611198907,6.709532367738603,False,0,0,0,True,CONVERGENCE: RELATIVE REDUCTION OF F <= FACTR*EPSMCH,27,7,2,0.9574416225744062,0.2011168693234464,,,,True,39.879113654308895,34.66877328233272,False,False
pvl_delta,100,11,Horstmann,136.00194233829956,-136.00194233829956,280.0038846765991,290.42456542055146,138.62943611198907,2.6274937736895083,False,0,0,0,True,CONVERGENCE: RELATIVE REDUCTION OF F <= FACTR*EPSMCH,150,21,32,0.2287313167857746,,1.0432273085493005,0.20261749922961603,0.6884957327956814,True,0.04840790114343463,5.258748273119579,False,False
q_learning,100,11,Horstmann,137.97773838772784,-137.97773838772784,279.9554767754557,285.1658171474319,138.62943611198907,0.6516977242612256,False,0,1,1,True,CONVERGENCE: NORM OF PROJECTED GRADIENT <= PGTOL,30,8,10,1.0,0.06147241525562711,,,,True,0.0,0.0,True,True
pvl_delta,100,12,Horstmann,130.95641221623114,-130.95641221623114,269.9128244324623,280.33350517641463,138.62943611198907,7.673023895757922,False,0,1,1,True,CONVERGENCE: RELATIVE REDUCTION OF F <= FACTR*EPSMCH,150,23,32,0.999999,,0.006132371279152717,0.8639342713731446,0.4190813868564205,True,0.0,0.0,True,True
q_learning,100,12,Horstmann,135.58910141636252,-135.58910141636252,275.17820283272505,280.38854320470125,138.62943611198907,3.040334695626541,False,0,1,1,True,CONVERGENCE: RELATIVE REDUCTION OF F <= FACTR*EPSMCH,57,13,10,1.0,0.1377461991317717,,,,True,5.265378400262762,0.05503802828661719,False,False
pvl_delta,100,13,Horstmann,85.75444557212442,-85.75444557212442,179.50889114424885,189.92957188820122,138.62943611198907,52.87499053986464,False,1,1,2,True,CONVERGENCE: NORM OF PROJECTED GRADIENT <= PGTOL,660,78,32,0.999999,,1e-06,0.8419034388203409,0.8692261134247697,True,0.0,0.0,True,True
q_learning,100,13,Horstmann,116.8941383036942,-116.8941383036942,237.7882766073884,242.99861697936458,138.62943611198907,21.73529780829486,False,0,1,1,True,CONVERGENCE: NORM OF PROJECTED GRADIENT <= PGTOL,15,3,9,1.0,0.5075019618723012,,,,True,58.27938546313956,53.06904509116336,False,False
pvl_delta,100,14,Horstmann,117.9633067092074,-117.9633067092074,243.9266134184148,254.34729416236718,138.62943611198907,20.666129402781664,False,0,2,2,True,CONVERGENCE: RELATIVE REDUCTION OF F <= FACTR*EPSMCH,340,44,32,0.999999,,2.0,0.0039018015918283726,0.9202084987494099,True,0.0,0.0,True,True
q_learning,100,14,Horstmann,128.75004718262744,-128.75004718262744,261.5000943652549,266.7104347372311,138.62943611198907,9.879388929361625,False,0,1,1,True,CONVERGENCE: NORM OF PROJECTED GRADIENT <= PGTOL,36,7,10,1.0,0.22047284776783807,,,,True,17.57348094684008,12.363140574863905,False,False
pvl_delta,100,15,Horstmann,131.91838355903752,-131.91838355903752,271.83676711807504,282.2574478620274,138.62943611198907,6.711052552951543,False,0,0,0,True,CONVERGENCE: RELATIVE REDUCTION OF F <= FACTR*EPSMCH,165,25,32,0.2560052662312606,,0.8718496549600939,0.39607944327039896,0.8621683739089173,True,0.0,2.0883503729789368,True,False
q_learning,100,15,Horstmann,135.47937855853613,-135.47937855853613,274.95875711707225,280.16909748904845,138.62943611198907,3.150057553452939,False,0,0,0,True,CONVERGENCE: NORM OF PROJECTED GRADIENT <= PGTOL,33,9,10,0.7026243935948896,0.1855842743560627,,,,True,3.1219899989972077,0.0,False,True
pvl_delta,100,16,Horstmann,109.74745750046951,-109.74745750046951,227.49491500093902,237.9155957448914,138.62943611198907,28.881978611519557,False,1,1,2,True,CONVERGENCE: NORM OF PROJECTED GRADIENT <= PGTOL,100,16,32,0.999999,,1e-06,4.2360472047544935,0.33773739324367286,True,0.0,0.0,True,True
q_learning,100,16,Horstmann,127.07148797153663,-127.07148797153663,258.1429759430732,263.3533163150494,138.62943611198907,11.557948140452439,False,0,1,1,True,CONVERGENCE: NORM OF PROJECTED GRADIENT <= PGTOL,48,9,10,1.0,0.3526561245376364,,,,True,30.648060942134208,25.437720570158035,False,False
pvl_delta,100,17,Horstmann,92.64094992635967,-92.64094992635967,193.28189985271933,203.7025805966717,138.62943611198907,45.9884861856294,False,1,1,2,True,CONVERGENCE: NORM OF PROJECTED GRADIENT <= PGTOL,440,62,32,0.39738108255843363,,2.0,1e-06,1.1716331646148013,True,0.0,0.0,True,True
q_learning,100,17,Horstmann,138.62943611198918,-138.62943611198918,281.25887222397836,286.46921259595456,138.62943611198907,-1.1368683772161603e-13,True,2,0,2,True,CONVERGENCE: NORM OF PROJECTED GRADIENT <= PGTOL,3,0,2,0.0,0.0,,,,True,87.97697237125902,82.76663199928285,False,False
pvl_delta,100,18,Horstmann,62.861115138303084,-62.861115138303084,133.72223027660618,144.14291102055853,138.62943611198907,75.76832097368597,False,1,0,1,True,CONVERGENCE: NORM OF PROJECTED GRADIENT <= PGTOL,140,19,32,0.4651621055407262,,0.031448069768215015,1e-06,1.8280121610129,True,0.0,0.0,True,True
q_learning,100,18,Horstmann,123.12286535843688,-123.12286535843688,250.24573071687377,255.45607108884994,138.62943611198907,15.506570753552182,False,0,1,1,True,CONVERGENCE: NORM OF PROJECTED GRADIENT <= PGTOL,21,4,10,1.0,0.28174345518225674,,,,True,116.52350044026758,111.31316006829141,False,False
pvl_delta,100,19,Horstmann,129.45816636490903,-129.45816636490903,266.91633272981807,277.3370134737704,138.62943611198907,9.171269747080032,False,0,0,0,True,CONVERGENCE: NORM OF PROJECTED GRADIENT <= PGTOL,745,99,32,0.6572019159504874,,1.0618407671107897,0.003955485321518899,0.8013912824366053,True,0.0,0.0,True,True
q_learning,100,19,Horstmann,137.57827864079817,-137.57827864079817,279.15655728159635,284.36689765357255,138.62943611198907,1.0511574711908906,False,0,1,1,True,CONVERGENCE: RELATIVE REDUCTION OF F <= FACTR*EPSMCH,30,8,2,1.0,0.07594885320240902,,,,True,12.240224551778283,7.0298841798021385,False,False
pvl_delta,100,20,Horstmann,114.00463901307151,-114.00463901307151,236.00927802614302,246.4299587700954,138.62943611198907,24.624797098917554,False,1,0,1,True,CONVERGENCE: RELATIVE REDUCTION OF F <= FACTR*EPSMCH,125,20,32,0.21074328542245024,,1e-06,1.2208870804899727,1.0271195691765147,True,0.0,0.0,True,True
q_learning,100,20,Horstmann,134.0302609545096,-134.0302609545096,272.0605219090192,277.2708622809954,138.62943611198907,4.599175157479465,False,0,0,0,True,CONVERGENCE: RELATIVE REDUCTION OF F <= FACTR*EPSMCH,45,12,4,0.8197352699416915,0.25755369273329887,,,,True,36.05124388287618,30.840903510900006,False,False
pvl_delta,100,21,Horstmann,138.62943610587652,-138.62943610587652,285.25887221175304,295.6795529557054,138.62943611198907,6.112543360359268e-09,True,3,0,3,True,CONVERGENCE: RELATIVE REDUCTION OF F <= FACTR*EPSMCH,115,2,32,1e-06,,1e-06,1e-06,8.526512829121202e-05,True,3.999999987774686,9.21034035975083,False,False
q_learning,100,21,Horstmann,138.62943611198918,-138.62943611198918,281.25887222397836,286.46921259595456,138.62943611198907,-1.1368683772161603e-13,True,2,0,2,True,CONVERGENCE: NORM OF PROJECTED GRADIENT <= PGTOL,3,0,2,0.0,0.0,,,,True,0.0,0.0,True,True
pvl_delta,100,22,Horstmann,122.89015979709507,-122.89015979709507,253.78031959419013,264.2010003381425,138.62943611198907,15.739276314894,False,1,0,1,True,CONVERGENCE: RELATIVE REDUCTION OF F <= FACTR*EPSMCH,95,17,32,0.508011317225281,,0.8401227838200955,1e-06,0.9806853160737431,True,0.0,0.0,True,True
q_learning,100,22,Horstmann,137.41039914481695,-137.41039914481695,278.8207982896339,284.0311386616101,138.62943611198907,1.2190369671721157,False,0,1,1,True,CONVERGENCE: NORM OF PROJECTED GRADIENT <= PGTOL,15,3,2,1.0,0.09363012659031682,,,,True,25.040478695443767,19.830138323467622,False,False
pvl_delta,100,23,Horstmann,117.88270170048392,-117.88270170048392,243.76540340096784,254.18608414492022,138.62943611198907,20.746734411505145,False,2,0,2,True,CONVERGENCE: NORM OF PROJECTED GRADIENT <= PGTOL,150,19,32,0.44502972738808316,,1e-06,1e-06,1.0000958204728534,True,0.0,0.0,True,True
q_learning,100,23,Horstmann,137.90331536757193,-137.90331536757193,279.80663073514387,285.01697110712007,138.62943611198907,0.7261207444171305,False,0,1,1,True,CONVERGENCE: RELATIVE REDUCTION OF F <= FACTR*EPSMCH,18,4,4,1.0,0.07540348871614402,,,,True,36.04122733417603,30.830886962199855,False,False
pvl_delta,100,24,Horstmann,133.64734623543666,-133.64734623543666,275.2946924708733,285.71537321482566,138.62943611198907,4.982089876552408,False,0,1,1,True,CONVERGENCE: RELATIVE REDUCTION OF F <= FACTR*EPSMCH,140,19,32,0.999999,,0.20859348740182376,0.08230586829731712,0.5157392683068285,True,0.0,1.1659229491384053,True,False
q_learning,100,24,Horstmann,137.66955494685553,-137.66955494685553,279.33910989371105,284.54945026568726,138.62943611198907,0.9598811651335382,False,0,1,1,True,CONVERGENCE: NORM OF PROJECTED GRADIENT <= PGTOL,18,4,10,1.0,0.08173454024865982,,,,True,4.044417422837739,0.0,False,True
pvl_delta,100,25,Horstmann,98.85264104728387,-98.85264104728387,205.70528209456774,216.1259628385201,138.62943611198907,39.7767950647052,False,0,1,1,True,CONVERGENCE: RELATIVE REDUCTION OF F <= FACTR*EPSMCH,570,80,32,0.0016853840262444713,,1.3251234258388827,0.4935709486022606,5.0,True,0.0,1.623829440705066,True,False
q_learning,100,25,Horstmann,102.64589651291944,-102.64589651291944,209.29179302583887,214.50213339781504,138.62943611198907,35.98353959906963,False,0,1,1,True,CONVERGENCE: RELATIVE REDUCTION OF F <= FACTR*EPSMCH,147,32,9,0.002565209332368036,100.0,,,,True,3.5865109312711354,0.0,False,True
pvl_delta,100,26,Horstmann,103.55761453725154,-103.55761453725154,215.11522907450308,225.53590981845545,138.62943611198907,35.07182157473753,False,0,0,0,True,CONVERGENCE: RELATIVE REDUCTION OF F <= FACTR*EPSMCH,145,20,32,0.16034314483241738,,0.7845384301726314,0.6518717771919061,1.360308804552941,True,0.0,2.2240144806727074,True,False
q_learning,100,26,Horstmann,107.05077748290329,-107.05077748290329,218.10155496580657,223.31189533778274,138.62943611198907,31.57865862908578,False,0,0,0,True,CONVERGENCE: RELATIVE REDUCTION OF F <= FACTR*EPSMCH,51,14,10,0.12401150075968734,2.2962280573605174,,,,True,2.986325891303494,0.0,False,True
pvl_delta,100,27,Horstmann,138.6294361118124,-138.6294361118124,285.2588722236248,295.67955296757714,138.62943611198907,1.766693458193913e-10,True,3,0,3,True,CONVERGENCE: RELATIVE REDUCTION OF F <= FACTR*EPSMCH,20,2,32,1e-06,,1e-06,1e-06,3.5338971339117232e-06,True,3.999999999646434,9.210340371622578,False,False
q_learning,100,27,Horstmann,138.62943611198918,-138.62943611198918,281.25887222397836,286.46921259595456,138.62943611198907,-1.1368683772161603e-13,True,2,0,2,True,CONVERGENCE: NORM OF PROJECTED GRADIENT <= PGTOL,3,0,2,0.0,0.0,,,,True,0.0,0.0,True,True
pvl_delta,100,28,Horstmann,107.40115526586034,-107.40115526586034,222.80231053172068,233.22299127567305,138.62943611198907,31.228280846128726,False,1,0,1,True,CONVERGENCE: RELATIVE REDUCTION OF F <= FACTR*EPSMCH,525,67,32,0.01362768665376243,,1e-06,0.7664718692103857,2.149522024561042,True,0.0,0.0,True,True
q_learning,100,28,Horstmann,121.1167017356068,-121.1167017356068,246.2334034712136,251.44374384318976,138.62943611198907,17.51273437638227,False,0,1,1,True,CONVERGENCE: RELATIVE REDUCTION OF F <= FACTR*EPSMCH,45,5,10,0.0013979513506353544,99.99999999998228,,,,True,23.431092939492913,18.220752567516712,False,False
pvl_delta,100,29,Horstmann,138.6294359286406,-138.6294359286406,285.2588718572812,295.6795526012335,138.62943611198907,1.8334847595724568e-07,False,3,0,3,True,CONVERGENCE: RELATIVE REDUCTION OF F <= FACTR*EPSMCH,45,2,32,1e-06,,1e-06,1e-06,0.0012634613536524652,True,3.9999996333028207,9.210340005278965,False,False
q_learning,100,29,Horstmann,138.62943611198918,-138.62943611198918,281.25887222397836,286.46921259595456,138.62943611198907,-1.1368683772161603e-13,True,2,0,2,True,CONVERGENCE: NORM OF PROJECTED GRADIENT <= PGTOL,3,0,2,0.0,0.0,,,,True,0.0,0.0,True,True
pvl_delta,100,30,Horstmann,122.90705277246792,-122.90705277246792,253.81410554493584,264.2347862888882,138.62943611198907,15.722383339521144,False,0,0,0,True,CONVERGENCE: RELATIVE REDUCTION OF F <= FACTR*EPSMCH,430,42,32,0.18523477238939592,,0.01838999611449945,2.436791726855782,0.8125997673166623,True,0.0,0.0,True,True
q_learning,100,30,Horstmann,136.53697486692272,-136.53697486692272,277.07394973384544,282.28429010582164,138.62943611198907,2.092461245066346,False,0,1,1,True,CONVERGENCE: NORM OF PROJECTED GRADIENT <= PGTOL,21,4,2,1.0,0.14732688796007684,,,,True,23.259844188909597,18.049503816933452,False,False
pvl_delta,100,31,Horstmann,116.95737268771349,-116.95737268771349,241.91474537542697,252.33542611937935,138.62943611198907,21.672063424275578,False,0,1,1,True,CONVERGENCE: RELATIVE REDUCTION OF F <= FACTR*EPSMCH,340,33,32,0.0007149431998987488,,0.7334322950490015,1.5746708496482313,5.0,True,0.0,0.37519130098502274,True,False
q_learning,100,31,Horstmann,121.37494722320908,-121.37494722320908,246.74989444641815,251.96023481839433,138.62943611198907,17.25448888877999,False,0,1,1,True,CONVERGENCE: RELATIVE REDUCTION OF F <= FACTR*EPSMCH,141,28,8,0.0017004259701635825,100.0,,,,True,4.835149070991179,0.0,False,True
pvl_delta,100,32,Horstmann,131.96209655080497,-131.96209655080497,271.92419310160994,282.3448738455623,138.62943611198907,6.667339561184093,False,1,0,1,True,CONVERGENCE: RELATIVE REDUCTION OF F <= FACTR*EPSMCH,115,15,32,0.9029909084721263,,1e-06,0.03408423675255544,0.5930407388066365,True,0.0,0.4021032202605852,True,False
q_learning,100,32,Horstmann,136.36621512666275,-136.36621512666275,276.7324302533255,281.9427706253017,138.62943611198907,2.2632209853263134,False,0,1,1,True,CONVERGENCE: NORM OF PROJECTED GRADIENT <= PGTOL,75,15,10,1.0,0.11221514827637111,,,,True,4.808237151715559,0.0,False,True
pvl_delta,100,33,Horstmann,64.26654492890515,-64.26654492890515,136.5330898578103,146.95377060176267,138.62943611198907,74.36289118308392,False,0,0,0,True,CONVERGENCE: NORM OF PROJECTED GRADIENT <= PGTOL,80,13,32,0.8154711982219297,,0.24827519830956904,0.2627053566354928,1.4146916237510738,True,0.0,0.0,True,True
q_learning,100,33,Horstmann,107.97952904914877,-107.97952904914877,219.95905809829753,225.1693984702737,138.62943611198907,30.6499070628403,False,0,1,1,True,CONVERGENCE: NORM OF PROJECTED GRADIENT <= PGTOL,24,6,8,1.0,0.5991766136108798,,,,True,83.42596824048724,78.21562786851104,False,False
pvl_delta,100,34,Horstmann,104.74701598572071,-104.74701598572071,217.49403197144142,227.9147127153938,138.62943611198907,33.88242012626836,False,1,0,1,True,CONVERGENCE: RELATIVE REDUCTION OF F <= FACTR*EPSMCH,135,22,32,0.7713705426997369,,0.46349927493045556,1e-06,1.1292174932990575,True,0.0,0.0,True,True
q_learning,100,34,Horstmann,135.6574718413813,-135.6574718413813,275.3149436827626,280.5252840547388,138.62943611198907,2.9719642706077707,False,0,1,1,True,CONVERGENCE: RELATIVE REDUCTION OF F <= FACTR*EPSMCH,21,4,2,1.0,0.1584163744673963,,,,True,57.82091171132117,52.610571339345,False,False
pvl_delta,100,35,Horstmann,138.62943611198918,-138.62943611198918,285.25887222397836,295.6795529679307,138.62943611198907,-1.1368683772161603e-13,True,4,0,4,True,CONVERGENCE: NORM OF PROJECTED GRADIENT <= PGTOL,10,1,32,1e-06,,1e-06,1e-06,0.0,True,4.0,9.210340371976145,False,False
q_learning,100,35,Horstmann,138.62943611198918,-138.62943611198918,281.25887222397836,286.46921259595456,138.62943611198907,-1.1368683772161603e-13,True,2,0,2,True,CONVERGENCE: NORM OF PROJECTED GRADIENT <= PGTOL,3,0,2,0.0,0.0,,,,True,0.0,0.0,True,True
pvl_delta,100,36,Horstmann,122.26459997493966,-122.26459997493966,252.5291999498793,262.9498806938317,138.62943611198907,16.36483613704941,False,1,0,1,True,CONVERGENCE: RELATIVE REDUCTION OF F <= FACTR*EPSMCH,80,12,32,0.40191833831700935,,0.47081989516557043,1e-06,1.0174844912058683,True,0.0,0.0,True,True
q_learning,100,36,Horstmann,138.62943611198918,-138.62943611198918,281.25887222397836,286.46921259595456,138.62943611198907,-1.1368683772161603e-13,True,2,0,2,True,CONVERGENCE: NORM OF PROJECTED GRADIENT <= PGTOL,3,0,2,0.0,0.0,,,,True,28.729672274099045,23.51933190212287,False,False
pvl_delta,100,37,Horstmann,133.1432960434305,-133.1432960434305,274.286592086861,284.70727283081334,138.62943611198907,5.486140068558569,False,0,0,0,True,CONVERGENCE: RELATIVE REDUCTION OF F <= FACTR*EPSMCH,385,42,32,0.03411023492154465,,1.3054083395559153,0.25990635054630273,1.8150929862483833,True,0.0,0.0,True,True
q_learning,100,37,Horstmann,138.1359019146853,-138.1359019146853,280.2718038293706,285.4821442013468,138.62943611198907,0.4935341973037737,False,0,0,0,True,CONVERGENCE: NORM OF PROJECTED GRADIENT <= PGTOL,15,2,10,0.000300624430142178,85.000000000018,,,,True,5.985211742509591,0.7748713705334467,False,False
pvl_delta,100,38,Horstmann,78.1782565341141,-78.1782565341141,164.3565130682282,174.77719381218057,138.62943611198907,60.45117957787497,False,1,0,1,True,CONVERGENCE: NORM OF PROJECTED GRADIENT <= PGTOL,495,72,32,0.183818260839248,,0.5765571686498818,1e-06,1.5545666856259104,True,0.0,0.0,True,True
q_learning,100,38,Horstmann,137.31327440229657,-137.31327440229657,278.62654880459314,283.83688917656934,138.62943611198907,1.3161617096924942,False,0,0,0,True,CONVERGENCE: RELATIVE REDUCTION OF F <= FACTR*EPSMCH,27,7,2,0.9836250459106031,0.08414468773094927,,,,True,114.27003573636495,109.05969536438877,False,False
pvl_delta,100,39,Horstmann,110.65778065763814,-110.65778065763814,229.31556131527628,239.73624205922866,138.62943611198907,27.971655454350923,False,1,0,1,True,CONVERGENCE: RELATIVE REDUCTION OF F <= FACTR*EPSMCH,105,16,32,0.6844399848163708,,0.6904685549665363,1e-06,1.1222912282967683,True,0.0,0.0,True,True
q_learning,100,39,Horstmann,136.22130969640284,-136.22130969640284,276.4426193928057,281.6529597647819,138.62943611198907,2.4081264155862243,False,0,1,1,True,CONVERGENCE: RELATIVE REDUCTION OF F <= FACTR*EPSMCH,21,4,2,1.0,0.1416766980551393,,,,True,47.1270580775294,41.916717705553225,False,False
pvl_delta,100,40,Horstmann,109.90923839008018,-109.90923839008018,227.81847678016035,238.23915752411273,138.62943611198907,28.72019772190889,False,0,1,1,True,CONVERGENCE: RELATIVE REDUCTION OF F <= FACTR*EPSMCH,345,42,32,0.0008818645259775977,,0.1517377955109582,5.253741279487587,4.999999993478754,True,0.0,0.0,True,True
q_learning,100,40,Horstmann,133.64581176580944,-133.64581176580944,271.2916235316189,276.5019639035951,138.62943611198907,4.983624346179624,False,0,0,0,True,CONVERGENCE: NORM OF PROJECTED GRADIENT <= PGTOL,69,18,10,0.028210352959225346,4.063120750698847,,,,True,43.47314675145853,38.262806379482356,False,False
pvl_delta,100,41,Horstmann,120.01890492742513,-120.01890492742513,248.03780985485025,258.4584905988026,138.62943611198907,18.61053118456394,False,0,0,0,True,CONVERGENCE: RELATIVE REDUCTION OF F <= FACTR*EPSMCH,360,52,32,0.00981289676918444,,0.8854462725620483,1.0382686765441742,2.6887399020392264,True,2.191939836692427,7.4022802086686,False,False
q_learning,100,41,Horstmann,120.92293500907891,-120.92293500907891,245.84587001815783,251.056210390134,138.62943611198907,17.706501102910153,False,0,1,1,True,CONVERGENCE: RELATIVE REDUCTION OF F <= FACTR*EPSMCH,234,56,10,0.0013682964422366008,100.0,,,,True,0.0,0.0,True,True
pvl_delta,100,42,Horstmann,136.70547413924393,-136.70547413924393,281.41094827848787,291.8316290224402,138.62943611198907,1.9239619727451327,False,0,1,1,True,CONVERGENCE: RELATIVE REDUCTION OF F <= FACTR*EPSMCH,200,26,32,0.999999,,1.246340549465981,0.4578889902907907,0.09651260551153529,True,3.5395574976502644,8.749897869626409,False,False
q_learning,100,42,Horstmann,136.9356953904188,-136.9356953904188,277.8713907808376,283.0817311528138,138.62943611198907,1.693740721570265,False,0,1,1,True,CONVERGENCE: NORM OF PROJECTED GRADIENT <= PGTOL,18,4,2,1.0,0.08740276072136713,,,,True,0.0,0.0,True,True
pvl_delta,100,43,Horstmann,121.81828983754305,-121.81828983754305,251.6365796750861,262.05726041903847,138.62943611198907,16.811146274446017,False,0,1,1,True,CONVERGENCE: RELATIVE REDUCTION OF F <= FACTR*EPSMCH,590,73,32,0.999999,,0.4042524922997365,0.06622645275257986,0.8088473976150887,True,0.0,0.0,True,True
q_learning,100,43,Horstmann,134.00272090302113,-134.00272090302113,272.00544180604226,277.21578217801846,138.62943611198907,4.626715208967937,False,0,0,0,True,CONVERGENCE: NORM OF PROJECTED GRADIENT <= PGTOL,21,5,10,0.9753881540232472,0.21823338221253552,,,,True,20.36886213095616,15.158521758979987,False,False
pvl_delta,100,44,Horstmann,87.27221799298655,-87.27221799298655,182.5444359859731,192.96511672992548,138.62943611198907,51.35721811900251,False,0,0,0,True,CONVERGENCE: RELATIVE REDUCTION OF F <= FACTR*EPSMCH,210,27,32,0.024016534042375488,,1.0763761227610529,0.38783584633470447,3.120930089245521,True,0.0,0.0,True,True
q_learning,100,44,Horstmann,118.89090904928209,-118.89090904928209,241.78181809856417,246.99215847054035,138.62943611198907,19.73852706270698,False,0,1,1,True,CONVERGENCE: RELATIVE REDUCTION OF F <= FACTR*EPSMCH,189,35,9,0.001293430880650159,100.0,,,,True,59.237382112591064,54.02704174061486,False,False
pvl_delta,100,45,Horstmann,120.13588860764618,-120.13588860764618,248.27177721529236,258.69245795924473,138.62943611198907,18.493547504342885,False,0,0,0,True,CONVERGENCE: RELATIVE REDUCTION OF F <= FACTR*EPSMCH,555,69,32,0.07894106549257919,,0.9106024133214335,0.25068738691236536,1.4811765911264927,True,0.0,0.0,True,True
q_learning,100,45,Horstmann,137.8461683499034,-137.8461683499034,279.6923366998068,284.902677071783,138.62943611198907,0.7832677620856714,False,0,1,1,True,CONVERGENCE: RELATIVE REDUCTION OF F <= FACTR*EPSMCH,30,7,2,1.0,0.07029008113802171,,,,True,31.420559484514428,26.210219112538255,False,False
pvl_delta,100,46,Horstmann,59.46315560801121,-59.46315560801121,126.92631121602243,137.3469919599748,138.62943611198907,79.16628050397784,False,0,0,0,True,CONVERGENCE: RELATIVE REDUCTION OF F <= FACTR*EPSMCH,125,16,32,0.8731402198247177,,0.48096526145997265,0.09793528711273608,1.5117687440454204,True,0.0,0.0,True,True
q_learning,100,46,Horstmann,83.94122765623992,-83.94122765623992,171.88245531247983,177.092795684456,138.62943611198907,54.68820845574915,False,0,1,1,True,CONVERGENCE: RELATIVE REDUCTION OF F <= FACTR*EPSMCH,177,24,7,0.0028975839564445187,100.0,,,,True,44.95614409645741,39.74580372448122,False,False
pvl_delta,100,47,Horstmann,129.61943099162332,-129.61943099162332,267.23886198324664,277.659542727199,138.62943611198907,9.010005120365747,False,2,0,2,True,CONVERGENCE: RELATIVE REDUCTION OF F <= FACTR*EPSMCH,105,15,32,0.2506638210104523,,1e-06,1e-06,0.8638254381809548,True,0.0,0.0,True,True
q_learning,100,47,Horstmann,137.40465456602234,-137.40465456602234,278.8093091320447,284.0196495040209,138.62943611198907,1.2247815459667208,False,0,0,0,True,CONVERGENCE: NORM OF PROJECTED GRADIENT <= PGTOL,48,13,10,0.10242772938052958,0.5429434741623704,,,,True,11.570447148798053,6.360106776821908,False,False
pvl_delta,100,48,Horstmann,112.08347946981479,-112.08347946981479,232.16695893962958,242.58763968358195,138.62943611198907,26.545956642174275,False,0,0,0,True,CONVERGENCE: RELATIVE REDUCTION OF F <= FACTR*EPSMCH,595,80,32,0.03966581894390112,,0.24046833917145363,3.017403902787713,1.7460254011458176,True,0.0,0.0,True,True
q_learning,100,48,Horstmann,126.18801032954653,-126.18801032954653,256.37602065909306,261.58636103106926,138.62943611198907,12.441425782442536,False,0,0,0,True,CONVERGENCE: NORM OF PROJECTED GRADIENT <= PGTOL,117,26,10,0.33271818604449993,0.6832362928340165,,,,True,24.209061719463477,18.998721347487304,False,False
pvl_delta,100,49,Horstmann,128.64694538983338,-128.64694538983338,265.29389077966675,275.7145715236191,138.62943611198907,9.982490722155688,False,1,0,1,True,CONVERGENCE: RELATIVE REDUCTION OF F <= FACTR*EPSMCH,135,22,32,0.3580671062577612,,0.03514987761414232,1e-06,0.9240733717786019,True,0.0,0.0,True,True
q_learning,100,49,Horstmann,137.93791625223867,-137.93791625223867,279.87583250447733,285.08617287645353,138.62943611198907,0.6915198597504002,False,0,1,1,True,CONVERGENCE: RELATIVE REDUCTION OF F <= FACTR*EPSMCH,87,16,10,1.0,0.07459582698581674,,,,True,14.581941724810576,9.371601352834432,False,False
pvl_delta,100,50,Horstmann,89.18293715679914,-89.18293715679914,186.36587431359828,196.78655505755066,138.62943611198907,49.446498955189924,False,0,2,2,True,CONVERGENCE: RELATIVE REDUCTION OF F <= FACTR*EPSMCH,200,21,32,0.999999,,2.0,0.00024161054556042056,1.187006486542898,True,0.0,0.0,True,True
q_learning,100,50,Horstmann,130.10379046440434,-130.10379046440434,264.2075809288087,269.4179213007849,138.62943611198907,8.525645647584724,False,0,1,1,True,CONVERGENCE: RELATIVE REDUCTION OF F <= FACTR*EPSMCH,18,4,2,1.0,0.21220270470570668,,,,True,77.8417066152104,72.63136624323423,False,False
pvl_delta,100,51,Horstmann,138.62943610013068,-138.62943610013068,285.25887220026135,295.6795529442137,138.62943611198907,1.1858389825647464e-08,False,3,0,3,True,CONVERGENCE: RELATIVE REDUCTION OF F <= FACTR*EPSMCH,35,2,32,1e-06,,1e-06,1e-06,6.502248559128597e-05,True,7.733343571996841,12.943683943972985,False,False
q_learning,100,51,Horstmann,136.76276431413226,-136.76276431413226,277.5255286282645,282.7358690002407,138.62943611198907,1.8666717978568101,False,0,0,0,True,CONVERGENCE: RELATIVE REDUCTION OF F <= FACTR*EPSMCH,24,6,3,0.34385155543721285,0.33198787005859254,,,,True,0.0,0.0,True,True
pvl_delta,100,52,Horstmann,94.43631958189201,-94.43631958189201,196.87263916378402,207.2933199077364,138.62943611198907,44.19311653009706,False,1,0,1,True,CONVERGENCE: NORM OF PROJECTED GRADIENT <= PGTOL,120,19,32,0.7246741901294649,,0.3780591026032802,1e-06,1.3194445205387693,True,0.0,0.0,True,True
q_learning,100,52,Horstmann,130.1300509999155,-130.1300509999155,264.260101999831,269.4704423718072,138.62943611198907,8.499385112073554,False,0,1,1,True,CONVERGENCE: RELATIVE REDUCTION OF F <= FACTR*EPSMCH,24,6,2,1.0,0.22576872785145222,,,,True,67.387462836047,62.177122464070834,False,False
pvl_delta,100,53,Horstmann,123.06032620806688,-123.06032620806688,254.12065241613377,264.54133316008614,138.62943611198907,15.569109903922183,False,1,1,2,True,CONVERGENCE: RELATIVE REDUCTION OF F <= FACTR*EPSMCH,530,62,32,0.9644145325312458,,2.0,1e-06,0.8213345223333166,True,0.0,0.0,True,True
q_learning,100,53,Horstmann,138.62943611198918,-138.62943611198918,281.25887222397836,286.46921259595456,138.62943611198907,-1.1368683772161603e-13,True,2,0,2,True,CONVERGENCE: NORM OF PROJECTED GRADIENT <= PGTOL,3,0,2,0.0,0.0,,,,True,27.138219807844592,21.92787943586842,False,False
pvl_delta,100,54,Horstmann,79.27747880509597,-79.27747880509597,166.55495761019193,176.9756383541443,138.62943611198907,59.3519573068931,False,2,0,2,True,CONVERGENCE: RELATIVE REDUCTION OF F <= FACTR*EPSMCH,110,15,32,0.3411915990711896,,1e-06,1e-06,1.3780934159253968,True,0.0,0.0,True,True
q_learning,100,54,Horstmann,123.47187055788527,-123.47187055788527,250.94374111577054,256.15408148774674,138.62943611198907,15.157565554103797,False,0,1,1,True,CONVERGENCE: RELATIVE REDUCTION OF F <= FACTR*EPSMCH,54,12,9,1.0,0.39960566930273,,,,True,84.3887835055786,79.17844313360243,False,False
pvl_delta,100,55,Horstmann,98.51970493697617,-98.51970493697617,205.03940987395234,215.4600906179047,138.62943611198907,40.1097311750129,False,1,0,1,True,CONVERGENCE: NORM OF PROJECTED GRADIENT <= PGTOL,100,15,32,0.9711825914688114,,1e-06,0.9242372574513956,0.8097148325492894,True,0.0,0.0,True,True
q_learning,100,55,Horstmann,121.97006791802174,-121.97006791802174,247.94013583604348,253.15047620801965,138.62943611198907,16.659368193967325,False,0,1,1,True,CONVERGENCE: RELATIVE REDUCTION OF F <= FACTR*EPSMCH,30,7,9,1.0,0.3939048628903793,,,,True,42.900725962091144,37.69038559011494,False,False
pvl_delta,100,56,Horstmann,128.255714083006,-128.255714083006,264.511428166012,274.93210890996437,138.62943611198907,10.373722028983053,False,2,0,2,True,CONVERGENCE: RELATIVE REDUCTION OF F <= FACTR*EPSMCH,105,16,32,0.7511951143336397,,1e-06,1e-06,0.7804258479866735,True,0.0,2.4326762383461187,True,False
q_learning,100,56,Horstmann,131.64454614982102,-131.64454614982102,267.28909229964205,272.49943267161825,138.62943611198907,6.98488996216804,False,0,0,0,True,CONVERGENCE: RELATIVE REDUCTION OF F <= FACTR*EPSMCH,102,28,10,0.010173298848537978,11.854084240626042,,,,True,2.777664133630026,0.0,False,True
pvl_delta,100,57,Horstmann,127.82241667824445,-127.82241667824445,263.6448333564889,274.06551410044125,138.62943611198907,10.807019433744614,False,1,1,2,True,CONVERGENCE: RELATIVE REDUCTION OF F <= FACTR*EPSMCH,390,48,32,0.999999,,0.73216728503209,1e-06,0.7481379134661708,True,0.0,0.0,True,True
q_learning,100,57,Horstmann,136.93681570748214,-136.93681570748214,277.8736314149643,283.0839717869405,138.62943611198907,1.6926204045069255,False,0,1,1,True,CONVERGENCE: NORM OF PROJECTED GRADIENT <= PGTOL,15,2,10,1.0,0.10872338405896036,,,,True,14.228798058475377,9.018457686499232,False,False
pvl_delta,100,58,Horstmann,104.13952989492297,-104.13952989492297,216.27905978984595,226.69974053379832,138.62943611198907,34.48990621706609,False,1,0,1,True,CONVERGENCE: NORM OF PROJECTED GRADIENT <= PGTOL,135,20,32,0.8499340961271882,,0.38829959101819195,1e-06,1.1078829584100518,True,0.0,0.0,True,True
q_learning,100,58,Horstmann,133.3451558947752,-133.3451558947752,270.6903117895504,275.9006521615266,138.62943611198907,5.284280217213876,False,0,0,0,True,CONVERGENCE: RELATIVE REDUCTION OF F <= FACTR*EPSMCH,30,5,4,0.8523832275323022,0.21524697502751625,,,,True,54.41125199970443,49.20091162772826,False,False
pvl_delta,100,59,Horstmann,115.01904771766691,-115.01904771766691,238.03809543533382,248.4587761792862,138.62943611198907,23.610388394322158,False,1,0,1,True,CONVERGENCE: RELATIVE REDUCTION OF F <= FACTR*EPSMCH,610,75,32,0.008415247940841098,,1e-06,4.031830327117407,2.5406762825095908,True,0.0,0.0,True,True
q_learning,100,59,Horstmann,134.74130112329632,-134.74130112329632,273.48260224659265,278.69294261856885,138.62943611198907,3.888134988692741,False,0,0,0,True,CONVERGENCE: NORM OF PROJECTED GRADIENT <= PGTOL,63,12,10,0.2683733153174322,0.4376972069392851,,,,True,35.44450681125883,30.23416643928266,False,False
pvl_delta,100,60,Horstmann,112.3153013405092,-112.3153013405092,232.6306026810184,243.05128342497076,138.62943611198907,26.31413477147987,False,1,0,1,True,CONVERGENCE: RELATIVE REDUCTION OF F <= FACTR*EPSMCH,130,20,32,0.48832640011946465,,0.6454605741043884,1e-06,1.1218829007214361,True,0.0,0.0,True,True
q_learning,100,60,Horstmann,137.56799377573148,-137.56799377573148,279.13598755146296,284.34632792343916,138.62943611198907,1.0614423362575849,False,0,1,1,True,CONVERGENCE: NORM OF PROJECTED GRADIENT <= PGTOL,18,4,2,1.0,0.07507570140595331,,,,True,46.50538487044457,41.2950444984684,False,False
pvl_delta,100,61,Horstmann,108.81227439894491,-108.81227439894491,225.62454879788982,236.0452295418422,138.62943611198907,29.817161713044158,False,1,1,2,True,CONVERGENCE: RELATIVE REDUCTION OF F <= FACTR*EPSMCH,140,22,32,0.999999,,1e-06,4.016164257994319,0.3455449338045091,True,0.0,0.0,True,True
q_learning,100,61,Horstmann,122.35272108270725,-122.35272108270725,248.7054421654145,253.91578253739067,138.62943611198907,16.276715029281817,False,0,0,0,True,CONVERGENCE: RELATIVE REDUCTION OF F <= FACTR*EPSMCH,48,13,10,0.8815615701522513,0.44155388207583735,,,,True,23.08089336752468,17.87055299554848,False,False
pvl_delta,100,62,Horstmann,72.18901198064239,-72.18901198064239,152.37802396128478,162.79870470523716,138.62943611198907,66.44042413134667,False,0,0,0,True,CONVERGENCE: RELATIVE REDUCTION OF F <= FACTR*EPSMCH,230,29,32,0.03510352398025365,,0.0033883664870009537,7.223354047984536,2.1085106252443953,True,0.0,0.0,True,True
q_learning,100,62,Horstmann,83.16649725699419,-83.16649725699419,170.33299451398838,175.54333488596455,138.62943611198907,55.462938854994874,False,0,0,0,True,CONVERGENCE: RELATIVE REDUCTION OF F <= FACTR*EPSMCH,114,19,9,0.01324479432666895,27.08275695783447,,,,True,17.9549705527036,12.744630180727398,False,False
pvl_delta,100,63,Horstmann,135.21318083886504,-135.21318083886504,278.4263616777301,288.84704242168243,138.62943611198907,3.4162552731240226,False,0,1,1,True,CONVERGENCE: RELATIVE REDUCTION OF F <= FACTR*EPSMCH,225,23,32,0.999999,,0.622861146245272,0.3891916428999379,0.33393067991728426,True,0.5349091175111198,5.745249489487264,False,False
q_learning,100,63,Horstmann,136.94572628010948,-136.94572628010948,277.89145256021897,283.10179293219517,138.62943611198907,1.6837098318795825,False,0,1,1,True,CONVERGENCE: NORM OF PROJECTED GRADIENT <= PGTOL,15,3,2,1.0,0.09558464596866466,,,,True,0.0,0.0,True,True
pvl_delta,100,64,Horstmann,129.45699945091653,-129.45699945091653,266.91399890183305,277.3346796457854,138.62943611198907,9.172436661072538,False,1,1,2,True,CONVERGENCE: RELATIVE REDUCTION OF F <= FACTR*EPSMCH,165,26,32,0.9092128977877898,,1e-06,10.0,0.11619048847689399,True,25.566169438305963,30.776509810282136,False,False
q_learning,100,64,Horstmann,118.67391473176355,-118.67391473176355,241.3478294635271,246.55816983550326,138.62943611198907,19.95552138022552,False,0,1,1,True,CONVERGENCE: RELATIVE REDUCTION OF F <= FACTR*EPSMCH,120,29,8,0.0019992461159341014,100.0,,,,True,0.0,0.0,True,True
pvl_delta,100,65,Horstmann,125.38030097656889,-125.38030097656889,258.7606019531378,269.1812826970901,138.62943611198907,13.249135135420175,False,1,0,1,True,CONVERGENCE: RELATIVE REDUCTION OF F <= FACTR*EPSMCH,845,106,32,0.9170421601042114,,1.0832692214487696,1e-06,0.7694555654173981,True,0.0,0.0,True,True
q_learning,100,65,Horstmann,136.82133944019617,-136.82133944019617,277.64267888039234,282.85301925236854,138.62943611198907,1.808096671792896,False,0,1,1,True,CONVERGENCE: NORM OF PROJECTED GRADIENT <= PGTOL,15,2,2,1.0,0.10687244318514275,,,,True,18.88207692725456,13.671736555278414,False,False
pvl_delta,100,66,Horstmann,124.0970544269558,-124.0970544269558,256.1941088539116,266.61478959786393,138.62943611198907,14.532381685033272,False,1,1,2,True,CONVERGENCE: RELATIVE REDUCTION OF F <= FACTR*EPSMCH,120,19,32,0.999999,,1e-06,0.23904380027060348,0.6605861025599112,True,0.0,0.0,True,True
q_learning,100,66,Horstmann,136.80855907317894,-136.80855907317894,277.6171181463579,282.8274585183341,138.62943611198907,1.8208770388101243,False,0,1,1,True,CONVERGENCE: NORM OF PROJECTED GRADIENT <= PGTOL,18,3,10,1.0,0.1693710534997563,,,,True,21.423009292446295,16.21266892047015,False,False
pvl_delta,100,67,Horstmann,125.43141956282616,-125.43141956282616,258.86283912565233,269.2835198696047,138.62943611198907,13.198016549162901,False,0,0,0,True,CONVERGENCE: RELATIVE REDUCTION OF F <= FACTR*EPSMCH,170,20,32,0.13320783447037768,,0.3085271563158993,0.818740091110122,1.1039992677580088,True,0.0,0.0,True,True
q_learning,100,67,Horstmann,137.2808212095129,-137.2808212095129,278.5616424190258,283.771982791002,138.62943611198907,1.3486149024761573,False,0,1,1,True,CONVERGENCE: NORM OF PROJECTED GRADIENT <= PGTOL,57,10,8,1.0,0.09495331280932104,,,,True,19.698803293373487,14.488462921397343,False,False
pvl_delta,100,68,Horstmann,120.9928836956703,-120.9928836956703,249.9857673913406,260.406448135293,138.62943611198907,17.636552416318764,False,2,0,2,True,CONVERGENCE: RELATIVE REDUCTION OF F <= FACTR*EPSMCH,120,19,32,0.4170942742519955,,1e-06,1e-06,1.067044322169625,True,0.0,0.0,True,True
q_learning,100,68,Horstmann,135.7636390049525,-135.7636390049525,275.527278009905,280.7376183818812,138.62943611198907,2.8657971070365704,False,0,1,1,True,CONVERGENCE: NORM OF PROJECTED GRADIENT <= PGTOL,24,4,10,0.0006392417805724756,100.0,,,,True,25.541510618564388,20.331170246588215,False,False
pvl_delta,100,69,Horstmann,77.99029136350437,-77.99029136350437,163.98058272700874,174.4012634709611,138.62943611198907,60.639144748484696,False,1,1,2,True,CONVERGENCE: RELATIVE REDUCTION OF F <= FACTR*EPSMCH,290,24,32,0.0010523227196154341,,1e-06,1.7503506859404132,5.0,True,0.0,0.0,True,True
q_learning,100,69,Horstmann,86.31720972321692,-86.31720972321692,176.63441944643384,181.84475981841,138.62943611198907,52.312226388772146,False,0,1,1,True,CONVERGENCE: RELATIVE REDUCTION OF F <= FACTR*EPSMCH,117,25,8,0.003020252720626268,100.0,,,,True,12.653836719425101,7.4434963474488995,False,False
pvl_delta,100,70,Horstmann,106.87220847715895,-106.87220847715895,221.7444169543179,232.16509769827027,138.62943611198907,31.757227634830116,False,0,0,0,True,CONVERGENCE: RELATIVE REDUCTION OF F <= FACTR*EPSMCH,130,20,32,0.9992946773697674,,0.3022899669365237,0.16563532814580506,0.9383891198691554,True,0.0,0.0,True,True
q_learning,100,70,Horstmann,125.5288864845578,-125.5288864845578,255.0577729691156,260.2681133410918,138.62943611198907,13.100549627431263,False,0,1,1,True,CONVERGENCE: NORM OF PROJECTED GRADIENT <= PGTOL,42,10,10,1.0,0.3724707846024679,,,,True,33.313356014797705,28.103015642821532,False,False
pvl_delta,100,71,Horstmann,131.5686651637156,-131.5686651637156,271.1373303274312,281.55801107138353,138.62943611198907,7.060770948273472,False,0,1,1,True,CONVERGENCE: RELATIVE REDUCTION OF F <= FACTR*EPSMCH,180,26,32,0.999999,,0.5919112252253634,0.0014030982307674112,0.6279990435969098,True,0.0,0.0,True,True
q_learning,100,71,Horstmann,136.70736608317813,-136.70736608317813,277.41473216635626,282.62507253833246,138.62943611198907,1.9220700288109356,False,0,1,1,True,CONVERGENCE: NORM OF PROJECTED GRADIENT <= PGTOL,57,10,10,1.0,0.11064712632629126,,,,True,6.277401838925073,1.0670614669489282,False,False
pvl_delta,100,72,Horstmann,98.14286619662653,-98.14286619662653,204.28573239325306,214.70641313720543,138.62943611198907,40.48656991536254,False,0,0,0,True,CONVERGENCE: RELATIVE REDUCTION OF F <= FACTR*EPSMCH,365,49,32,0.015410603052914322,,0.5333971323530615,2.2349971746485244,2.929452448850084,True,0.0,1.9835914858863077,True,False
q_learning,100,72,Horstmann,101.75624063967147,-101.75624063967147,207.51248127934295,212.72282165131912,138.62943611198907,36.87319547231759,False,0,0,0,True,CONVERGENCE: RELATIVE REDUCTION OF F <= FACTR*EPSMCH,84,26,10,0.01876485377498636,19.43009016603945,,,,True,3.2267488860898936,0.0,False,True
pvl_delta,100,73,Horstmann,135.89140477355554,-135.89140477355554,279.78280954711107,290.2034902910634,138.62943611198907,2.7380313384335295,False,1,1,2,True,CONVERGENCE: RELATIVE REDUCTION OF F <= FACTR*EPSMCH,150,25,32,0.999999,,1e-06,1.240688776019476,0.23223102425448305,True,0.3928931676721845,5.603233539648329,False,False
q_learning,100,73,Horstmann,137.69495818971944,-137.69495818971944,279.3899163794389,284.6002567514151,138.62943611198907,0.9344779222696218,False,0,1,1,True,CONVERGENCE: RELATIVE REDUCTION OF F <= FACTR*EPSMCH,15,3,10,1.0,0.0854581737192224,,,,True,0.0,0.0,True,True
pvl_delta,100,74,Horstmann,70.79502729269302,-70.79502729269302,149.59005458538604,160.01073532933842,138.62943611198907,67.83440881929604,False,1,0,1,True,CONVERGENCE: NORM OF PROJECTED GRADIENT <= PGTOL,130,15,32,0.11371882706277012,,1e-06,1.4919117956119299,1.7538128971134959,True,0.0,0.0,True,True
q_learning,100,74,Horstmann,108.11848002990075,-108.11848002990075,220.2369600598015,225.44730043177768,138.62943611198907,30.510956082088313,False,0,0,0,True,CONVERGENCE: RELATIVE REDUCTION OF F <= FACTR*EPSMCH,156,39,10,0.00600441687478801,23.184876139678952,,,,True,70.64690547441546,65.43656510243926,False,False
pvl_delta,100,75,Horstmann,31.44805766274772,-31.44805766274772,70.89611532549543,81.3167960694478,138.62943611198907,107.18137844924135,False,2,0,2,True,CONVERGENCE: NORM OF PROJECTED GRADIENT <= PGTOL,65,10,32,0.9914912959075507,,1e-06,1e-06,1.7082116735997182,True,0.0,0.0,True,True
q_learning,100,75,Horstmann,97.67960074810509,-97.67960074810509,199.35920149621018,204.56954186818635,138.62943611198907,40.94983536388398,False,0,1,1,True,CONVERGENCE: NORM OF PROJECTED GRADIENT <= PGTOL,27,8,8,1.0,0.7298410088157633,,,,True,128.46308617071475,123.25274579873854,False,False
pvl_delta,100,76,Horstmann,124.18981463659054,-124.18981463659054,256.3796292731811,266.8003100171334,138.62943611198907,14.439621475398525,False,1,0,1,True,CONVERGENCE: RELATIVE REDUCTION OF F <= FACTR*EPSMCH,210,23,32,0.0009921735913713348,,1e-06,0.5289873409387098,3.8716351254852186,True,0.0,0.0,True,True
q_learning,100,76,Horstmann,138.62943611198918,-138.62943611198918,281.25887222397836,286.46921259595456,138.62943611198907,-1.1368683772161603e-13,True,2,0,2,True,CONVERGENCE: NORM OF PROJECTED GRADIENT <= PGTOL,3,0,2,0.0,0.0,,,,True,24.879242950797277,19.668902578821132,False,False
pvl_delta,100,77,Horstmann,108.25589520422166,-108.25589520422166,224.51179040844332,234.9324711523957,138.62943611198907,30.373540907767406,False,2,0,2,True,CONVERGENCE: NORM OF PROJECTED GRADIENT <= PGTOL,155,24,32,0.11509947247975255,,1e-06,1e-06,1.3359818765888958,True,0.0,0.0,True,True
q_learning,100,77,Horstmann,138.48076953540473,-138.48076953540473,280.96153907080947,286.17187944278567,138.62943611198907,0.1486665765843327,False,0,1,1,True,CONVERGENCE: NORM OF PROJECTED GRADIENT <= PGTOL,45,11,6,1.0,0.03212422984728752,,,,True,56.44974866236615,51.239408290389974,False,False
pvl_delta,100,78,Horstmann,67.87894733588708,-67.87894733588708,143.75789467177415,154.17857541572653,138.62943611198907,70.75048877610199,False,1,0,1,True,CONVERGENCE: NORM OF PROJECTED GRADIENT <= PGTOL,425,49,32,0.10675238280042412,,1e-06,1.2954712831689361,1.6545239633844417,True,0.0,0.0,True,True
q_learning,100,78,Horstmann,98.12366799662257,-98.12366799662257,200.24733599324514,205.45767636522132,138.62943611198907,40.50576811536649,False,0,0,0,True,CONVERGENCE: RELATIVE REDUCTION OF F <= FACTR*EPSMCH,48,8,10,0.03628688038850683,8.334474341035657,,,,True,56.48944132147099,51.27910094949479,False,False
pvl_delta,100,79,Horstmann,128.16011161168612,-128.16011161168612,264.32022322337224,274.7409039673246,138.62943611198907,10.469324500302946,False,0,1,1,True,CONVERGENCE: RELATIVE REDUCTION OF F <= FACTR*EPSMCH,115,19,32,0.999999,,0.15609741304238403,0.36674088349302697,0.5872061258261989,True,0.0,0.0,True,True
q_learning,100,79,Horstmann,133.08826313390537,-133.08826313390537,270.17652626781074,275.38686663978694,138.62943611198907,5.541172978083694,False,0,0,0,True,CONVERGENCE: NORM OF PROJECTED GRADIENT <= PGTOL,54,14,10,0.7355668706333376,0.22561472877214925,,,,True,5.856303044438505,0.6459626724623604,False,False
pvl_delta,100,80,Horstmann,134.37095671610348,-134.37095671610348,276.74191343220696,287.1625941761593,138.62943611198907,4.258479395885587,False,0,0,0,True,CONVERGENCE: RELATIVE REDUCTION OF F <= FACTR*EPSMCH,120,19,32,0.24530637482920542,,0.5003182357500123,0.47121400164468263,0.6858262963121867,True,0.0,2.151605905038764,True,False
q_learning,100,80,Horstmann,137.90032394957217,-137.90032394957217,279.80064789914434,285.01098827112054,138.62943611198907,0.7291121624168966,False,0,0,0,True,CONVERGENCE: RELATIVE REDUCTION OF F <= FACTR*EPSMCH,51,14,10,0.28516002194292533,0.21950892628139493,,,,True,3.0587344669373806,0.0,False,True
pvl_delta,100,81,Horstmann,104.10166318495637,-104.10166318495637,216.20332636991273,226.6240071138651,138.62943611198907,34.5277729270327,False,1,1,2,True,CONVERGENCE: NORM OF PROJECTED GRADIENT <= PGTOL,790,102,32,0.999999,,1e-06,0.04729613289374991,0.9933654384325271,True,0.0,0.0,True,True
q_learning,100,81,Horstmann,133.4431708660229,-133.4431708660229,270.8863417320458,276.096682104022,138.62943611198907,5.186265245966155,False,0,1,1,True,CONVERGENCE: RELATIVE REDUCTION OF F <= FACTR*EPSMCH,12,2,2,1.0,0.2475571031217916,,,,True,54.68301536213309,49.47267499015692,False,False
pvl_delta,100,82,Horstmann,113.85474102809621,-113.85474102809621,235.70948205619243,246.1301628001448,138.62943611198907,24.77469508389285,False,1,1,2,True,CONVERGENCE: NORM OF PROJECTED GRADIENT <= PGTOL,130,19,32,0.999999,,0.4138880375760189,1e-06,0.9639548614350879,True,0.0,0.0,True,True
q_learning,100,82,Horstmann,133.33212675574524,-133.33212675574524,270.6642535114905,275.8745938834667,138.62943611198907,5.297309356243829,False,0,1,1,True,CONVERGENCE: NORM OF PROJECTED GRADIENT <= PGTOL,21,5,10,1.0,0.1701067525735073,,,,True,34.954771455298044,29.74443108332187,False,False
pvl_delta,100,83,Horstmann,128.7561215413345,-128.7561215413345,265.512243082669,275.93292382662133,138.62943611198907,9.873314570654571,False,1,0,1,True,CONVERGENCE: RELATIVE REDUCTION OF F <= FACTR*EPSMCH,100,16,32,0.8171317576981205,,1e-06,2.279571735510844,0.36602414123198124,True,0.0,0.0,True,True
q_learning,100,83,Horstmann,135.0999552222113,-135.0999552222113,274.1999104444226,279.4102508163988,138.62943611198907,3.5294808897777727,False,0,0,0,True,CONVERGENCE: RELATIVE REDUCTION OF F <= FACTR*EPSMCH,30,6,10,0.1321830292199445,0.8390289082224832,,,,True,8.687667361753597,3.4773269897774526,False,False
pvl_delta,100,84,Horstmann,94.65203085429295,-94.65203085429295,197.3040617085859,207.72474245253827,138.62943611198907,43.97740525769612,False,0,0,0,True,CONVERGENCE: RELATIVE REDUCTION OF F <= FACTR*EPSMCH,380,46,32,0.02032644052844189,,0.6359248919799966,0.9083742920873984,2.661815899284628,True,0.0,0.0,True,True
q_learning,100,84,Horstmann,125.6910532785926,-125.6910532785926,255.3821065571852,260.5924469291614,138.62943611198907,12.93838283339646,False,0,0,0,True,CONVERGENCE: RELATIVE REDUCTION OF F <= FACTR*EPSMCH,93,23,10,0.049107057335665776,3.328560925336263,,,,True,58.07804484859932,52.86770447662312,False,False
pvl_delta,100,85,Horstmann,73.15734361648839,-73.15734361648839,154.31468723297678,164.73536797692915,138.62943611198907,65.47209249550068,False,1,0,1,True,CONVERGENCE: RELATIVE REDUCTION OF F <= FACTR*EPSMCH,515,69,32,0.1979870119677309,,0.3884174487003004,1e-06,1.474196141851331,True,0.0,0.0,True,True
q_learning,100,85,Horstmann,133.73857105001977,-133.73857105001977,271.47714210003954,276.68748247201574,138.62943611198907,4.8908650619692935,False,0,1,1,True,CONVERGENCE: RELATIVE REDUCTION OF F <= FACTR*EPSMCH,27,7,2,1.0,0.19050586222720658,,,,True,117.16245486706276,111.95211449508659,False,False
pvl_delta,100,86,Horstmann,116.50019921151724,-116.50019921151724,241.00039842303448,251.42107916698686,138.62943611198907,22.129236900471824,False,0,1,1,True,CONVERGENCE: RELATIVE REDUCTION OF F <= FACTR*EPSMCH,85,14,32,0.999999,,0.17188072358363016,0.033819628912918426,0.89386177134635,True,0.0,0.0,True,True
q_learning,100,86,Horstmann,132.5541714433379,-132.5541714433379,269.1083428866758,274.318683258652,138.62943611198907,6.075264668651158,False,0,1,1,True,CONVERGENCE: RELATIVE REDUCTION OF F <= FACTR*EPSMCH,18,4,2,1.0,0.18413221353583206,,,,True,28.10794446364133,22.89760409166516,False,False
pvl_delta,100,87,Horstmann,23.794082048748482,-23.794082048748482,55.588164097496964,66.00884484144933,138.62943611198907,114.83535406324059,False,0,0,0,True,CONVERGENCE: RELATIVE REDUCTION OF F <= FACTR*EPSMCH,170,21,32,0.15780762729705075,,1.5118008287848352,0.24097216925933634,2.9865543458852923,True,0.0,0.0,True,True
q_learning,100,87,Horstmann,32.54437378053888,-32.54437378053888,69.08874756107777,74.29908793305395,138.62943611198907,106.08506233145019,False,0,0,0,True,CONVERGENCE: RELATIVE REDUCTION OF F <= FACTR*EPSMCH,84,16,6,0.07151863877057306,18.499237660382036,,,,True,13.500583463580803,8.290243091604623,False,False
pvl_delta,100,88,Horstmann,100.11417331872356,-100.11417331872356,208.22834663744712,218.6490273813995,138.62943611198907,38.51526279326551,False,0,2,2,True,CONVERGENCE: RELATIVE REDUCTION OF F <= FACTR*EPSMCH,155,20,32,0.999999,,2.0,0.00039524670942146675,1.0738412157429615,True,0.0,0.0,True,True
q_learning,100,88,Horstmann,134.32096141155967,-134.32096141155967,272.64192282311933,277.85226319509553,138.62943611198907,4.3084747004294,False,0,1,1,True,CONVERGENCE: RELATIVE REDUCTION OF F <= FACTR*EPSMCH,24,5,2,1.0,0.13414620796864976,,,,True,64.41357618567221,59.20323581369604,False,False
pvl_delta,100,89,Horstmann,127.22646887776679,-127.22646887776679,262.4529377555336,272.87361849948593,138.62943611198907,11.402967234222274,False,0,1,1,True,CONVERGENCE: RELATIVE REDUCTION OF F <= FACTR*EPSMCH,480,68,32,0.00018132314588164148,,0.27505150419957436,10.0,4.420142752638776,True,0.0,1.0476920500958045,True,False
q_learning,100,89,Horstmann,131.30779303870696,-131.30779303870696,266.6155860774139,271.8259264493901,138.62943611198907,7.321643073282104,False,0,0,0,True,CONVERGENCE: RELATIVE REDUCTION OF F <= FACTR*EPSMCH,63,15,10,0.053384824404873174,2.156110730161697,,,,True,4.16264832188034,0.0,False,True
pvl_delta,100,90,Horstmann,110.3596172028383,-110.3596172028383,228.7192344056766,239.13991514962896,138.62943611198907,28.26981890915077,False,1,0,1,True,CONVERGENCE: RELATIVE REDUCTION OF F <= FACTR*EPSMCH,475,66,32,0.2515908164891733,,0.5820948551905838,1e-06,1.2353421091388324,True,0.0,0.0,True,True
q_learning,100,90,Horstmann,138.62943611198918,-138.62943611198918,281.25887222397836,286.46921259595456,138.62943611198907,-1.1368683772161603e-13,True,2,0,2,True,CONVERGENCE: NORM OF PROJECTED GRADIENT <= PGTOL,3,0,2,0.0,0.0,,,,True,52.53963781830177,47.3292974463256,False,False
pvl_delta,100,91,Horstmann,30.2035833171509,-30.2035833171509,68.4071666343018,78.82784737825418,138.62943611198907,108.42585279483816,False,0,1,1,True,CONVERGENCE: RELATIVE REDUCTION OF F <= FACTR*EPSMCH,350,36,32,0.0014780266796391084,,0.130564856016491,6.712874210972583,5.0,True,0.0,0.0,True,True
q_learning,100,91,Horstmann,39.06782752413788,-39.06782752413788,82.13565504827577,87.34599542025195,138.62943611198907,99.56160858785118,False,0,1,1,True,CONVERGENCE: RELATIVE REDUCTION OF F <= FACTR*EPSMCH,117,25,6,0.006572909115658456,100.0,,,,True,13.728488413973963,8.518148041997776,False,False
pvl_delta,100,92,Horstmann,129.97687620227032,-129.97687620227032,267.95375240454064,278.374433148493,138.62943611198907,8.652559909718747,False,1,2,3,True,CONVERGENCE: RELATIVE REDUCTION OF F <= FACTR*EPSMCH,150,24,32,0.999999,,2.0,1e-06,0.6425313579414723,True,0.0,0.0,True,True
q_learning,100,92,Horstmann,137.49726182818463,-137.49726182818463,278.99452365636927,284.20486402834547,138.62943611198907,1.1321742838044315,False,0,1,1,True,CONVERGENCE: RELATIVE REDUCTION OF F <= FACTR*EPSMCH,15,3,2,1.0,0.09391852737810204,,,,True,11.04077125182863,5.830430879852486,False,False
pvl_delta,100,93,Horstmann,134.43904471461715,-134.43904471461715,276.8780894292343,287.29877017318665,138.62943611198907,4.190391397371911,False,1,0,1,True,CONVERGENCE: RELATIVE REDUCTION OF F <= FACTR*EPSMCH,550,75,32,0.4601536767058135,,1e-06,0.0379077167125651,0.6444737298899987,True,0.0,4.892307505606425,True,False
q_learning,100,93,Horstmann,136.598061147802,-136.598061147802,277.196122295604,282.40646266758023,138.62943611198907,2.0313749641870515,False,0,0,0,True,CONVERGENCE: RELATIVE REDUCTION OF F <= FACTR*EPSMCH,33,9,10,0.13991376458094498,0.5908273199251722,,,,True,0.3180328663697196,0.0,False,True
pvl_delta,100,94,Horstmann,131.90927619576686,-131.90927619576686,271.81855239153373,282.2392331354861,138.62943611198907,6.720159916222201,False,0,1,1,True,CONVERGENCE: RELATIVE REDUCTION OF F <= FACTR*EPSMCH,185,19,32,8.47225109070498e-05,,0.5709809091503183,7.78939888977647,5.0,True,1.4642975069730255,6.67463787894917,False,False
q_learning,100,94,Horstmann,133.17712744228035,-133.17712744228035,270.3542548845607,275.5645952565369,138.62943611198907,5.452308669708714,False,0,1,1,True,CONVERGENCE: RELATIVE REDUCTION OF F <= FACTR*EPSMCH,243,59,9,0.000992100290138744,100.0,,,,True,0.0,0.0,True,True
pvl_delta,100,95,Horstmann,116.73313292692805,-116.73313292692805,241.4662658538561,251.88694659780847,138.62943611198907,21.896303185061015,False,2,0,2,True,CONVERGENCE: NORM OF PROJECTED GRADIENT <= PGTOL,510,64,32,0.41163010596621963,,1e-06,1e-06,1.1029770664601826,True,0.0,0.0,True,True
q_learning,100,95,Horstmann,135.9054873499933,-135.9054873499933,275.8109746999866,281.0213150719628,138.62943611198907,2.723948761995757,False,0,0,0,True,CONVERGENCE: NORM OF PROJECTED GRADIENT <= PGTOL,30,8,10,0.3482688385652208,0.3301661447276099,,,,True,34.344708846130516,29.134368474154343,False,False
pvl_delta,100,96,Horstmann,119.56806602675194,-119.56806602675194,247.13613205350387,257.55681279745625,138.62943611198907,19.06137008523713,False,0,0,0,True,CONVERGENCE: RELATIVE REDUCTION OF F <= FACTR*EPSMCH,225,23,32,0.012788948508554937,,0.4673831137788212,2.8540908659787183,2.5228185512888976,True,0.0,0.0,True,True
q_learning,100,96,Horstmann,131.15480313868414,-131.15480313868414,266.3096062773683,271.5199466493445,138.62943611198907,7.474632973304921,False,0,0,0,True,CONVERGENCE: NORM OF PROJECTED GRADIENT <= PGTOL,90,20,10,0.061081842835438216,2.7069324210779397,,,,True,19.173474223864417,13.963133851888244,False,False
pvl_delta,100,97,Horstmann,108.67836712297478,-108.67836712297478,225.35673424594955,235.77741498990193,138.62943611198907,29.95106898901429,False,1,0,1,True,CONVERGENCE: RELATIVE REDUCTION OF F <= FACTR*EPSMCH,515,65,32,0.55441863351717,,0.1709931329050966,1e-06,1.3130915119861146,True,0.0,0.0,True,True
q_learning,100,97,Horstmann,131.84530123447468,-131.84530123447468,267.69060246894935,272.90094284092555,138.62943611198907,6.78413487751439,False,0,1,1,True,CONVERGENCE: NORM OF PROJECTED GRADIENT <= PGTOL,117,26,10,1.0,0.20904272778839644,,,,True,42.3338682229998,37.123527851023624,False,False
pvl_delta,100,98,Horstmann,72.7459046755485,-72.7459046755485,153.491809351097,163.91249009504938,138.62943611198907,65.88353143644056,False,0,0,0,True,CONVERGENCE: RELATIVE REDUCTION OF F <= FACTR*EPSMCH,730,82,32,0.6221271964825509,,0.8200295424683638,0.0665477400562844,1.541106131766817,True,0.0,0.0,True,True
q_learning,100,98,Horstmann,119.81457621636238,-119.81457621636238,243.62915243272477,248.83949280470094,138.62943611198907,18.814859895626682,False,0,0,0,True,CONVERGENCE: RELATIVE REDUCTION OF F <= FACTR*EPSMCH,21,5,9,0.6858454159926148,0.48662657502072604,,,,True,90.13734308162776,84.92700270965156,False,False
pvl_delta,100,99,Horstmann,134.50019874395068,-134.50019874395068,277.00039748790135,287.4210782318537,138.62943611198907,4.129237368038389,False,1,0,1,True,CONVERGENCE: NORM OF PROJECTED GRADIENT <= PGTOL,130,20,32,0.3627779682768383,,0.37606271308301936,1e-06,0.6561395992375528,True,0.0,0.9518656358991393,True,False
q_learning,100,99,Horstmann,138.62943611198918,-138.62943611198918,281.25887222397836,286.46921259595456,138.62943611198907,-1.1368683772161603e-13,True,2,0,2,True,CONVERGENCE: NORM OF PROJECTED GRADIENT <= PGTOL,3,0,2,0.0,0.0,,,,True,4.258474736077005,0.0,False,True
pvl_delta,100,100,Horstmann,124.59758024272996,-124.59758024272996,257.19516048545995,267.6158412294123,138.62943611198907,14.031855869259104,False,1,0,1,True,CONVERGENCE: NORM OF PROJECTED GRADIENT <= PGTOL,95,15,32,0.8085417078982832,,1e-06,0.032802652488778394,0.777043835073869,True,0.0,0.0,True,True
q_learning,100,100,Horstmann,134.27803966408104,-134.27803966408104,272.55607932816207,277.7664197001383,138.62943611198907,4.35139644790803,False,0,0,0,True,CONVERGENCE: RELATIVE REDUCTION OF F <= FACTR*EPSMCH,39,11,10,0.43235679067120153,0.3510165737527104,,,,True,15.36091884270212,10.150578470725975,False,False
pvl_delta,100,101,Horstmann,111.35311157047553,-111.35311157047553,230.70622314095107,241.12690388490344,138.62943611198907,27.27632454151353,False,2,0,2,True,CONVERGENCE: NORM OF PROJECTED GRADIENT <= PGTOL,75,11,32,0.9650154054327885,,1e-06,1e-06,0.9271762803264825,True,0.0,0.0,True,True
q_learning,100,101,Horstmann,130.64997847583166,-130.64997847583166,265.2999569516633,270.5102973236395,138.62943611198907,7.979457636157406,False,0,1,1,True,CONVERGENCE: RELATIVE REDUCTION OF F <= FACTR*EPSMCH,234,49,9,0.0010203876174851505,100.0,,,,True,34.59373381071225,29.38339343873608,False,False
pvl_delta,100,102,Horstmann,21.10863983625968,-21.10863983625968,50.21727967251936,60.63796041647173,138.62943611198907,117.52079627572938,False,0,1,1,True,CONVERGENCE: NORM OF PROJECTED GRADIENT <= PGTOL,110,17,32,0.999999,,0.12375421285117694,0.8231786799817659,1.412321472343945,True,0.0,0.0,True,True
q_learning,100,102,Horstmann,40.58201259655184,-40.58201259655184,85.16402519310368,90.37436556507987,138.62943611198907,98.04742351543723,False,0,1,1,True,CONVERGENCE: RELATIVE REDUCTION OF F <= FACTR*EPSMCH,27,7,8,1.0,1.5305188844029007,,,,True,34.94674552058432,29.736405148608142,False,False
pvl_delta,100,103,Horstmann,60.295906023204445,-60.295906023204445,128.5918120464089,139.01249279036125,138.62943611198907,78.33353008878461,False,1,0,1,True,CONVERGENCE: NORM OF PROJECTED GRADIENT <= PGTOL,525,70,32,0.36485530416165957,,1.3886060457797726,1e-06,1.6035209327026443,True,0.0,0.0,True,True
q_learning,100,103,Horstmann,134.71949478814997,-134.71949478814997,273.43898957629995,278.64932994827615,138.62943611198907,3.9099413238390923,False,0,1,1,True,CONVERGENCE: RELATIVE REDUCTION OF F <= FACTR*EPSMCH,24,5,2,1.0,0.13762067784101023,,,,True,144.84717752989104,139.6368371579149,False,False
pvl_delta,100,104,Horstmann,102.79622463643241,-102.79622463643241,213.59244927286483,224.0131300168172,138.62943611198907,35.83321147555665,False,1,1,2,True,CONVERGENCE: NORM OF PROJECTED GRADIENT <= PGTOL,105,11,32,0.999999,,1e-06,0.36500870571359084,0.9145383548281594,True,0.0,0.0,True,True
q_learning,100,104,Horstmann,126.20537613347949,-126.20537613347949,256.410752266959,261.6210926389352,138.62943611198907,12.424059978509575,False,0,1,1,True,CONVERGENCE: NORM OF PROJECTED GRADIENT <= PGTOL,69,14,10,1.0,0.3579824953480651,,,,True,42.818302994094154,37.60796262211798,False,False
pvl_delta,100,105,Horstmann,109.02025148384826,-109.02025148384826,226.0405029676965,236.46118371164889,138.62943611198907,29.60918462814081,False,0,1,1,True,CONVERGENCE: NORM OF PROJECTED GRADIENT <= PGTOL,75,13,32,0.999999,,0.25693263020217516,0.2960735023480861,0.8741790627396459,True,0.0,0.0,True,True
q_learning,100,105,Horstmann,125.54021536471075,-125.54021536471075,255.0804307294215,260.2907711013977,138.62943611198907,13.089220747278318,False,0,1,1,True,CONVERGENCE: NORM OF PROJECTED GRADIENT <= PGTOL,21,4,10,1.0,0.3095558184021743,,,,True,29.039927761724982,23.82958738974881,False,False
pvl_delta,100,106,Horstmann,115.07226075835628,-115.07226075835628,238.14452151671256,248.56520226066493,138.62943611198907,23.557175353632786,False,1,0,1,True,CONVERGENCE: NORM OF PROJECTED GRADIENT <= PGTOL,80,14,32,0.619267127047585,,1e-06,0.12354733210122944,1.0032952594819167,True,0.0,0.0,True,True
q_learning,100,106,Horstmann,135.49966873688987,-135.49966873688987,274.99933747377975,280.20967784575595,138.62943611198907,3.129767375099192,False,0,1,1,True,CONVERGENCE: RELATIVE REDUCTION OF F <= FACTR*EPSMCH,27,7,2,1.0,0.18605862036910484,,,,True,36.85481595706719,31.644475585091016,False,False
pvl_delta,100,107,Horstmann,100.53243373143808,-100.53243373143808,209.06486746287615,219.48554820682853,138.62943611198907,38.09700238055099,False,2,1,3,True,CONVERGENCE: NORM OF PROJECTED GRADIENT <= PGTOL,115,17,32,0.999999,,1e-06,1e-06,1.0574112522614678,True,0.0,0.0,True,True
q_learning,100,107,Horstmann,127.32626427094405,-127.32626427094405,258.6525285418881,263.8628689138643,138.62943611198907,11.303171841045014,False,0,1,1,True,CONVERGENCE: RELATIVE REDUCTION OF F <= FACTR*EPSMCH,21,4,10,1.0,0.30364306987918277,,,,True,49.58766107901195,44.37732070703578,False,False
pvl_delta,100,108,Horstmann,132.24278610273043,-132.24278610273043,272.48557220546087,282.9062529494132,138.62943611198907,6.386650009258631,False,0,1,1,True,CONVERGENCE: RELATIVE REDUCTION OF F <= FACTR*EPSMCH,290,33,32,0.999999,,1.0341006926747982,0.08080603561338937,0.5182291063133784,True,0.0,3.8860286735070986,True,False
q_learning,100,108,Horstmann,134.90494195196496,-134.90494195196496,273.8098839039299,279.0202242759061,138.62943611198907,3.7244941600241077,False,0,1,1,True,CONVERGENCE: RELATIVE REDUCTION OF F <= FACTR*EPSMCH,114,27,10,1.0,0.125387313157929,,,,True,1.324311698469046,0.0,False,True
pvl_delta,100,109,Horstmann,98.85974801172306,-98.85974801172306,205.7194960234461,216.1401767673985,138.62943611198907,39.76968810026601,False,0,0,0,True,CONVERGENCE: RELATIVE REDUCTION OF F <= FACTR*EPSMCH,540,66,32,0.013227014867719775,,1.1914805874719303,0.40912982126694397,3.366918864129595,True,0.0,0.0,True,True
q_learning,100,109,Horstmann,104.73898523229519,-104.73898523229519,213.47797046459038,218.68831083656656,138.62943611198907,33.89045087969387,False,0,0,0,True,CONVERGENCE: NORM OF PROJECTED GRADIENT <= PGTOL,90,25,10,0.02545828937657667,11.088747800097408,,,,True,7.758474441144273,2.5481340691680714,False,False
pvl_delta,100,110,Horstmann,119.21183642642399,-119.21183642642399,246.42367285284797,256.8443535968003,138.62943611198907,19.41759968556508,False,1,1,2,True,CONVERGENCE: RELATIVE REDUCTION OF F <= FACTR*EPSMCH,250,27,32,0.00040731037916867083,,1e-06,1.9592259764721527,5.0,True,0.0,0.0,True,True
q_learning,100,110,Horstmann,126.49597039091324,-126.49597039091324,256.9919407818265,262.2022811538027,138.62943611198907,12.133465721075822,False,0,1,1,True,CONVERGENCE: RELATIVE REDUCTION OF F <= FACTR*EPSMCH,24,4,9,0.0013267916370504936,100.0,,,,True,10.568267928978514,5.35792755700237,False,False
pvl_delta,100,111,Horstmann,81.09668616951535,-81.09668616951535,170.1933723390307,180.61405308298308,138.62943611198907,57.532749942473714,False,0,1,1,True,CONVERGENCE: RELATIVE REDUCTION OF F <= FACTR*EPSMCH,520,67,32,0.999999,,0.33909101751977505,0.04252062644715913,1.2776419726187442,True,0.0,0.0,True,True
q_learning,100,111,Horstmann,122.09015227804548,-122.09015227804548,248.18030455609096,253.39064492806713,138.62943611198907,16.539283833943585,False,0,1,1,True,CONVERGENCE: NORM OF PROJECTED GRADIENT <= PGTOL,21,5,4,1.0,0.41395795940802405,,,,True,77.98693221706026,72.77659184508406,False,False
pvl_delta,100,112,Horstmann,98.30457075690863,-98.30457075690863,204.60914151381726,215.02982225776964,138.62943611198907,40.32486535508043,False,0,1,1,True,CONVERGENCE: RELATIVE REDUCTION OF F <= FACTR*EPSMCH,600,84,32,0.17992239375449365,,2.0,0.011428048845625371,1.4490538682563683,True,0.0,0.0,True,True
q_learning,100,112,Horstmann,138.62943611198918,-138.62943611198918,281.25887222397836,286.46921259595456,138.62943611198907,-1.1368683772161603e-13,True,2,0,2,True,CONVERGENCE: NORM OF PROJECTED GRADIENT <= PGTOL,3,0,2,0.0,0.0,,,,True,76.6497307101611,71.43939033818492,False,False
pvl_delta,100,113,Horstmann,117.33985296960111,-117.33985296960111,242.67970593920222,253.1003866831546,138.62943611198907,21.289583142387954,False,1,0,1,True,CONVERGENCE: RELATIVE REDUCTION OF F <= FACTR*EPSMCH,175,19,32,0.9524853850588286,,1e-06,0.0018504781464253669,0.88492773582954,True,0.0,0.0,True,True
q_learning,100,113,Horstmann,134.34006951161396,-134.34006951161396,272.6801390232279,277.8904793952041,138.62943611198907,4.289366600375104,False,0,0,0,True,CONVERGENCE: NORM OF PROJECTED GRADIENT <= PGTOL,48,8,10,0.8006746293787323,0.27404904016580656,,,,True,30.0004330840257,24.79009271204953,False,False
pvl_delta,100,114,Horstmann,96.76243505720365,-96.76243505720365,201.5248701144073,211.94555085835967,138.62943611198907,41.86700105478542,False,2,1,3,True,CONVERGENCE: NORM OF PROJECTED GRADIENT <= PGTOL,110,14,32,0.999999,,1e-06,1e-06,1.0645101286736582,True,0.0,0.0,True,True
q_learning,100,114,Horstmann,119.34626830724025,-119.34626830724025,242.6925366144805,247.90287698645668,138.62943611198907,19.283167804748814,False,0,1,1,True,CONVERGENCE: NORM OF PROJECTED GRADIENT <= PGTOL,27,7,10,1.0,0.3908784349532539,,,,True,41.16766650007321,35.95732612809701,False,False
pvl_delta,100,115,Horstmann,128.1395469997424,-128.1395469997424,264.2790939994848,274.69977474343716,138.62943611198907,10.489889112246658,False,0,0,0,True,CONVERGENCE: RELATIVE REDUCTION OF F <= FACTR*EPSMCH,180,25,32,0.31128474396818406,,1.0169901246697115,0.2868592677747131,0.8166707743745701,True,0.0,3.7532110938276446,True,False
q_learning,100,115,Horstmann,130.86811163881666,-130.86811163881666,265.7362232776333,270.9465636496095,138.62943611198907,7.761324473172408,False,0,0,0,True,CONVERGENCE: NORM OF PROJECTED GRADIENT <= PGTOL,39,9,10,0.4145307434972261,0.41529342330023766,,,,True,1.4571292781485,0.0,False,True
pvl_delta,100,116,Horstmann,132.74479941188812,-132.74479941188812,273.48959882377625,283.9102795677286,138.62943611198907,5.884636700100941,False,0,1,1,True,CONVERGENCE: RELATIVE REDUCTION OF F <= FACTR*EPSMCH,210,24,32,0.999999,,0.6552371804183994,0.02897776571090997,0.5860032696388937,True,0.0,0.7255437812002015,True,False
q_learning,100,116,Horstmann,136.9871977072761,-136.9871977072761,277.9743954145522,283.1847357865284,138.62943611198907,1.6422384047129697,False,0,1,1,True,CONVERGENCE: RELATIVE REDUCTION OF F <= FACTR*EPSMCH,15,3,2,1.0,0.1017024346342347,,,,True,4.484796590775943,0.0,False,True
pvl_delta,100,117,Horstmann,115.1218384220054,-115.1218384220054,238.2436768440108,248.66435758796317,138.62943611198907,23.50759768998367,False,2,0,2,True,CONVERGENCE: NORM OF PROJECTED GRADIENT <= PGTOL,105,15,32,0.7912692907122968,,1e-06,1e-06,0.9819807385842385,True,0.0,0.0,True,True
q_learning,100,117,Horstmann,135.41293234167316,-135.41293234167316,274.8258646833463,280.0362050553225,138.62943611198907,3.21650377031591,False,0,1,1,True,CONVERGENCE: RELATIVE REDUCTION OF F <= FACTR*EPSMCH,21,4,10,1.0,0.1401904904623591,,,,True,36.58218783933552,31.371847467359345,False,False
pvl_delta,100,118,Horstmann,79.02904645356634,-79.02904645356634,166.05809290713268,176.47877365108505,138.62943611198907,59.60038965842273,False,1,0,1,True,CONVERGENCE: RELATIVE REDUCTION OF F <= FACTR*EPSMCH,160,26,32,0.27056992727309115,,1.9475628693824367,1e-06,1.3558838578299046,True,0.0,0.0,True,True
q_learning,100,118,Horstmann,135.5539569830905,-135.5539569830905,275.107913966181,280.3182543381572,138.62943611198907,3.0754791288985643,False,0,1,1,True,CONVERGENCE: RELATIVE REDUCTION OF F <= FACTR*EPSMCH,18,4,2,1.0,0.1725625816094442,,,,True,109.04982105904833,103.83948068707215,False,False
pvl_delta,100,119,Horstmann,88.95176280229236,-88.95176280229236,185.90352560458473,196.3242063485371,138.62943611198907,49.6776733096967,False,0,0,0,True,CONVERGENCE: NORM OF PROJECTED GRADIENT <= PGTOL,235,21,32,0.1902210580815361,,0.2628493286865933,0.34837592385271116,1.4217922282513349,True,0.0,0.0,True,True
q_learning,100,119,Horstmann,137.0523232097852,-137.0523232097852,278.1046464195704,283.3149867915466,138.62943611198907,1.5771129022038792,False,0,0,0,True,CONVERGENCE: RELATIVE REDUCTION OF F <= FACTR*EPSMCH,27,5,2,0.7370384021432894,0.13404531931776242,,,,True,92.20112081498564,86.99078044300947,False,False
pvl_delta,100,120,Horstmann,125.7828081776204,-125.7828081776204,259.56561635524076,269.98629709919317,138.62943611198907,12.84662793436867,False,1,1,2,True,CONVERGENCE: RELATIVE REDUCTION OF F <= FACTR*EPSMCH,130,16,32,0.999999,,1e-06,0.47400153203869366,0.6092634905376657,True,0.0,0.0,True,True
q_learning,100,120,Horstmann,134.32695366416107,-134.32695366416107,272.65390732832213,277.86424770029834,138.62943611198907,4.302482447827998,False,0,1,1,True,CONVERGENCE: RELATIVE REDUCTION OF F <= FACTR*EPSMCH,18,4,10,1.0,0.2037916073538064,,,,True,13.08829097308137,7.877950601105169,False,False
pvl_delta,100,121,Horstmann,107.30610278012897,-107.30610278012897,222.61220556025793,233.0328863042103,138.62943611198907,31.3233333318601,False,1,0,1,True,CONVERGENCE: NORM OF PROJECTED GRADIENT <= PGTOL,120,19,32,0.8551278121663689,,1e-06,0.008028650716015258,1.0458583706072964,True,0.0,0.0,True,True
q_learning,100,121,Horstmann,129.66716540993727,-129.66716540993727,263.33433081987454,268.54467119185074,138.62943611198907,8.962270702051796,False,0,0,0,True,CONVERGENCE: RELATIVE REDUCTION OF F <= FACTR*EPSMCH,132,19,10,0.025389532947377058,4.46410414433277,,,,True,40.722125259616604,35.51178488764043,False,False
pvl_delta,100,122,Horstmann,127.85634505267308,-127.85634505267308,263.71269010534616,274.1333708492985,138.62943611198907,10.773091059315988,False,2,0,2,True,CONVERGENCE: NORM OF PROJECTED GRADIENT <= PGTOL,565,80,32,0.11270542245681003,,1e-06,1e-06,1.1741124454334269,True,0.0,0.9311247062690313,True,False
q_learning,100,122,Horstmann,131.99595288552663,-131.99595288552663,267.99190577105327,273.20224614302947,138.62943611198907,6.633483226462431,False,0,1,1,True,CONVERGENCE: RELATIVE REDUCTION OF F <= FACTR*EPSMCH,33,3,10,0.001121688838655567,100.0,,,,True,4.279215665707113,0.0,False,True
pvl_delta,100,123,Horstmann,136.03620552701693,-136.03620552701693,280.07241105403386,290.4930917979862,138.62943611198907,2.593230584972133,False,2,1,3,True,CONVERGENCE: NORM OF PROJECTED GRADIENT <= PGTOL,110,14,32,0.999999,,1e-06,1e-06,0.4122576640056777,True,0.5543036327845243,5.764644004760669,False,False
q_learning,100,123,Horstmann,137.75905371062467,-137.75905371062467,279.51810742124934,284.72844779322554,138.62943611198907,0.8703824013643953,False,0,1,1,True,CONVERGENCE: RELATIVE REDUCTION OF F <= FACTR*EPSMCH,243,56,10,0.0004331407299641011,100.0,,,,True,0.0,0.0,True,True
pvl_delta,100,124,Horstmann,90.4350773471455,-90.4350773471455,188.870154694291,199.29083543824336,138.62943611198907,48.19435876484357,False,0,1,1,True,CONVERGENCE: NORM OF PROJECTED GRADIENT <= PGTOL,545,74,32,0.999999,,0.393392385778204,0.03723235175915882,1.1921142087872874,True,0.0,0.0,True,True
q_learning,100,124,Horstmann,130.2005100758067,-130.2005100758067,264.4010201516134,269.6113605235896,138.62943611198907,8.42892603618236,False,0,1,1,True,CONVERGENCE: RELATIVE REDUCTION OF F <= FACTR*EPSMCH,18,3,2,1.0,0.2874892815119951,,,,True,75.53086545732242,70.32052508534625,False,False
pvl_delta,100,125,Horstmann,125.55461476335721,-125.55461476335721,259.10922952671444,269.5299102706668,138.62943611198907,13.074821348631858,False,0,0,0,True,CONVERGENCE: RELATIVE REDUCTION OF F <= FACTR*EPSMCH,480,50,32,0.02463206945335061,,0.7706557959165472,0.6812909771979186,2.1744098313332803,True,0.0,0.0,True,True
q_learning,100,125,Horstmann,130.1818059455244,-130.1818059455244,264.3636118910488,269.573952263025,138.62943611198907,8.447630166464677,False,0,0,0,True,CONVERGENCE: NORM OF PROJECTED GRADIENT <= PGTOL,153,37,10,0.7373568010469501,0.3183645475092595,,,,True,5.254382364334333,0.04404199235818851,False,False
pvl_delta,100,126,Horstmann,121.58463600965669,-121.58463600965669,251.16927201931338,261.5899527632657,138.62943611198907,17.044800102332374,False,1,0,1,True,CONVERGENCE: RELATIVE REDUCTION OF F <= FACTR*EPSMCH,185,31,32,0.060511171827466556,,1e-06,5.73796885310553,0.9533853035218839,True,0.0,0.0,True,True
q_learning,100,126,Horstmann,131.2910980319702,-131.2910980319702,266.5821960639404,271.7925364359166,138.62943611198907,7.338338080018872,False,0,0,0,True,CONVERGENCE: NORM OF PROJECTED GRADIENT <= PGTOL,57,10,10,0.14377884840169192,0.960245072119587,,,,True,15.412924044627005,10.20258367265086,False,False
pvl_delta,100,127,Horstmann,120.22949489374226,-120.22949489374226,248.4589897874845,258.8796705314369,138.62943611198907,18.39994121824681,False,1,1,2,True,CONVERGENCE: RELATIVE REDUCTION OF F <= FACTR*EPSMCH,300,37,32,0.00043746162461718875,,0.944392959798813,1e-06,5.0,True,0.0,0.0,True,True
q_learning,100,127,Horstmann,137.3728055068307,-137.3728055068307,278.7456110136614,283.9559513856376,138.62943611198907,1.2566306051583638,False,0,0,0,True,CONVERGENCE: NORM OF PROJECTED GRADIENT <= PGTOL,24,4,2,0.8710654124818143,0.10821284705371575,,,,True,30.28662122617689,25.076280854200718,False,False
pvl_delta,100,128,Horstmann,70.22709795173995,-70.22709795173995,148.4541959034799,158.87487664743227,138.62943611198907,68.40233816024912,False,0,1,1,True,CONVERGENCE: RELATIVE REDUCTION OF F <= FACTR*EPSMCH,410,55,32,0.0010872252869304883,,0.7970459286887068,2.127827719025051,5.0,True,0.0,4.5669445474711665,True,False
q_learning,100,128,Horstmann,72.54879586399247,-72.54879586399247,149.09759172798493,154.3079320999611,138.62943611198907,66.0806402479966,False,0,1,1,True,CONVERGENCE: RELATIVE REDUCTION OF F <= FACTR*EPSMCH,156,31,9,0.004252925946069264,100.0,,,,True,0.6433958245050349,0.0,False,True
pvl_delta,100,129,Horstmann,131.04900998861177,-131.04900998861177,270.09801997722354,280.5187007211759,138.62943611198907,7.580426123377293,False,1,1,2,True,CONVERGENCE: RELATIVE REDUCTION OF F <= FACTR*EPSMCH,150,23,32,0.999999,,1e-06,5.674272641463539,0.14708076708868997,True,0.0,2.7424183768258104,True,False
q_learning,100,129,Horstmann,134.28297098618694,-134.28297098618694,272.5659419723739,277.7762823443501,138.62943611198907,4.346465125802126,False,0,0,0,True,CONVERGENCE: RELATIVE REDUCTION OF F <= FACTR*EPSMCH,48,10,10,0.07446019253919411,1.5552972625589678,,,,True,2.467921995150334,0.0,False,True
pvl_delta,100,130,Horstmann,75.2777563008254,-75.2777563008254,158.5555126016508,168.97619334560318,138.62943611198907,63.35167981116366,False,0,0,0,True,CONVERGENCE: RELATIVE REDUCTION OF F <= FACTR*EPSMCH,515,58,32,0.9251198275134175,,0.07035385908495545,0.4055907489278785,1.1004407334420878,True,0.0,0.0,True,True
q_learning,100,130,Horstmann,102.45385013129419,-102.45385013129419,208.90770026258838,214.11804063456455,138.62943611198907,36.175585980694876,False,0,0,0,True,CONVERGENCE: NORM OF PROJECTED GRADIENT <= PGTOL,129,31,9,0.9893588168875288,0.6924941634415458,,,,True,50.352187660937574,45.14184728896137,False,False
pvl_delta,100,131,Horstmann,120.40951223058026,-120.40951223058026,248.81902446116052,259.2397052051129,138.62943611198907,18.219923881408803,False,0,0,0,True,CONVERGENCE: NORM OF PROJECTED GRADIENT <= PGTOL,120,19,32,0.23106630113276846,,0.07819934076508393,1.2501515109708359,0.8497764863901264,True,0.0,0.0,True,True
q_learning,100,131,Horstmann,134.07502881756463,-134.07502881756463,272.15005763512926,277.36039800710546,138.62943611198907,4.554407294424436,False,0,0,0,True,CONVERGENCE: RELATIVE REDUCTION OF F <= FACTR*EPSMCH,24,6,10,0.9869688286920156,0.20173748698675154,,,,True,23.331033173968734,18.12069280199256,False,False
pvl_delta,100,132,Horstmann,129.13675965594985,-129.13675965594985,266.2735193118997,276.69420005585204,138.62943611198907,9.49267645603922,False,0,1,1,True,CONVERGENCE: RELATIVE REDUCTION OF F <= FACTR*EPSMCH,795,121,32,0.0002856181107326246,,0.8947472017473704,2.08909944923904,5.0,True,1.456403166011853,6.666743537987998,False,False
q_learning,100,132,Horstmann,130.40855807294392,-130.40855807294392,264.81711614588784,270.02745651786404,138.62943611198907,8.220878039045147,False,0,0,0,True,CONVERGENCE: RELATIVE REDUCTION OF F <= FACTR*EPSMCH,81,20,10,0.026173151569424378,5.078015057242082,,,,True,0.0,0.0,True,True
pvl_delta,100,133,Horstmann,83.04443136119681,-83.04443136119681,174.08886272239363,184.509543466346,138.62943611198907,55.58500475079225,False,0,1,1,True,CONVERGENCE: NORM OF PROJECTED GRADIENT <= PGTOL,690,95,32,0.999999,,0.5311727050865916,0.04757179749760529,1.2496709964604416,True,0.0,0.0,True,True
q_learning,100,133,Horstmann,118.08871364251924,-118.08871364251924,240.17742728503848,245.38776765701465,138.62943611198907,20.540722469469827,False,0,1,1,True,CONVERGENCE: NORM OF PROJECTED GRADIENT <= PGTOL,30,8,8,1.0,0.3791124621684372,,,,True,66.08856456264485,60.87822419066865,False,False
pvl_delta,100,134,Horstmann,137.13225720790663,-137.13225720790663,282.26451441581327,292.6851951597656,138.62943611198907,1.497178904082432,False,1,2,3,True,CONVERGENCE: NORM OF PROJECTED GRADIENT <= PGTOL,140,25,32,0.999999,,2.0,1e-06,0.32922863607410185,True,1.0056421918349088,6.215982563811053,False,False
q_learning,100,134,Horstmann,138.62943611198918,-138.62943611198918,281.25887222397836,286.46921259595456,138.62943611198907,-1.1368683772161603e-13,True,2,0,2,True,CONVERGENCE: NORM OF PROJECTED GRADIENT <= PGTOL,3,0,2,0.0,0.0,,,,True,0.0,0.0,True,True
pvl_delta,100,135,Horstmann,79.85799221603757,-79.85799221603757,167.71598443207515,178.13666517602752,138.62943611198907,58.77144389595149,False,0,1,1,True,CONVERGENCE: RELATIVE REDUCTION OF F <= FACTR*EPSMCH,490,59,32,0.0010559157855205264,,0.7304150133124376,1.6308393623104058,5.0,True,0.14847881825008358,5.358819190226285,False,False
q_learning,100,135,Horstmann,81.78375280691253,-81.78375280691253,167.56750561382506,172.77784598580124,138.62943611198907,56.845683305076534,False,0,1,1,True,CONVERGENCE: RELATIVE REDUCTION OF F <= FACTR*EPSMCH,126,28,7,0.0030460601542041856,100.0,,,,True,0.0,0.0,True,True
pvl_delta,100,136,Horstmann,114.06323313533352,-114.06323313533352,236.12646627066704,246.5471470146194,138.62943611198907,24.566202976655546,False,0,1,1,True,CONVERGENCE: RELATIVE REDUCTION OF F <= FACTR*EPSMCH,160,24,32,0.999999,,0.7142778201967774,0.20205632515179311,0.8150365287973993,True,0.0,0.0,True,True
q_learning,100,136,Horstmann,122.46089983234182,-122.46089983234182,248.92179966468365,254.13214003665982,138.62943611198907,16.168536279647242,False,0,1,1,True,CONVERGENCE: NORM OF PROJECTED GRADIENT <= PGTOL,24,5,9,1.0,0.32595585152468853,,,,True,12.795333394016609,7.584993022040408,False,False
pvl_delta,100,137,Horstmann,112.22906423763365,-112.22906423763365,232.4581284752673,242.87880921921968,138.62943611198907,26.400371874355415,False,0,1,1,True,CONVERGENCE: RELATIVE REDUCTION OF F <= FACTR*EPSMCH,475,60,32,0.0006960298252049208,,0.37885075971983917,3.489743065614212,5.0,True,0.0,0.0,True,True
q_learning,100,137,Horstmann,129.1739916113429,-129.1739916113429,262.3479832226858,267.558323594662,138.62943611198907,9.455444500646166,False,0,1,1,True,CONVERGENCE: RELATIVE REDUCTION OF F <= FACTR*EPSMCH,18,2,9,0.001309506996097962,100.0,,,,True,29.889854747418497,24.679514375442324,False,False
pvl_delta,100,138,Horstmann,127.07433136557906,-127.07433136557906,262.1486627311581,272.5693434751105,138.62943611198907,11.55510474641001,False,1,0,1,True,CONVERGENCE: RELATIVE REDUCTION OF F <= FACTR*EPSMCH,130,13,32,0.8369232378791345,,1e-06,0.15317398357186363,0.7457483482683654,True,0.0,2.7235175129355866,True,False
q_learning,100,138,Horstmann,130.31774279509935,-130.31774279509935,264.6354855901987,269.8458259621749,138.62943611198907,8.311693316889716,False,0,1,1,True,CONVERGENCE: RELATIVE REDUCTION OF F <= FACTR*EPSMCH,219,51,10,0.0009490289948567682,100.0,,,,True,2.4868228590406147,0.0,False,True
pvl_delta,100,139,Horstmann,121.25371767663817,-121.25371767663817,250.50743535327635,260.9281160972287,138.62943611198907,17.37571843535089,False,1,1,2,True,CONVERGENCE: RELATIVE REDUCTION OF F <= FACTR*EPSMCH,745,96,32,0.999999,,1.2972340534612203,1e-06,0.8360271223472389,True,0.0,0.0,True,True
q_learning,100,139,Horstmann,136.23248579382852,-136.23248579382852,276.46497158765703,281.67531195963323,138.62943611198907,2.396950318160549,False,0,1,1,True,CONVERGENCE: NORM OF PROJECTED GRADIENT <= PGTOL,15,2,2,1.0,0.10529846149572994,,,,True,25.957536234380683,20.74719586240451,False,False
pvl_delta,100,140,Horstmann,79.00947297171118,-79.00947297171118,166.01894594342235,176.43962668737473,138.62943611198907,59.61996314027789,False,0,0,0,True,CONVERGENCE: RELATIVE REDUCTION OF F <= FACTR*EPSMCH,555,76,32,0.2982915364112762,,0.4664032220855972,0.2637085354694823,1.465907779143378,True,0.0,0.0,True,True
q_learning,100,140,Horstmann,129.99515816824197,-129.99515816824197,263.99031633648394,269.20065670846014,138.62943611198907,8.634277943747094,False,0,1,1,True,CONVERGENCE: RELATIVE REDUCTION OF F <= FACTR*EPSMCH,15,2,2,1.0,0.27803381125215015,,,,True,97.97137039306159,92.76103002108542,False,False
pvl_delta,100,141,Horstmann,106.48688543309595,-106.48688543309595,220.9737708661919,231.39445161014427,138.62943611198907,32.142550678893116,False,1,0,1,True,CONVERGENCE: NORM OF PROJECTED GRADIENT <= PGTOL,635,75,32,0.39771013276840356,,1e-06,0.04949497362011425,1.1914171412085452,True,0.0,0.0,True,True
q_learning,100,141,Horstmann,138.478995543268,-138.478995543268,280.957991086536,286.1683314585122,138.62943611198907,0.15044056872105216,False,0,0,0,True,CONVERGENCE: RELATIVE REDUCTION OF F <= FACTR*EPSMCH,60,13,3,0.8096797482595798,0.0370979796726012,,,,True,59.98422022034413,54.773879848367955,False,False
pvl_delta,100,142,Horstmann,104.03712369653717,-104.03712369653717,216.07424739307433,226.4949281370267,138.62943611198907,34.5923124154519,False,0,0,0,True,CONVERGENCE: RELATIVE REDUCTION OF F <= FACTR*EPSMCH,660,88,32,0.022627244715546453,,0.9940985120920317,0.7626992078356918,2.5902564532644927,True,2.1238537185014934,7.334194090477695,False,False
q_learning,100,142,Horstmann,104.97519683728642,-104.97519683728642,213.95039367457284,219.160734046549,138.62943611198907,33.65423927470265,False,0,1,1,True,CONVERGENCE: RELATIVE REDUCTION OF F <= FACTR*EPSMCH,168,44,9,0.002532034966492532,100.0,,,,True,0.0,0.0,True,True
pvl_delta,100,143,Horstmann,131.91965226919137,-131.91965226919137,271.83930453838275,282.2599852823351,138.62943611198907,6.709783842797691,False,1,0,1,True,CONVERGENCE: RELATIVE REDUCTION OF F <= FACTR*EPSMCH,535,72,32,0.6979197363274725,,1e-06,0.660446588675182,0.5432778970493999,True,0.0,2.566811258889345,True,False
q_learning,100,143,Horstmann,135.24141682573477,-135.24141682573477,274.48283365146955,279.69317402344575,138.62943611198907,3.3880192862542913,False,0,1,1,True,CONVERGENCE: NORM OF PROJECTED GRADIENT <= PGTOL,24,5,10,1.0,0.15096849525044598,,,,True,2.6435291130867995,0.0,False,True
pvl_delta,100,144,Horstmann,93.86117893025667,-93.86117893025667,195.72235786051334,206.14303860446572,138.62943611198907,44.768257181732395,False,1,0,1,True,CONVERGENCE: NORM OF PROJECTED GRADIENT <= PGTOL,75,13,32,0.7660184440011554,,0.2703117733634787,1e-06,1.2649171530590446,True,0.0,0.0,True,True
q_learning,100,144,Horstmann,130.3806069959923,-130.3806069959923,264.7612139919846,269.9715543639608,138.62943611198907,8.248829115996756,False,0,1,1,True,CONVERGENCE: NORM OF PROJECTED GRADIENT <= PGTOL,24,6,4,1.0,0.21916702235323762,,,,True,69.03885613147128,63.828515759495104,False,False
pvl_delta,100,145,Horstmann,89.42504291953931,-89.42504291953931,186.85008583907862,197.270766583031,138.62943611198907,49.20439319244976,False,1,0,1,True,CONVERGENCE: NORM OF PROJECTED GRADIENT <= PGTOL,430,58,32,0.12987795745470884,,0.5137807945510579,1e-06,1.4526412603648828,True,0.0,0.0,True,True
q_learning,100,145,Horstmann,138.62943611198918,-138.62943611198918,281.25887222397836,286.46921259595456,138.62943611198907,-1.1368683772161603e-13,True,2,0,2,True,CONVERGENCE: NORM OF PROJECTED GRADIENT <= PGTOL,3,0,3,0.0,0.0,,,,True,94.40878638489974,89.19844601292357,False,False
pvl_delta,100,146,Horstmann,131.1051880459424,-131.1051880459424,270.2103760918848,280.63105683583717,138.62943611198907,7.524248066046653,False,1,0,1,True,CONVERGENCE: NORM OF PROJECTED GRADIENT <= PGTOL,235,28,32,0.734660263423806,,0.5508247077028,1e-06,0.7150592571346129,True,0.0,0.0,True,True
q_learning,100,146,Horstmann,137.3749379339709,-137.3749379339709,278.7498758679418,283.960216239918,138.62943611198907,1.2544981780181672,False,0,1,1,True,CONVERGENCE: NORM OF PROJECTED GRADIENT <= PGTOL,18,4,2,1.0,0.08232338105924773,,,,True,8.53949977605697,3.3291594040808263,False,False
pvl_delta,100,147,Horstmann,126.57009167132108,-126.57009167132108,261.14018334264216,271.5608640865945,138.62943611198907,12.059344440667985,False,1,2,3,True,CONVERGENCE: NORM OF PROJECTED GRADIENT <= PGTOL,55,8,32,0.999999,,1e-06,10.0,0.11532614903478824,True,0.0,0.0,True,True
q_learning,100,147,Horstmann,131.67817220377626,-131.67817220377626,267.3563444075525,272.5666847795287,138.62943611198907,6.951263908212809,False,0,0,0,True,CONVERGENCE: RELATIVE REDUCTION OF F <= FACTR*EPSMCH,159,37,9,0.005288921338282614,22.953491238519582,,,,True,6.216161064910352,1.0058206929342077,False,False
pvl_delta,100,148,Horstmann,130.19878571459432,-130.19878571459432,268.39757142918864,278.818252173141,138.62943611198907,8.430650397394743,False,1,1,2,True,CONVERGENCE: RELATIVE REDUCTION OF F <= FACTR*EPSMCH,150,25,32,0.999999,,1e-06,3.3549636496638326,0.2189197976737644,True,0.0,0.0,True,True
q_learning,100,148,Horstmann,135.25242442846888,-135.25242442846888,274.50484885693777,279.71518922891397,138.62943611198907,3.3770116835201804,False,0,1,1,True,CONVERGENCE: NORM OF PROJECTED GRADIENT <= PGTOL,21,4,10,1.0,0.13263115695384947,,,,True,6.107277427749125,0.8969370557729803,False,False
pvl_delta,100,149,Horstmann,102.120151317865,-102.120151317865,212.24030263573,222.66098337968236,138.62943611198907,36.50928479412407,False,0,0,0,True,CONVERGENCE: RELATIVE REDUCTION OF F <= FACTR*EPSMCH,370,46,32,0.0311524985284134,,0.4503127450982987,2.854255272981701,2.2624124708357467,True,0.0,0.0,True,True
q_learning,100,149,Horstmann,108.1052789940738,-108.1052789940738,220.2105579881476,225.42089836012377,138.62943611198907,30.524157117915266,False,0,0,0,True,CONVERGENCE: NORM OF PROJECTED GRADIENT <= PGTOL,63,13,9,0.04756865787069998,8.590438755243465,,,,True,7.97025535241761,2.7599149804414083,False,False
pvl_delta,100,150,Horstmann,136.65428311938922,-136.65428311938922,281.30856623877844,291.7292469827308,138.62943611198907,1.9751529925998454,False,0,0,0,True,CONVERGENCE: RELATIVE REDUCTION OF F <= FACTR*EPSMCH,170,25,32,0.8720833368918822,,0.5266158405796065,0.31436732160996145,0.3301410380946868,True,2.075923938077267,7.2862643100534115,False,False
q_learning,100,150,Horstmann,137.6163211503506,-137.6163211503506,279.2326423007012,284.4429826726774,138.62943611198907,1.013114961638479,False,0,1,1,True,CONVERGENCE: NORM OF PROJECTED GRADIENT <= PGTOL,60,13,10,1.0,0.07203925573259434,,,,True,0.0,0.0,True,True
pvl_delta,100,151,Horstmann,105.916099676002,-105.916099676002,219.832199352004,230.25288009595639,138.62943611198907,32.71333643598706,False,0,1,1,True,CONVERGENCE: RELATIVE REDUCTION OF F <= FACTR*EPSMCH,370,48,32,0.000887957862617395,,0.20938544325827507,5.029180854444039,5.0,True,0.0,0.0,True,True
q_learning,100,151,Horstmann,127.44302733778537,-127.44302733778537,258.88605467557073,264.09639504754693,138.62943611198907,11.186408774203699,False,0,1,1,True,CONVERGENCE: RELATIVE REDUCTION OF F <= FACTR*EPSMCH,165,39,10,0.0011291503625831896,100.0,,,,True,39.05385532356672,33.84351495159055,False,False
pvl_delta,100,152,Horstmann,116.06494290458495,-116.06494290458495,240.1298858091699,250.55056655312228,138.62943611198907,22.564493207404112,False,1,0,1,True,CONVERGENCE: RELATIVE REDUCTION OF F <= FACTR*EPSMCH,465,58,32,0.25904140196834435,,0.45250095585675887,1e-06,1.0488713224145085,True,0.0,0.0,True,True
q_learning,100,152,Horstmann,138.62943611198918,-138.62943611198918,281.25887222397836,286.46921259595456,138.62943611198907,-1.1368683772161603e-13,True,2,0,2,True,CONVERGENCE: NORM OF PROJECTED GRADIENT <= PGTOL,3,0,2,0.0,0.0,,,,True,41.12898641480845,35.91864604283228,False,False
pvl_delta,100,153,Horstmann,118.70126721897311,-118.70126721897311,245.40253443794623,255.8232151818986,138.62943611198907,19.92816889301595,False,1,1,2,True,CONVERGENCE: RELATIVE REDUCTION OF F <= FACTR*EPSMCH,75,12,32,0.999999,,1.3388254331989071,1e-06,0.9033886104542038,True,0.0,0.0,True,True
q_learning,100,153,Horstmann,136.79210276394792,-136.79210276394792,277.58420552789585,282.79454589987205,138.62943611198907,1.8373333480411418,False,0,1,1,True,CONVERGENCE: RELATIVE REDUCTION OF F <= FACTR*EPSMCH,15,3,2,1.0,0.10346442820590546,,,,True,32.18167108994962,26.971330717973444,False,False
pvl_delta,100,154,Horstmann,100.05508275388956,-100.05508275388956,208.11016550777913,218.5308462517315,138.62943611198907,38.5743533580995,False,0,0,0,True,CONVERGENCE: RELATIVE REDUCTION OF F <= FACTR*EPSMCH,90,13,32,0.5894317826642557,,0.33392064885954903,0.02704231109840578,1.3105094265524833,True,0.0,0.0,True,True
q_learning,100,154,Horstmann,133.45629119231302,-133.45629119231302,270.91258238462603,276.12292275660224,138.62943611198907,5.173144919676048,False,0,1,1,True,CONVERGENCE: NORM OF PROJECTED GRADIENT <= PGTOL,27,7,2,1.0,0.18309646382172062,,,,True,62.802416876846905,57.59207650487073,False,False
pvl_delta,100,155,Horstmann,78.52240900957898,-78.52240900957898,165.04481801915796,175.46549876311033,138.62943611198907,60.107027102410086,False,2,0,2,True,CONVERGENCE: RELATIVE REDUCTION OF F <= FACTR*EPSMCH,90,14,32,0.3543153498242757,,1e-06,1e-06,1.4208242053072122,True,0.0,0.0,True,True
q_learning,100,155,Horstmann,131.34131191864913,-131.34131191864913,266.68262383729825,271.89296420927445,138.62943611198907,7.288124193339939,False,0,1,1,True,CONVERGENCE: RELATIVE REDUCTION OF F <= FACTR*EPSMCH,249,61,10,0.0006961108220081561,100.0,,,,True,101.6378058181403,96.42746544616412,False,False
pvl_delta,100,156,Horstmann,138.53855140296827,-138.53855140296827,285.07710280593653,295.4977835498889,138.62943611198907,0.09088470902079848,False,0,0,0,True,CONVERGENCE: RELATIVE REDUCTION OF F <= FACTR*EPSMCH,215,21,32,0.002823530624911774,,0.24356672051928227,1.4887411856945194,1.3121195276112987,True,3.8182305819581757,9.02857095393432,False,False
q_learning,100,156,Horstmann,138.62943611198918,-138.62943611198918,281.25887222397836,286.46921259595456,138.62943611198907,-1.1368683772161603e-13,True,2,0,2,True,CONVERGENCE: NORM OF PROJECTED GRADIENT <= PGTOL,3,0,2,0.0,0.0,,,,True,0.0,0.0,True,True
pvl_delta,100,157,Horstmann,102.73902041485339,-102.73902041485339,213.47804082970677,223.89872157365915,138.62943611198907,35.89041569713568,False,0,0,0,True,CONVERGENCE: RELATIVE REDUCTION OF F <= FACTR*EPSMCH,155,21,32,0.8219762342709237,,0.5795044991847039,0.5564600990782218,0.8228125305296052,True,0.0,0.0,True,True
q_learning,100,157,Horstmann,108.5308847098786,-108.5308847098786,221.0617694197572,226.27210979173339,138.62943611198907,30.09855140211046,False,0,0,0,True,CONVERGENCE: NORM OF PROJECTED GRADIENT <= PGTOL,87,18,10,0.845900390902605,0.5939111588912681,,,,True,7.583728590050441,2.37338821807424,False,False
pvl_delta,100,158,Horstmann,69.1170659365088,-69.1170659365088,146.2341318730176,156.65481261696996,138.62943611198907,69.51237017548027,False,1,1,2,True,CONVERGENCE: NORM OF PROJECTED GRADIENT <= PGTOL,535,65,32,0.1113171103064154,,2.0,1e-06,1.5132398072547542,True,0.0,0.0,True,True
q_learning,100,158,Horstmann,138.62943611198918,-138.62943611198918,281.25887222397836,286.46921259595456,138.62943611198907,-1.1368683772161603e-13,True,2,0,2,True,CONVERGENCE: NORM OF PROJECTED GRADIENT <= PGTOL,3,0,3,0.0,0.0,,,,True,135.02474035096077,129.8143999789846,False,False
pvl_delta,100,159,Horstmann,128.38184521203402,-128.38184521203402,264.76369042406805,275.1843711680204,138.62943611198907,10.247590899955043,False,0,1,1,True,CONVERGENCE: RELATIVE REDUCTION OF F <= FACTR*EPSMCH,135,21,32,0.999999,,0.32711267939147776,0.11033213851847602,0.6805093509343932,True,0.0,0.0,True,True
q_learning,100,159,Horstmann,135.49084534534694,-135.49084534534694,274.9816906906939,280.1920310626701,138.62943611198907,3.1385907666421247,False,0,1,1,True,CONVERGENCE: NORM OF PROJECTED GRADIENT <= PGTOL,78,14,10,1.0,0.13923007669011925,,,,True,10.218000266625836,5.0076598946496915,False,False
pvl_delta,100,160,Horstmann,47.77313236300786,-47.77313236300786,103.54626472601572,113.9669454699681,138.62943611198907,90.8563037489812,False,2,0,2,True,CONVERGENCE: NORM OF PROJECTED GRADIENT <= PGTOL,145,18,32,0.9773554146375211,,1e-06,1e-06,1.5271017375241023,True,0.0,0.0,True,True
q_learning,100,160,Horstmann,114.86571702801643,-114.86571702801643,233.73143405603287,238.94177442800904,138.62943611198907,23.76371908397263,False,0,1,1,True,CONVERGENCE: RELATIVE REDUCTION OF F <= FACTR*EPSMCH,18,4,4,1.0,0.44771340528995757,,,,True,130.18516933001715,124.97482895804094,False,False
pvl_delta,100,161,Horstmann,100.99979100470514,-100.99979100470514,209.9995820094103,220.42026275336266,138.62943611198907,37.62964510728392,False,0,0,0,True,CONVERGENCE: RELATIVE REDUCTION OF F <= FACTR*EPSMCH,130,20,32,0.23668780832957945,,0.08553730026595588,0.5063844665566389,1.487439555028989,True,0.0,0.0,True,True
q_learning,100,161,Horstmann,133.5961355014787,-133.5961355014787,271.1922710029574,276.4026113749336,138.62943611198907,5.033300610510366,False,0,0,0,True,CONVERGENCE: NORM OF PROJECTED GRADIENT <= PGTOL,30,5,10,0.7970447979064028,0.26491102416645507,,,,True,61.19268899354711,55.982348621570935,False,False
pvl_delta,100,162,Horstmann,66.85966370496185,-66.85966370496185,141.7193274099237,152.14000815387607,138.62943611198907,71.76977240702722,False,0,0,0,True,CONVERGENCE: RELATIVE REDUCTION OF F <= FACTR*EPSMCH,430,50,32,0.024530356432484506,,0.7284935965425172,0.6926072448958948,2.6777771431579036,True,0.0,0.0,True,True
q_learning,100,162,Horstmann,77.902753567486,-77.902753567486,159.805507134972,165.01584750694818,138.62943611198907,60.72668254450306,False,0,1,1,True,CONVERGENCE: RELATIVE REDUCTION OF F <= FACTR*EPSMCH,150,34,6,0.0026825381989129963,100.0,,,,True,18.08617972504831,12.87583935307211,False,False
pvl_delta,100,163,Kjome,137.51654526314758,-137.51654526314758,283.03309052629515,293.4537712702475,138.62943611198907,1.112890848841488,False,1,0,1,True,CONVERGENCE: RELATIVE REDUCTION OF F <= FACTR*EPSMCH,145,21,32,0.9513549148586038,,0.6134236273800435,1e-06,0.30835712291458206,True,1.9352878784943641,7.145628250470509,False,False
q_learning,100,163,Kjome,138.5489013239004,-138.5489013239004,281.0978026478008,286.308143019777,138.62943611198907,0.08053478808866998,False,0,0,0,True,CONVERGENCE: NORM OF PROJECTED GRADIENT <= PGTOL,72,14,3,0.939293929780228,0.020083933887178745,,,,True,0.0,0.0,True,True
pvl_delta,100,164,Kjome,131.6258270603025,-131.6258270603025,271.251654120605,281.67233486455734,138.62943611198907,7.003609051686567,False,0,1,1,True,CONVERGENCE: RELATIVE REDUCTION OF F <= FACTR*EPSMCH,230,20,32,0.999999,,0.2899786447434836,0.9017299785736479,0.35800019690163787,True,0.0,0.7697720012583318,True,False
q_learning,100,164,Kjome,135.8461112456614,-135.8461112456614,275.6922224913228,280.902562863299,138.62943611198907,2.7833248663276606,False,0,1,1,True,CONVERGENCE: NORM OF PROJECTED GRADIENT <= PGTOL,75,15,10,1.0,0.11366632209399981,,,,True,4.440568370717813,0.0,False,True
pvl_delta,100,165,Kjome,122.81411729290765,-122.81411729290765,253.6282345858153,264.0489153297677,138.62943611198907,15.815318819081412,False,0,1,1,True,CONVERGENCE: RELATIVE REDUCTION OF F <= FACTR*EPSMCH,135,24,32,0.999999,,0.06854420252993422,0.10877417865577728,0.7651524930808147,True,0.0,0.0,True,True
q_learning,100,165,Kjome,136.59170343658155,-136.59170343658155,277.1834068731631,282.3937472451393,138.62943611198907,2.0377326754075114,False,0,1,1,True,CONVERGENCE: NORM OF PROJECTED GRADIENT <= PGTOL,15,3,2,1.0,0.09847206145604068,,,,True,23.5551722873478,18.34483191537163,False,False
pvl_delta,100,166,Kjome,118.7269811322426,-118.7269811322426,245.4539622644852,255.87464300843757,138.62943611198907,19.902454979746466,False,0,1,1,True,CONVERGENCE: RELATIVE REDUCTION OF F <= FACTR*EPSMCH,635,90,32,0.00040214755334220826,,0.16306831006413228,5.970107212681282,5.0,True,0.0,0.0,True,True
q_learning,100,166,Kjome,131.97577658022465,-131.97577658022465,267.9515531604493,273.1618935324255,138.62943611198907,6.6536595317644185,False,0,1,1,True,CONVERGENCE: RELATIVE REDUCTION OF F <= FACTR*EPSMCH,177,36,8,0.0006215438274564878,100.0,,,,True,22.497590895964095,17.28725052398792,False,False
pvl_delta,100,167,Kjome,68.61256845399176,-68.61256845399176,145.2251369079835,155.6458176519359,138.62943611198907,70.01686765799731,False,0,0,0,True,CONVERGENCE: RELATIVE REDUCTION OF F <= FACTR*EPSMCH,430,46,32,0.1920962795200125,,0.23478339538492876,0.7703387884853025,1.94045662161329,True,0.0,0.0,True,True
q_learning,100,167,Kjome,123.74258327697629,-123.74258327697629,251.48516655395258,256.6955069259288,138.62943611198907,14.886852835012775,False,0,0,0,True,CONVERGENCE: RELATIVE REDUCTION OF F <= FACTR*EPSMCH,114,21,10,0.012179205004821022,10.129790073352586,,,,True,106.26002964596907,101.0496892739929,False,False
pvl_delta,100,168,Kjome,120.9747887936682,-120.9747887936682,249.9495775873364,260.37025833128877,138.62943611198907,17.65464731832087,False,1,0,1,True,CONVERGENCE: RELATIVE REDUCTION OF F <= FACTR*EPSMCH,115,17,32,0.06083198355003636,,1e-06,0.8129062107255965,1.3035573667134976,True,0.0,0.0,True,True
q_learning,100,168,Kjome,126.24700949613845,-126.24700949613845,256.4940189922769,261.7043593642531,138.62943611198907,12.382426615850619,False,0,1,1,True,CONVERGENCE: RELATIVE REDUCTION OF F <= FACTR*EPSMCH,24,3,9,0.0012013236345778785,100.0,,,,True,6.5444414049405,1.3341010329643268,False,False
pvl_delta,100,169,Kjome,72.46258561724264,-72.46258561724264,152.92517123448528,163.34585197843765,138.62943611198907,66.16685049474643,False,0,0,0,True,CONVERGENCE: RELATIVE REDUCTION OF F <= FACTR*EPSMCH,430,55,32,0.20628339903416795,,0.23283783385586676,0.6207342331118786,1.9356292940211481,True,0.0,0.0,True,True
q_learning,100,169,Kjome,131.66138362910957,-131.66138362910957,267.32276725821913,272.53310763019533,138.62943611198907,6.9680524828795,False,0,1,1,True,CONVERGENCE: NORM OF PROJECTED GRADIENT <= PGTOL,27,4,10,0.0005963355826295896,100.0,,,,True,114.39759602373385,109.18725565175768,False,False
pvl_delta,100,170,Kjome,93.39763540497249,-93.39763540497249,194.79527080994498,205.21595155389736,138.62943611198907,45.231800707016575,False,1,1,2,True,CONVERGENCE: NORM OF PROJECTED GRADIENT <= PGTOL,145,22,32,0.999999,,0.3495189406680782,1e-06,1.2052856934037421,True,0.0,0.0,True,True
q_learning,100,170,Kjome,124.27340939576784,-124.27340939576784,252.54681879153569,257.75715916351186,138.62943611198907,14.356026716221223,False,0,1,1,True,CONVERGENCE: NORM OF PROJECTED GRADIENT <= PGTOL,33,9,10,1.0,0.2823098408903063,,,,True,57.751547981590704,52.5412076096145,False,False
pvl_delta,100,171,Kjome,130.24795399024612,-130.24795399024612,268.49590798049223,278.9165887244446,138.62943611198907,8.381482121742948,False,1,2,3,True,CONVERGENCE: RELATIVE REDUCTION OF F <= FACTR*EPSMCH,180,29,32,0.999999,,1e-06,10.0,0.08124504893617615,True,0.0,0.0,True,True
q_learning,100,171,Kjome,136.999725784378,-136.999725784378,277.999451568756,283.2097919407322,138.62943611198907,1.6297103276110647,False,0,0,0,True,CONVERGENCE: RELATIVE REDUCTION OF F <= FACTR*EPSMCH,33,9,2,0.6971184008273755,0.10379478231291378,,,,True,9.503543588263767,4.293203216287623,False,False
pvl_delta,100,172,Kjome,115.41427302312098,-115.41427302312098,238.82854604624197,249.24922679019434,138.62943611198907,23.21516308886808,False,0,0,0,True,CONVERGENCE: RELATIVE REDUCTION OF F <= FACTR*EPSMCH,180,25,32,0.5947442152107698,,0.6163283929738061,0.13038549675038613,1.1863475183724825,True,0.0,0.0,True,True
q_learning,100,172,Kjome,131.98003961356082,-131.98003961356082,267.96007922712164,273.17041959909784,138.62943611198907,6.649396498428246,False,0,1,1,True,CONVERGENCE: RELATIVE REDUCTION OF F <= FACTR*EPSMCH,30,8,3,1.0,0.14639365692105302,,,,True,29.13153318087967,23.9211928089035,False,False
pvl_delta,100,173,Kjome,109.46415370748953,-109.46415370748953,226.92830741497906,237.34898815893143,138.62943611198907,29.165282404499536,False,0,0,0,True,CONVERGENCE: RELATIVE REDUCTION OF F <= FACTR*EPSMCH,150,19,32,0.3316071970484669,,0.7296781046586255,0.648391877679049,1.2091266962624616,True,0.0,0.0,True,True
q_learning,100,173,Kjome,116.6575924700265,-116.6575924700265,237.315184940053,242.52552531202917,138.62943611198907,21.971843641962565,False,0,0,0,True,CONVERGENCE: RELATIVE REDUCTION OF F <= FACTR*EPSMCH,39,11,10,0.3091984876812112,1.0470293580868029,,,,True,10.386877525073942,5.17653715309774,False,False
pvl_delta,100,174,Kjome,132.19214289452205,-132.19214289452205,272.3842857890441,282.80496653299645,138.62943611198907,6.437293217467015,False,0,1,1,True,CONVERGENCE: RELATIVE REDUCTION OF F <= FACTR*EPSMCH,190,26,32,0.999999,,0.2919059230631166,0.15145061996774378,0.5576804489307465,True,0.0,0.043953542027793446,True,False
q_learning,100,174,Kjome,136.77533630949623,-136.77533630949623,277.55067261899245,282.76101299096865,138.62943611198907,1.85409980249284,False,0,1,1,True,CONVERGENCE: NORM OF PROJECTED GRADIENT <= PGTOL,18,4,10,1.0,0.08891818735823535,,,,True,5.166386829948351,0.0,False,True
pvl_delta,100,175,Kjome,127.50146206012123,-127.50146206012123,263.0029241202425,273.42360486419483,138.62943611198907,11.127974051867838,False,2,0,2,True,CONVERGENCE: RELATIVE REDUCTION OF F <= FACTR*EPSMCH,320,38,32,0.16453236502050927,,1e-06,1e-06,0.9261899711727626,True,0.0,0.0,True,True
q_learning,100,175,Kjome,138.62943611198918,-138.62943611198918,281.25887222397836,286.46921259595456,138.62943611198907,-1.1368683772161603e-13,True,2,0,2,True,CONVERGENCE: NORM OF PROJECTED GRADIENT <= PGTOL,3,0,2,0.0,0.0,,,,True,18.255948103735875,13.04560773175973,False,False
pvl_delta,100,176,Kjome,116.2704532395119,-116.2704532395119,240.5409064790238,250.96158722297616,138.62943611198907,22.35898287247717,False,0,0,0,True,CONVERGENCE: RELATIVE REDUCTION OF F <= FACTR*EPSMCH,85,15,32,0.1741197001288181,,0.8403423845047735,0.6260421417155518,1.2144498509231116,True,0.0,5.197728019319101,True,False
q_learning,100,176,Kjome,118.27675941584044,-118.27675941584044,240.5535188316809,245.76385920365706,138.62943611198907,20.35267669614862,False,0,0,0,True,CONVERGENCE: RELATIVE REDUCTION OF F <= FACTR*EPSMCH,63,17,10,0.06478185490371553,2.8528549824983704,,,,True,0.0126123526571007,0.0,False,True
pvl_delta,100,177,Kjome,112.79957069101187,-112.79957069101187,233.59914138202373,244.0198221259761,138.62943611198907,25.8298654209772,False,1,0,1,True,CONVERGENCE: RELATIVE REDUCTION OF F <= FACTR*EPSMCH,770,93,32,0.10650433255588126,,1e-06,0.38812883101269796,1.2745923379070632,True,0.0,0.0,True,True
q_learning,100,177,Kjome,121.65421977305382,-121.65421977305382,247.30843954610765,252.51877991808382,138.62943611198907,16.97521633893524,False,0,0,0,True,CONVERGENCE: RELATIVE REDUCTION OF F <= FACTR*EPSMCH,60,14,9,0.03635008200587495,5.097342244037924,,,,True,13.709298164083918,8.498957792107717,False,False
pvl_delta,100,178,Kjome,121.85552135983045,-121.85552135983045,251.7110427196609,262.13172346361324,138.62943611198907,16.773914752158618,False,0,0,0,True,CONVERGENCE: RELATIVE REDUCTION OF F <= FACTR*EPSMCH,510,62,32,0.011684583323581089,,0.794801673077155,1.197148166282513,2.487001793014534,True,0.4510296448382576,5.6613700168144305,False,False
q_learning,100,178,Kjome,123.63000653741132,-123.63000653741132,251.26001307482264,256.4703534467988,138.62943611198907,14.999429574577746,False,0,1,1,True,CONVERGENCE: RELATIVE REDUCTION OF F <= FACTR*EPSMCH,225,56,10,0.0012255833590923088,100.0,,,,True,0.0,0.0,True,True
pvl_delta,100,179,Kjome,131.6258270603025,-131.6258270603025,271.251654120605,281.67233486455734,138.62943611198907,7.003609051686567,False,0,1,1,True,CONVERGENCE: RELATIVE REDUCTION OF F <= FACTR*EPSMCH,230,20,32,0.999999,,0.2899786447434836,0.9017299785736479,0.35800019690163787,True,0.0,0.7697720012583318,True,False
q_learning,100,179,Kjome,135.8461112456614,-135.8461112456614,275.6922224913228,280.902562863299,138.62943611198907,2.7833248663276606,False,0,1,1,True,CONVERGENCE: NORM OF PROJECTED GRADIENT <= PGTOL,75,15,10,1.0,0.11366632209399981,,,,True,4.440568370717813,0.0,False,True
pvl_delta,100,180,Kjome,127.5911951535229,-127.5911951535229,263.1823903070458,273.60307105099815,138.62943611198907,11.038240958466162,False,0,1,1,True,CONVERGENCE: RELATIVE REDUCTION OF F <= FACTR*EPSMCH,810,101,32,0.00016368805697324724,,0.8118824625193359,3.258382607701532,5.0,True,2.9262235558121006,8.136563927788245,False,False
q_learning,100,180,Kjome,128.12808337561685,-128.12808337561685,260.2561667512337,265.4665071232099,138.62943611198907,10.501352736372212,False,0,1,1,True,CONVERGENCE: RELATIVE REDUCTION OF F <= FACTR*EPSMCH,249,58,10,0.0009825748894533913,100.0,,,,True,0.0,0.0,True,True
pvl_delta,100,181,Kjome,138.62943611195405,-138.62943611195405,285.2588722239081,295.67955296786045,138.62943611198907,3.501554601825774e-11,True,2,1,3,True,CONVERGENCE: RELATIVE REDUCTION OF F <= FACTR*EPSMCH,25,2,32,1e-06,,2.0,1e-06,4.330205020712873e-07,True,3.9999999999297415,9.210340371905886,False,False
q_learning,100,181,Kjome,138.62943611198918,-138.62943611198918,281.25887222397836,286.46921259595456,138.62943611198907,-1.1368683772161603e-13,True,2,0,2,True,CONVERGENCE: NORM OF PROJECTED GRADIENT <= PGTOL,3,0,2,0.0,0.0,,,,True,0.0,0.0,True,True
pvl_delta,100,182,Maia,120.88315490161884,-120.88315490161884,249.76630980323768,260.18699054719,138.62943611198907,17.746281210370228,False,0,1,1,True,CONVERGENCE: RELATIVE REDUCTION OF F <= FACTR*EPSMCH,410,50,32,0.0008584820903603037,,1.2400463476088346,0.4853206739958548,5.0,True,2.028923794261317,7.23926416623749,False,False
q_learning,100,182,Maia,121.86869300448818,-121.86869300448818,247.73738600897636,252.94772638095253,138.62943611198907,16.760743107500886,False,0,1,1,True,CONVERGENCE: RELATIVE REDUCTION OF F <= FACTR*EPSMCH,54,5,9,0.0014151236721881794,99.99999999995407,,,,True,0.0,0.0,True,True
pvl_delta,100,183,Maia,121.14796624628869,-121.14796624628869,250.29593249257738,260.7166132365297,138.62943611198907,17.481469865700376,False,0,1,1,True,CONVERGENCE: RELATIVE REDUCTION OF F <= FACTR*EPSMCH,530,68,32,0.00020889342688616791,,1.177474607004182,1.8015673054154946,5.0,True,0.0,3.163393836175885,True,False
q_learning,100,183,Maia,124.17143951418883,-124.17143951418883,252.34287902837767,257.55321940035384,138.62943611198907,14.457996597800232,False,0,0,0,True,CONVERGENCE: RELATIVE REDUCTION OF F <= FACTR*EPSMCH,84,25,10,0.016030287880948735,8.269722998573515,,,,True,2.046946535800288,0.0,False,True
pvl_delta,100,184,Maia,124.68695025319323,-124.68695025319323,257.37390050638646,267.7945812503388,138.62943611198907,13.942485858795834,False,0,1,1,True,CONVERGENCE: RELATIVE REDUCTION OF F <= FACTR*EPSMCH,605,86,32,0.00040418486444148246,,0.8996197769797644,1.525919439540151,5.0,True,3.7133876456612143,8.923728017637359,False,False
q_learning,100,184,Maia,124.83025643036262,-124.83025643036262,253.66051286072525,258.87085323270145,138.62943611198907,13.799179681626441,False,0,1,1,True,CONVERGENCE: RELATIVE REDUCTION OF F <= FACTR*EPSMCH,198,38,9,0.0013843646162826854,100.0,,,,True,0.0,0.0,True,True
pvl_delta,100,185,Maia,115.0893932483393,-115.0893932483393,238.1787864966786,248.599467240631,138.62943611198907,23.54004286364976,False,0,0,0,True,CONVERGENCE: RELATIVE REDUCTION OF F <= FACTR*EPSMCH,190,26,32,0.07249159027436815,,0.9062359953370992,0.5167625970080402,2.192095994749757,True,0.0,0.0,True,True
q_learning,100,185,Maia,127.60628506355157,-127.60628506355157,259.21257012710316,264.4229104990793,138.62943611198907,11.023151048437498,False,0,1,1,True,CONVERGENCE: NORM OF PROJECTED GRADIENT <= PGTOL,240,55,10,0.0009451900918199356,100.0,,,,True,21.03378363042455,15.823443258448322,False,False
pvl_delta,100,186,Maia,135.12121708281677,-135.12121708281677,278.24243416563354,288.6631149095859,138.62943611198907,3.5082190291722952,False,0,1,1,True,CONVERGENCE: RELATIVE REDUCTION OF F <= FACTR*EPSMCH,485,60,32,0.0002226966776981479,,0.5296842214062735,2.4988370135908506,5.0,True,1.1139750621086932,6.324315434084838,False,False
q_learning,100,186,Maia,136.56422955176242,-136.56422955176242,277.12845910352485,282.33879947550105,138.62943611198907,2.065206560226642,False,0,1,1,True,CONVERGENCE: RELATIVE REDUCTION OF F <= FACTR*EPSMCH,192,48,10,0.00040893303537914227,100.0,,,,True,0.0,0.0,True,True
pvl_delta,100,187,Maia,105.48012821684152,-105.48012821684152,218.96025643368304,229.38093717763542,138.62943611198907,33.149307895147544,False,0,1,1,True,CONVERGENCE: RELATIVE REDUCTION OF F <= FACTR*EPSMCH,400,46,32,0.0018551540349047448,,1.0340264336384288,0.5224008875739174,5.0,True,0.0,0.0,True,True
q_learning,100,187,Maia,120.20864043207236,-120.20864043207236,244.41728086414471,249.6276212361209,138.62943611198907,18.420795679916708,False,0,1,1,True,CONVERGENCE: RELATIVE REDUCTION OF F <= FACTR*EPSMCH,129,30,9,0.0012898321974221002,100.0,,,,True,25.457024430461672,20.24668405848547,False,False
pvl_delta,100,188,Maia,89.6632051112592,-89.6632051112592,187.3264102225184,197.74709096647078,138.62943611198907,48.96623100072986,False,0,0,0,True,CONVERGENCE: RELATIVE REDUCTION OF F <= FACTR*EPSMCH,365,52,32,0.07704719421692371,,0.6120064580045076,1.7573091892389998,1.8598558445937705,True,0.0,0.0,True,True
q_learning,100,188,Maia,98.94671371762352,-98.94671371762352,201.89342743524705,207.10376780722322,138.62943611198907,39.68272239436554,False,0,0,0,True,CONVERGENCE: RELATIVE REDUCTION OF F <= FACTR*EPSMCH,51,12,10,0.06338353934548001,6.259147358449519,,,,True,14.567017212728643,9.356676840752442,False,False
pvl_delta,100,189,Maia,120.59254261755612,-120.59254261755612,249.18508523511224,259.6057659790646,138.62943611198907,18.036893494432945,False,1,1,2,True,CONVERGENCE: RELATIVE REDUCTION OF F <= FACTR*EPSMCH,120,17,32,0.999999,,1e-06,0.4426282928326477,0.6868891691757161,True,0.0,0.0,True,True
q_learning,100,189,Maia,137.93671339996828,-137.93671339996828,279.87342679993657,285.08376717191277,138.62943611198907,0.6927227120207817,False,0,1,1,True,CONVERGENCE: RELATIVE REDUCTION OF F <= FACTR*EPSMCH,15,3,9,1.0,0.09389306712506275,,,,True,30.688341564824327,25.478001192848183,False,False
pvl_delta,100,190,Maia,121.5816825729805,-121.5816825729805,251.163365145961,261.58404588991334,138.62943611198907,17.047753539008568,False,0,0,0,True,CONVERGENCE: RELATIVE REDUCTION OF F <= FACTR*EPSMCH,370,53,32,0.00628172337288532,,0.7827936771664087,0.6830899581878489,2.9658286854316045,True,0.0,0.0,True,True
q_learning,100,190,Maia,138.62943611198918,-138.62943611198918,281.25887222397836,286.46921259595456,138.62943611198907,-1.1368683772161603e-13,True,2,0,2,True,CONVERGENCE: NORM OF PROJECTED GRADIENT <= PGTOL,3,0,3,0.0,0.0,,,,True,30.095507078017363,24.88516670604122,False,False
pvl_delta,100,191,Maia,134.30855330408286,-134.30855330408286,276.6171066081657,287.0377873521181,138.62943611198907,4.320882807906202,False,0,0,0,True,CONVERGENCE: RELATIVE REDUCTION OF F <= FACTR*EPSMCH,160,23,32,0.5348403117981264,,1.1022924300604182,0.0670194560289354,0.7007549411372272,True,0.0,1.87368490650357,True,False
q_learning,100,191,Maia,137.97688103681915,-137.97688103681915,279.9537620736383,285.1641024456145,138.62943611198907,0.6525550751699143,False,0,0,0,True,CONVERGENCE: RELATIVE REDUCTION OF F <= FACTR*EPSMCH,24,6,3,0.5352401144229996,0.11701961240910692,,,,True,3.3366554654725746,0.0,False,True
pvl_delta,100,192,Maia,121.50875803447087,-121.50875803447087,251.01751606894175,261.4381968128941,138.62943611198907,17.120678077518193,False,2,0,2,True,CONVERGENCE: NORM OF PROJECTED GRADIENT <= PGTOL,510,67,32,0.0692469068114741,,1e-06,1e-06,1.4113843649115896,True,0.0,0.0,True,True
q_learning,100,192,Maia,135.7714283903231,-135.7714283903231,275.5428567806462,280.7531971526224,138.62943611198907,2.858007721665956,False,0,1,1,True,CONVERGENCE: RELATIVE REDUCTION OF F <= FACTR*EPSMCH,183,43,10,0.0004576524621523311,100.0,,,,True,24.525340711704473,19.31500033972833,False,False
pvl_delta,100,193,Maia,73.47085238161615,-73.47085238161615,154.9417047632323,165.36238550718468,138.62943611198907,65.15858373037291,False,0,1,1,True,CONVERGENCE: RELATIVE REDUCTION OF F <= FACTR*EPSMCH,305,42,32,0.0021989371258324046,,0.9946485796699401,0.7219350434321132,5.0,True,0.0,4.170028154831783,True,False
q_learning,100,193,Maia,75.99100849018836,-75.99100849018836,155.98201698037673,161.1923573523529,138.62943611198907,62.6384276218007,False,0,1,1,True,CONVERGENCE: RELATIVE REDUCTION OF F <= FACTR*EPSMCH,27,4,7,0.003948100698690686,100.0,,,,True,1.0403122171444181,0.0,False,True
pvl_delta,100,194,Maia,17.737015283581158,-17.737015283581158,43.474030567162316,53.89471131111468,138.62943611198907,120.89242082840791,False,0,1,1,True,CONVERGENCE: RELATIVE REDUCTION OF F <= FACTR*EPSMCH,270,30,32,0.009390073956407133,,0.838084066618755,1.0579590816902564,5.0,True,0.0,0.0,True,True
q_learning,100,194,Maia,22.364410383313803,-22.364410383313803,48.72882076662761,53.939161138603794,138.62943611198907,116.26502572867525,False,0,1,1,True,CONVERGENCE: RELATIVE REDUCTION OF F <= FACTR*EPSMCH,84,23,6,0.013160482489845507,100.0,,,,True,5.25479019946529,0.044449827489110305,False,False
pvl_delta,100,195,Maia,94.0793229527995,-94.0793229527995,196.158645905599,206.57932664955138,138.62943611198907,44.550113159189564,False,0,0,0,True,CONVERGENCE: RELATIVE REDUCTION OF F <= FACTR*EPSMCH,220,27,32,0.4463389635503815,,0.6340973402380377,0.8861620319618555,1.1665240787532067,True,0.0,0.0,True,True
q_learning,100,195,Maia,100.4043022012355,-100.4043022012355,204.808604402471,210.01894477444716,138.62943611198907,38.22513391075357,False,0,0,0,True,CONVERGENCE: NORM OF PROJECTED GRADIENT <= PGTOL,30,8,10,0.4417840067447445,1.6179052106725627,,,,True,8.649958496871989,3.4396181248957873,False,False
pvl_delta,100,196,Maia,92.92653994364846,-92.92653994364846,193.85307988729693,204.2737606312493,138.62943611198907,45.7028961683406,False,0,1,1,True,CONVERGENCE: RELATIVE REDUCTION OF F <= FACTR*EPSMCH,330,44,32,0.0016265118503800973,,0.7987641226057653,1.0137393885013093,5.0,True,0.0,0.0,True,True
q_learning,100,196,Maia,100.52144269450919,-100.52144269450919,205.04288538901838,210.25322576099455,138.62943611198907,38.107993417479875,False,0,1,1,True,CONVERGENCE: RELATIVE REDUCTION OF F <= FACTR*EPSMCH,138,30,7,0.0026653021763747586,100.0,,,,True,11.189805501721452,5.97946512974525,False,False
pvl_delta,100,197,Maia,122.23050324798359,-122.23050324798359,252.46100649596718,262.88168723991953,138.62943611198907,16.398932864005474,False,1,0,1,True,CONVERGENCE: RELATIVE REDUCTION OF F <= FACTR*EPSMCH,80,14,32,0.8532273524781674,,0.3236313125910879,1e-06,0.8871467033414263,True,0.0,0.0,True,True
q_learning,100,197,Maia,138.49256431075258,-138.49256431075258,280.98512862150517,286.19546899348137,138.62943611198907,0.1368718012364809,False,0,0,0,True,CONVERGENCE: RELATIVE REDUCTION OF F <= FACTR*EPSMCH,39,10,3,0.8398548701918426,0.03824288965985135,,,,True,28.524122125537986,23.31378175356184,False,False
pvl_delta,100,198,Maia,46.52505618102803,-46.52505618102803,101.05011236205605,111.47079310600841,138.62943611198907,92.10437993096104,False,0,1,1,True,CONVERGENCE: RELATIVE REDUCTION OF F <= FACTR*EPSMCH,910,112,32,0.9967534914049081,,2.0,0.00034599971919326516,2.352334726107873,True,0.0,0.0,True,True
q_learning,100,198,Maia,113.50120982389726,-113.50120982389726,231.0024196477945,236.21276001977068,138.62943611198907,25.12822628809181,False,0,1,1,True,CONVERGENCE: RELATIVE REDUCTION OF F <= FACTR*EPSMCH,39,9,10,1.0,0.5299084928174141,,,,True,129.95230728573847,124.74196691376227,False,False
pvl_delta,100,199,Maia,134.5745847265494,-134.5745847265494,277.1491694530988,287.56985019705115,138.62943611198907,4.054851385439662,False,1,1,2,True,CONVERGENCE: NORM OF PROJECTED GRADIENT <= PGTOL,110,19,32,0.999999,,0.21164052788782317,1e-06,0.48682684957248074,True,0.0,2.463845150665236,True,False
q_learning,100,199,Maia,137.94783233720486,-137.94783233720486,279.8956646744097,285.1060050463859,138.62943611198907,0.6816037747842074,False,0,1,1,True,CONVERGENCE: NORM OF PROJECTED GRADIENT <= PGTOL,18,4,8,1.0,0.06948676776911067,,,,True,2.7464952213109086,0.0,False,True
pvl_delta,100,200,Maia,90.40036267167083,-90.40036267167083,188.80072534334167,199.22140608729404,138.62943611198907,48.22907344031823,False,0,1,1,True,CONVERGENCE: RELATIVE REDUCTION OF F <= FACTR*EPSMCH,730,91,32,0.001190026049634144,,0.14530301824558584,5.632211497550666,5.0,True,0.0,0.0,True,True
q_learning,100,200,Maia,102.0616504578651,-102.0616504578651,208.1233009157302,213.33364128770637,138.62943611198907,36.567785654123966,False,0,1,1,True,CONVERGENCE: RELATIVE REDUCTION OF F <= FACTR*EPSMCH,18,3,8,0.0029932114818446817,100.0,,,,True,19.32257557238853,14.112235200412329,False,False
pvl_delta,100,201,Maia,134.86303732019067,-134.86303732019067,277.72607464038134,288.1467553843337,138.62943611198907,3.7663987917983945,False,0,0,0,True,CONVERGENCE: RELATIVE REDUCTION OF F <= FACTR*EPSMCH,160,23,32,0.06266376293834858,,0.7428991617200119,0.8921379718654264,1.0676269276908315,True,0.0,5.065918278319202,True,False
q_learning,100,201,Maia,136.93524836701914,-136.93524836701914,277.8704967340383,283.0808371060145,138.62943611198907,1.6941877449699234,False,0,0,0,True,CONVERGENCE: RELATIVE REDUCTION OF F <= FACTR*EPSMCH,75,14,10,0.0283505466769728,1.573366328298463,,,,True,0.14442209365694225,0.0,False,True
pvl_delta,100,202,Maia,122.03435092506787,-122.03435092506787,252.06870185013574,262.4893825940881,138.62943611198907,16.595085186921196,False,0,0,0,True,CONVERGENCE: RELATIVE REDUCTION OF F <= FACTR*EPSMCH,120,19,32,0.4229234815889208,,0.9988971205358741,0.17022174248692085,1.1791675273729207,True,0.0,0.0,True,True
q_learning,100,202,Maia,131.8496318551973,-131.8496318551973,267.6992637103946,272.9096040823708,138.62943611198907,6.779804256791778,False,0,0,0,True,CONVERGENCE: NORM OF PROJECTED GRADIENT <= PGTOL,69,15,10,0.256700095254637,0.7332431879863214,,,,True,15.630561860258837,10.420221488282664,False,False
pvl_delta,100,203,Maia,133.35169088754807,-133.35169088754807,274.70338177509615,285.1240625190485,138.62943611198907,5.2777452244409915,False,0,1,1,True,CONVERGENCE: RELATIVE REDUCTION OF F <= FACTR*EPSMCH,630,90,32,0.0002893377840538213,,0.4651558125083561,1.8490680765224745,5.0,True,0.0,2.4257702234263547,True,False
q_learning,100,203,Maia,136.74397596182297,-136.74397596182297,277.48795192364594,282.69829229562214,138.62943611198907,1.8854601501660966,False,0,1,1,True,CONVERGENCE: RELATIVE REDUCTION OF F <= FACTR*EPSMCH,42,3,10,0.00037036248161284694,100.0,,,,True,2.78457014854979,0.0,False,True
pvl_delta,100,204,Maia,89.18869540486989,-89.18869540486989,186.37739080973978,196.79807155369215,138.62943611198907,49.440740707119176,False,0,1,1,True,CONVERGENCE: RELATIVE REDUCTION OF F <= FACTR*EPSMCH,490,59,32,0.0013649512650528574,,0.8703121459294649,1.2488386969143743,5.0,True,1.434629767561205,6.644970139537406,False,False
q_learning,100,204,Maia,90.47138052108929,-90.47138052108929,184.94276104217857,190.15310141415475,138.62943611198907,48.15805559089978,False,0,1,1,True,CONVERGENCE: RELATIVE REDUCTION OF F <= FACTR*EPSMCH,24,4,7,0.003398592726681113,100.0,,,,True,0.0,0.0,True,True
pvl_delta,100,205,Maia,135.51948197117656,-135.51948197117656,279.0389639423531,289.45964468630547,138.62943611198907,3.109954140812505,False,0,1,1,True,CONVERGENCE: RELATIVE REDUCTION OF F <= FACTR*EPSMCH,310,28,32,0.7384690549648185,,2.0,0.006772563289386815,0.5062076712793315,True,0.0,3.631533886889656,True,False
q_learning,100,205,Maia,138.3088852137198,-138.3088852137198,280.6177704274396,285.8281107994158,138.62943611198907,0.32055089826926064,False,0,0,0,True,CONVERGENCE: RELATIVE REDUCTION OF F <= FACTR*EPSMCH,36,8,3,0.7242289461386442,0.05739322744357172,,,,True,1.5788064850864885,0.0,False,True
pvl_delta,100,206,Maia,73.84390119497944,-73.84390119497944,155.68780238995888,166.10848313391125,138.62943611198907,64.78553491700963,False,0,1,1,True,CONVERGENCE: RELATIVE REDUCTION OF F <= FACTR*EPSMCH,430,61,32,0.0015246439578858856,,0.8524637254750611,2.272361770616367,5.0,True,0.0,0.0,True,True
q_learning,100,206,Maia,79.86173301442068,-79.86173301442068,163.72346602884136,168.93380640081753,138.62943611198907,58.767703097568386,False,0,0,0,True,CONVERGENCE: RELATIVE REDUCTION OF F <= FACTR*EPSMCH,54,14,7,0.07579718327122502,10.224452134767919,,,,True,8.035663638882482,2.825323266906281,False,False
pvl_delta,100,207,Maia,94.3368175220336,-94.3368175220336,196.6736350440672,207.09431578801957,138.62943611198907,44.29261858995547,False,0,0,0,True,CONVERGENCE: RELATIVE REDUCTION OF F <= FACTR*EPSMCH,190,30,32,0.035389341316688167,,0.41939147408300625,3.9720334013629968,2.1353351072910085,True,0.0,0.0,True,True
q_learning,100,207,Maia,105.12820310929835,-105.12820310929835,214.2564062185967,219.46674659057288,138.62943611198907,33.50123300269071,False,0,0,0,True,CONVERGENCE: NORM OF PROJECTED GRADIENT <= PGTOL,63,12,9,0.034746459457098124,10.843726542065253,,,,True,17.582771174529512,12.37243080255331,False,False
pvl_delta,100,208,Maia,121.49140529396382,-121.49140529396382,250.98281058792764,261.40349133188,138.62943611198907,17.138030818025243,False,0,1,1,True,CONVERGENCE: RELATIVE REDUCTION OF F <= FACTR*EPSMCH,490,67,32,0.0003065953915558713,,0.35488485194675434,7.122348911878515,5.0,True,0.0,0.0,True,True
q_learning,100,208,Maia,127.38055144824983,-127.38055144824983,258.76110289649966,263.97144326847587,138.62943611198907,11.248884663739233,False,0,1,1,True,CONVERGENCE: RELATIVE REDUCTION OF F <= FACTR*EPSMCH,186,42,10,0.0013186199783942222,100.0,,,,True,7.77829230857202,2.5679519365958754,False,False
pvl_delta,100,209,Maia,131.2857676274122,-131.2857676274122,270.5715352548244,280.99221599877677,138.62943611198907,7.3436684845768525,False,0,1,1,True,CONVERGENCE: RELATIVE REDUCTION OF F <= FACTR*EPSMCH,225,30,32,0.999999,,1.54556936557804,0.014918777083526865,0.6226079178532544,True,0.0,0.9963887333887556,True,False
q_learning,100,209,Maia,135.3927434467059,-135.3927434467059,274.7854868934118,279.995827265388,138.62943611198907,3.236692665283158,False,0,1,1,True,CONVERGENCE: RELATIVE REDUCTION OF F <= FACTR*EPSMCH,21,4,2,1.0,0.13743142588947796,,,,True,4.213951638587389,0.0,False,True
pvl_delta,100,210,Maia,47.01287992831971,-47.01287992831971,102.02575985663943,112.44644060059179,138.62943611198907,91.61655618366936,False,0,0,0,True,CONVERGENCE: RELATIVE REDUCTION OF F <= FACTR*EPSMCH,265,38,32,0.00636140264171042,,0.9362366360030894,0.966564177334255,4.176441219544679,True,2.1591726936815263,7.369513065657699,False,False
q_learning,100,210,Maia,47.93329358147895,-47.93329358147895,99.8665871629579,105.07692753493409,138.62943611198907,90.69614253051012,False,0,1,1,True,CONVERGENCE: RELATIVE REDUCTION OF F <= FACTR*EPSMCH,117,29,8,0.006005827066774077,100.0,,,,True,0.0,0.0,True,True
pvl_delta,100,211,Maia,132.22121065072432,-132.22121065072432,272.44242130144863,282.863102045401,138.62943611198907,6.408225461264749,False,1,0,1,True,CONVERGENCE: RELATIVE REDUCTION OF F <= FACTR*EPSMCH,140,23,32,0.13453128088367775,,1e-06,0.15486089121136043,0.9062339299782557,True,0.0,0.0,True,True
q_learning,100,211,Maia,138.62943611198918,-138.62943611198918,281.25887222397836,286.46921259595456,138.62943611198907,-1.1368683772161603e-13,True,2,0,2,True,CONVERGENCE: NORM OF PROJECTED GRADIENT <= PGTOL,3,0,2,0.0,0.0,,,,True,8.816450922529725,3.6061105505535807,False,False
pvl_delta,100,212,Maia,123.57315440229314,-123.57315440229314,255.14630880458628,265.56698954853863,138.62943611198907,15.056281709695924,False,0,1,1,True,CONVERGENCE: RELATIVE REDUCTION OF F <= FACTR*EPSMCH,450,56,32,0.000775941498797307,,0.5594114669561232,1.7245514802111055,5.0,True,0.0,0.0,True,True
q_learning,100,212,Maia,138.20366535237804,-138.20366535237804,280.4073307047561,285.6176710767323,138.62943611198907,0.4257707596110265,False,0,1,1,True,CONVERGENCE: NORM OF PROJECTED GRADIENT <= PGTOL,21,5,9,1.0,0.06076069674499741,,,,True,25.261021900169794,20.05068152819365,False,False
pvl_delta,100,213,Maia,129.10904149944554,-129.10904149944554,266.2180829988911,276.6387637428434,138.62943611198907,9.520394612543527,False,1,0,1,True,CONVERGENCE: NORM OF PROJECTED GRADIENT <= PGTOL,105,17,32,0.6201384393478286,,0.4146641999072914,1e-06,0.8890626169221079,True,0.0,0.0,True,True
q_learning,100,213,Maia,136.34453328211072,-136.34453328211072,276.68906656422143,281.89940693619764,138.62943611198907,2.284902829878348,False,0,1,1,True,CONVERGENCE: NORM OF PROJECTED GRADIENT <= PGTOL,75,15,10,1.0,0.1224549694951042,,,,True,10.470983565330357,5.260643193354213,False,False
pvl_delta,100,214,Maia,53.341222166909645,-53.341222166909645,114.68244433381929,125.10312507777167,138.62943611198907,85.28821394507942,False,0,1,1,True,CONVERGENCE: RELATIVE REDUCTION OF F <= FACTR*EPSMCH,325,47,32,0.001911286741031377,,0.6403867585002537,2.8011031882622897,5.0,True,0.0,0.0,True,True
q_learning,100,214,Maia,59.26670548804243,-59.26670548804243,122.53341097608487,127.74375134806105,138.62943611198907,79.36273062394663,False,0,1,1,True,CONVERGENCE: RELATIVE REDUCTION OF F <= FACTR*EPSMCH,111,26,8,0.006015655876815408,100.0,,,,True,7.8509666422655755,2.6406262702893883,False,False
pvl_delta,100,215,Maia,46.42013042419256,-46.42013042419256,100.84026084838511,111.26094159233747,138.62943611198907,92.2093056877965,False,0,0,0,True,CONVERGENCE: RELATIVE REDUCTION OF F <= FACTR*EPSMCH,260,25,32,0.012217274128829456,,0.3760776847600231,2.598717899658401,3.712074722115468,True,0.0,0.0,True,True
q_learning,100,215,Maia,58.628381382939565,-58.628381382939565,121.25676276587913,126.46710313785532,138.62943611198907,80.0010547290495,False,0,1,1,True,CONVERGENCE: RELATIVE REDUCTION OF F <= FACTR*EPSMCH,30,5,8,0.006081356357972506,100.0,,,,True,20.416501917494017,15.206161545517844,False,False
pvl_delta,100,216,Maia,128.56148956939396,-128.56148956939396,265.1229791387879,275.54365988274026,138.62943611198907,10.06794654259511,False,1,1,2,True,CONVERGENCE: RELATIVE REDUCTION OF F <= FACTR*EPSMCH,395,37,32,0.00028749981158287467,,2.0,1e-06,4.999999865760021,True,0.0,0.0,True,True
q_learning,100,216,Maia,138.35345569177116,-138.35345569177116,280.7069113835423,285.9172517555185,138.62943611198907,0.2759804202179055,False,0,1,1,True,CONVERGENCE: RELATIVE REDUCTION OF F <= FACTR*EPSMCH,33,10,3,1.0,0.03923490941097244,,,,True,15.583932244754408,10.373591872778263,False,False
pvl_delta,100,217,Maia,133.09840926025913,-133.09840926025913,274.19681852051826,284.6174992644706,138.62943611198907,5.5310268517299335,False,0,1,1,True,CONVERGENCE: RELATIVE REDUCTION OF F <= FACTR*EPSMCH,775,102,32,7.345644134911122e-05,,0.23019738772070175,10.0,4.945814646364831,True,0.0,1.391980544012256,True,False
q_learning,100,217,Maia,137.00758917424108,-137.00758917424108,278.01517834848215,283.22551872045835,138.62943611198907,1.6218469377479892,False,0,1,1,True,CONVERGENCE: RELATIVE REDUCTION OF F <= FACTR*EPSMCH,342,78,10,0.00035177079411430437,100.0,,,,True,3.8183598279638886,0.0,False,True
pvl_delta,100,218,Maia,114.44546500858142,-114.44546500858142,236.89093001716284,247.31161076111522,138.62943611198907,24.183971103407643,False,1,0,1,True,CONVERGENCE: NORM OF PROJECTED GRADIENT <= PGTOL,255,26,32,0.5755311010345153,,1e-06,0.10192444306745475,1.1864827862571727,True,0.0,0.0,True,True
q_learning,100,218,Maia,131.2794602152208,-131.2794602152208,266.5589204304416,271.7692608024178,138.62943611198907,7.349975896768257,False,0,1,1,True,CONVERGENCE: RELATIVE REDUCTION OF F <= FACTR*EPSMCH,15,3,2,1.0,0.24008054014595478,,,,True,29.667990413278773,24.4576500413026,False,False
pvl_delta,100,219,Maia,116.67793915388555,-116.67793915388555,241.3558783077711,251.77655905172347,138.62943611198907,21.95149695810352,False,0,1,1,True,CONVERGENCE: RELATIVE REDUCTION OF F <= FACTR*EPSMCH,425,63,32,0.0004787870907862052,,0.8210721205204511,1.8540657329889532,4.999999992567854,True,1.7473875352674497,6.957727907243651,False,False
q_learning,100,219,Maia,117.80424538625182,-117.80424538625182,239.60849077250364,244.81883114447982,138.62943611198907,20.825190725737244,False,0,1,1,True,CONVERGENCE: RELATIVE REDUCTION OF F <= FACTR*EPSMCH,63,6,9,0.0016405042937019975,99.99999999804959,,,,True,0.0,0.0,True,True
pvl_delta,100,220,Maia,86.99831218966006,-86.99831218966006,181.9966243793201,192.41730512327248,138.62943611198907,51.63112392232901,False,0,0,0,True,CONVERGENCE: RELATIVE REDUCTION OF F <= FACTR*EPSMCH,310,45,32,0.060500443817340314,,0.5659991423529032,2.000655243018935,2.05616819175083,True,0.0,0.0,True,True
q_learning,100,220,Maia,96.9158546787228,-96.9158546787228,197.8317093574456,203.04204972942176,138.62943611198907,41.71358143326627,False,0,0,0,True,CONVERGENCE: RELATIVE REDUCTION OF F <= FACTR*EPSMCH,60,11,8,0.04860355628349235,10.53830069145331,,,,True,15.83508497812548,10.624744606149278,False,False
pvl_delta,100,221,Maia,122.95073376594512,-122.95073376594512,253.90146753189023,264.3221482758426,138.62943611198907,15.678702346043949,False,0,0,0,True,CONVERGENCE: RELATIVE REDUCTION OF F <= FACTR*EPSMCH,265,32,32,0.018731369048217428,,0.40892074696946756,2.5112966567101234,2.077158855280466,True,0.0,0.0,True,True
q_learning,100,221,Maia,132.53180149093006,-132.53180149093006,269.06360298186013,274.27394335383633,138.62943611198907,6.097634621059001,False,0,1,1,True,CONVERGENCE: RELATIVE REDUCTION OF F <= FACTR*EPSMCH,195,43,9,0.0007966598653353342,100.0,,,,True,15.162135449969895,9.951795077993722,False,False
pvl_delta,100,292,Premkumar,100.59424658792935,-100.59424658792935,209.1884931758587,219.60917391981107,138.62943611198907,38.03518952405972,False,1,0,1,True,CONVERGENCE: RELATIVE REDUCTION OF F <= FACTR*EPSMCH,485,68,32,0.07764481276491805,,0.9659752829650142,1e-06,1.3108849517949486,True,0.0,0.0,True,True
q_learning,100,292,Premkumar,138.62943611198918,-138.62943611198918,281.25887222397836,286.46921259595456,138.62943611198907,-1.1368683772161603e-13,True,2,0,2,True,CONVERGENCE: NORM OF PROJECTED GRADIENT <= PGTOL,3,0,2,0.0,0.0,,,,True,72.07037904811966,66.86003867614349,False,False
pvl_delta,100,293,Premkumar,136.66231792056394,-136.66231792056394,281.3246358411279,291.7453165850802,138.62943611198907,1.9671181914251292,False,1,1,2,True,CONVERGENCE: RELATIVE REDUCTION OF F <= FACTR*EPSMCH,230,22,32,0.0001857394165428693,,0.3159877896893991,1e-06,5.0,True,0.274202020022301,5.4845423919984455,False,False
q_learning,100,293,Premkumar,138.52521691055279,-138.52521691055279,281.05043382110557,286.2607741930818,138.62943611198907,0.10421920143627972,False,0,0,0,True,CONVERGENCE: RELATIVE REDUCTION OF F <= FACTR*EPSMCH,267,59,10,8.297487678937867e-05,96.5155988760322,,,,True,0.0,0.0,True,True
pvl_delta,100,294,Premkumar,127.61233356886936,-127.61233356886936,263.2246671377387,273.64534788169107,138.62943611198907,11.017102543119705,False,1,1,2,True,CONVERGENCE: RELATIVE REDUCTION OF F <= FACTR*EPSMCH,230,25,32,0.0002981999567348215,,1e-06,1.0313565002428178,5.0,True,0.0,3.974420704507338,True,False
q_learning,100,294,Premkumar,130.23029340260376,-130.23029340260376,264.4605868052075,269.6709271771837,138.62943611198907,8.399142709385302,False,0,1,1,True,CONVERGENCE: RELATIVE REDUCTION OF F <= FACTR*EPSMCH,192,40,8,0.0007643487023457941,100.0,,,,True,1.2359196674688064,0.0,False,True
pvl_delta,100,295,Premkumar,106.62097175264256,-106.62097175264256,221.24194350528512,231.6626242492375,138.62943611198907,32.008464359346505,False,0,0,0,True,CONVERGENCE: RELATIVE REDUCTION OF F <= FACTR*EPSMCH,240,32,32,0.025692207113268025,,1.2838287709855707,0.547059134974821,2.60368254575424,True,0.0,1.2634068534793528,True,False
q_learning,100,295,Premkumar,110.59443851189098,-110.59443851189098,225.18887702378197,230.39921739575814,138.62943611198907,28.03499760009808,False,0,0,0,True,CONVERGENCE: RELATIVE REDUCTION OF F <= FACTR*EPSMCH,87,23,8,0.011632107001260883,26.647532101428883,,,,True,3.9469335184968486,0.0,False,True
pvl_delta,100,296,Premkumar,128.2115710952368,-128.2115710952368,264.4231421904736,274.84382293442593,138.62943611198907,10.417865016752273,False,0,0,0,True,CONVERGENCE: RELATIVE REDUCTION OF F <= FACTR*EPSMCH,85,15,32,0.28993271233779155,,0.20043637211461374,0.20938104520998022,1.0395662409931397,True,0.0,0.0,True,True
q_learning,100,296,Premkumar,138.62943611198918,-138.62943611198918,281.25887222397836,286.46921259595456,138.62943611198907,-1.1368683772161603e-13,True,2,0,2,True,CONVERGENCE: NORM OF PROJECTED GRADIENT <= PGTOL,3,0,3,0.0,0.0,,,,True,16.835730033504774,11.62538966152863,False,False
pvl_delta,100,297,Premkumar,99.93845533983789,-99.93845533983789,207.87691067967577,218.29759142362815,138.62943611198907,38.69098077215118,False,0,0,0,True,CONVERGENCE: RELATIVE REDUCTION OF F <= FACTR*EPSMCH,235,35,32,0.0525466557452155,,0.8357074945853069,1.3384380814219377,2.048502100176277,True,2.066629467930454,7.276969839906656,False,False
q_learning,100,297,Premkumar,100.90514060587266,-100.90514060587266,205.81028121174532,211.0206215837215,138.62943611198907,37.724295506116405,False,0,0,0,True,CONVERGENCE: RELATIVE REDUCTION OF F <= FACTR*EPSMCH,78,23,10,0.04574546303195867,9.807926876327373,,,,True,0.0,0.0,True,True
pvl_delta,100,298,Premkumar,83.48723649673148,-83.48723649673148,174.97447299346297,185.39515373741534,138.62943611198907,55.14219961525758,False,0,0,0,True,CONVERGENCE: RELATIVE REDUCTION OF F <= FACTR*EPSMCH,235,29,32,0.9304150217611848,,1.9908436900056914,0.0006873816620537743,1.2460803951082717,True,0.0,0.0,True,True
q_learning,100,298,Premkumar,131.12641229783372,-131.12641229783372,266.25282459566745,271.46316496764365,138.62943611198907,7.503023814155341,False,0,1,1,True,CONVERGENCE: RELATIVE REDUCTION OF F <= FACTR*EPSMCH,21,3,2,1.0,0.13029788517285315,,,,True,91.27835160220448,86.06801123022831,False,False
pvl_delta,100,299,Premkumar,99.68925172317853,-99.68925172317853,207.37850344635706,217.79918419030943,138.62943611198907,38.940184388810536,False,0,0,0,True,CONVERGENCE: RELATIVE REDUCTION OF F <= FACTR*EPSMCH,675,91,32,0.034727246390285495,,0.6335006304267863,1.9910118915225627,2.211643271333827,True,0.0,4.99782773451318,True,False
q_learning,100,299,Premkumar,101.79550804191004,-101.79550804191004,207.59101608382008,212.80135645579625,138.62943611198907,36.833928070079025,False,0,0,0,True,CONVERGENCE: RELATIVE REDUCTION OF F <= FACTR*EPSMCH,63,17,10,0.034932259971832705,10.093077699110745,,,,True,0.2125126374630213,0.0,False,True
pvl_delta,100,300,Premkumar,120.91945526943756,-120.91945526943756,249.83891053887513,260.2595912828275,138.62943611198907,17.709980842551502,False,0,0,0,True,CONVERGENCE: RELATIVE REDUCTION OF F <= FACTR*EPSMCH,885,118,32,0.04516111047218873,,0.8534096459207962,0.830711781552757,1.6635625866804413,True,0.5064393280453885,5.71677970002159,False,False
q_learning,100,300,Premkumar,122.66623560541487,-122.66623560541487,249.33247121082974,254.5428115828059,138.62943611198907,15.963200506574196,False,0,1,1,True,CONVERGENCE: RELATIVE REDUCTION OF F <= FACTR*EPSMCH,21,2,10,0.0011318301490786326,100.0,,,,True,0.0,0.0,True,True
pvl_delta,100,301,Premkumar,131.69868217585298,-131.69868217585298,271.39736435170596,281.8180450956583,138.62943611198907,6.930753936136085,False,0,1,1,True,CONVERGENCE: RELATIVE REDUCTION OF F <= FACTR*EPSMCH,280,41,32,0.19534983353164054,,2.0,8.894822532808424,0.010644800363762847,True,0.0,0.0,True,True
q_learning,100,301,Premkumar,136.9631081831059,-136.9631081831059,277.9262163662118,283.136556738188,138.62943611198907,1.6663279288831632,False,0,0,0,True,CONVERGENCE: RELATIVE REDUCTION OF F <= FACTR*EPSMCH,21,5,3,0.4384306809453224,0.24225660290610956,,,,True,6.528852014505844,1.3185116425296997,False,False
pvl_delta,100,302,Premkumar,82.67403436996719,-82.67403436996719,173.34806873993438,183.76874948388675,138.62943611198907,55.95540174202188,False,0,0,0,True,CONVERGENCE: NORM OF PROJECTED GRADIENT <= PGTOL,155,26,32,0.0977840849860326,,0.531332931497414,1.420083702878239,2.2085781413563277,True,0.0,0.0,True,True
q_learning,100,302,Premkumar,91.38454918684168,-91.38454918684168,186.76909837368336,191.97943874565954,138.62943611198907,47.244886925147384,False,0,0,0,True,CONVERGENCE: RELATIVE REDUCTION OF F <= FACTR*EPSMCH,51,10,8,0.05816607115935672,9.435063499377994,,,,True,13.421029633748986,8.210689261772785,False,False
pvl_delta,100,303,Premkumar,134.7283857954088,-134.7283857954088,277.4567715908176,287.87745233476994,138.62943611198907,3.9010503165802675,False,1,2,3,True,CONVERGENCE: NORM OF PROJECTED GRADIENT <= PGTOL,245,37,32,0.999999,,1e-06,10.0,0.05724858447618208,True,0.0,5.124134916533933,True,False
q_learning,100,303,Premkumar,136.7714885231299,-136.7714885231299,277.5429770462598,282.753317418236,138.62943611198907,1.8579475888591617,False,0,1,1,True,CONVERGENCE: NORM OF PROJECTED GRADIENT <= PGTOL,12,1,10,1.0,0.10360995568916118,,,,True,0.08620545544221159,0.0,False,True
pvl_delta,100,304,Premkumar,105.50964321130597,-105.50964321130597,219.01928642261194,229.43996716656432,138.62943611198907,33.119792900683095,False,0,0,0,True,CONVERGENCE: RELATIVE REDUCTION OF F <= FACTR*EPSMCH,205,30,32,0.5414552330039824,,0.4943698352073982,0.7229833374095695,1.0718634055945913,True,0.0,0.0,True,True
q_learning,100,304,Premkumar,116.49819642221561,-116.49819642221561,236.99639284443123,242.2067332164074,138.62943611198907,22.13123968977345,False,0,0,0,True,CONVERGENCE: NORM OF PROJECTED GRADIENT <= PGTOL,39,7,9,0.6605660202604003,0.7189385369819512,,,,True,17.977106421819286,12.766766049843085,False,False
pvl_delta,100,305,Premkumar,64.577034460904,-64.577034460904,137.154068921808,147.57474966576038,138.62943611198907,74.05240165108506,False,0,0,0,True,CONVERGENCE: NORM OF PROJECTED GRADIENT <= PGTOL,110,16,32,0.4291572502051899,,0.7605870930012384,1.604774973230278,1.1328095662131663,True,1.1876899067759723,6.398030278752174,False,False
q_learning,100,305,Premkumar,65.98318950751602,-65.98318950751602,135.96637901503203,141.1767193870082,138.62943611198907,72.64624660447305,False,0,0,0,True,CONVERGENCE: NORM OF PROJECTED GRADIENT <= PGTOL,42,13,7,0.39516762555226354,3.4479984519686946,,,,True,0.0,0.0,True,True
pvl_delta,100,306,Premkumar,91.543312625539,-91.543312625539,191.086625251078,201.50730599503038,138.62943611198907,47.08612348645006,False,0,0,0,True,CONVERGENCE: RELATIVE REDUCTION OF F <= FACTR*EPSMCH,335,34,32,0.14768460546710171,,0.8283706817022146,0.4655875644943987,1.8918477228943478,True,0.0,0.0,True,True
q_learning,100,306,Premkumar,114.42523258153109,-114.42523258153109,232.85046516306218,238.06080553503836,138.62943611198907,24.204203530457974,False,0,0,0,True,CONVERGENCE: NORM OF PROJECTED GRADIENT <= PGTOL,81,19,10,0.012431268756815772,11.067037175945272,,,,True,41.76383991198418,36.55349954000798,False,False
pvl_delta,100,307,Premkumar,103.635450539073,-103.635450539073,215.270901078146,225.69158182209839,138.62943611198907,34.99398557291606,False,0,1,1,True,CONVERGENCE: RELATIVE REDUCTION OF F <= FACTR*EPSMCH,395,51,32,0.001704188996205302,,1.16786384176164,0.35523026131076046,5.0,True,0.0,0.0,True,True
q_learning,100,307,Premkumar,109.98879758283137,-109.98879758283137,223.97759516566273,229.1879355376389,138.62943611198907,28.640638529157698,False,0,1,1,True,CONVERGENCE: RELATIVE REDUCTION OF F <= FACTR*EPSMCH,60,6,9,0.0017552026613493151,99.99999999897595,,,,True,8.706694087516723,3.496353715540522,False,False
pvl_delta,100,308,Premkumar,127.78849655366827,-127.78849655366827,263.57699310733653,273.9976738512889,138.62943611198907,10.840939558320798,False,0,0,0,True,CONVERGENCE: RELATIVE REDUCTION OF F <= FACTR*EPSMCH,1185,170,32,0.021410217515938457,,0.938728011974736,0.89130315848706,1.868695015355104,True,3.436816707488447,8.647157079464591,False,False
q_learning,100,308,Premkumar,128.07008819992404,-128.07008819992404,260.1401763998481,265.3505167718243,138.62943611198907,10.559347912065022,False,0,1,1,True,CONVERGENCE: RELATIVE REDUCTION OF F <= FACTR*EPSMCH,351,77,10,0.000987410172441927,100.0,,,,True,0.0,0.0,True,True
pvl_delta,100,309,Premkumar,104.24653203597344,-104.24653203597344,216.4930640719469,226.91374481589926,138.62943611198907,34.38290407601562,False,2,0,2,True,CONVERGENCE: RELATIVE REDUCTION OF F <= FACTR*EPSMCH,335,47,32,0.10675773589484273,,1e-06,1e-06,1.4713357271330918,True,0.0,0.0,True,True
q_learning,100,309,Premkumar,128.84157494345826,-128.84157494345826,261.6831498869165,266.8934902588927,138.62943611198907,9.78786116853081,False,0,0,0,True,CONVERGENCE: RELATIVE REDUCTION OF F <= FACTR*EPSMCH,66,15,9,0.01199550097431686,11.469024680655261,,,,True,45.19008581496962,39.97974544299345,False,False
pvl_delta,100,310,Premkumar,121.04518928045792,-121.04518928045792,250.09037856091584,260.5110593048682,138.62943611198907,17.584246831531146,False,0,0,0,True,CONVERGENCE: RELATIVE REDUCTION OF F <= FACTR*EPSMCH,190,28,32,0.3953007569638353,,0.014659050682932108,0.1872256503338546,1.2210588248088532,True,0.0,0.0,True,True
q_learning,100,310,Premkumar,137.6724949591449,-137.6724949591449,279.3449899182898,284.555330290266,138.62943611198907,0.9569411528441663,False,0,1,1,True,CONVERGENCE: NORM OF PROJECTED GRADIENT <= PGTOL,18,4,2,1.0,0.06460097714577656,,,,True,29.25461135737396,24.044270985397816,False,False
pvl_delta,100,311,Premkumar,125.43339045158083,-125.43339045158083,258.86678090316167,269.287461647114,138.62943611198907,13.196045660408231,False,2,0,2,True,CONVERGENCE: RELATIVE REDUCTION OF F <= FACTR*EPSMCH,430,55,32,0.06988041406653439,,1e-06,1e-06,1.1318590210478785,True,0.0,0.0,True,True
q_learning,100,311,Premkumar,134.180122723505,-134.180122723505,272.36024544701,277.5705858189862,138.62943611198907,4.449313388484057,False,0,1,1,True,CONVERGENCE: RELATIVE REDUCTION OF F <= FACTR*EPSMCH,156,31,8,0.0006973315559014373,100.0,,,,True,13.493464543848347,8.283124171872203,False,False
pvl_delta,100,312,Premkumar,127.11624802359873,-127.11624802359873,262.23249604719746,272.6531767911498,138.62943611198907,11.513188088390336,False,0,0,0,True,CONVERGENCE: RELATIVE REDUCTION OF F <= FACTR*EPSMCH,635,77,32,0.00012687612842161077,,1.041917474581126,2.6522622847096784,4.996908225532576,True,2.113052878334827,7.323393250310971,False,False
q_learning,100,312,Premkumar,128.05972158443132,-128.05972158443132,260.11944316886263,265.32978354083883,138.62943611198907,10.56971452755775,False,0,1,1,True,CONVERGENCE: RELATIVE REDUCTION OF F <= FACTR*EPSMCH,234,45,10,0.0009753324397277503,100.0,,,,True,0.0,0.0,True,True
pvl_delta,100,313,Premkumar,128.65528277208097,-128.65528277208097,265.31056554416193,275.7312462881143,138.62943611198907,9.9741533399081,False,0,0,0,True,CONVERGENCE: RELATIVE REDUCTION OF F <= FACTR*EPSMCH,155,23,32,0.11320295753338193,,0.9448607297753852,0.5463999810517419,1.2797566032101344,True,0.0,4.323594712399142,True,False
q_learning,100,313,Premkumar,131.09865560186947,-131.09865560186947,266.19731120373893,271.40765157571514,138.62943611198907,7.530780510119598,False,0,0,0,True,CONVERGENCE: RELATIVE REDUCTION OF F <= FACTR*EPSMCH,108,26,10,0.1017876236187872,1.189166001921373,,,,True,0.8867456595770022,0.0,False,True
pvl_delta,100,314,Premkumar,96.37278322037997,-96.37278322037997,200.74556644075994,211.16624718471232,138.62943611198907,42.25665289160909,False,0,0,0,True,CONVERGENCE: RELATIVE REDUCTION OF F <= FACTR*EPSMCH,730,94,32,0.04133253545632252,,0.7201682424589385,2.0151109315921265,2.1229987030362345,True,0.0,2.396570377242057,True,False
q_learning,100,314,Premkumar,99.77966821774704,-99.77966821774704,203.5593364354941,208.76967680747026,138.62943611198907,38.84976789424202,False,0,0,0,True,CONVERGENCE: RELATIVE REDUCTION OF F <= FACTR*EPSMCH,87,23,10,0.0646071603102581,7.465396270046678,,,,True,2.8137699947341446,0.0,False,True
pvl_delta,100,315,Premkumar,134.77166574478153,-134.77166574478153,277.54333148956306,287.9640122335154,138.62943611198907,3.857770367207536,False,1,0,1,True,CONVERGENCE: RELATIVE REDUCTION OF F <= FACTR*EPSMCH,610,76,32,0.8575378054589493,,1.664794477658485,1e-06,0.4531785830258146,True,0.0,1.4947996375608454,True,False
q_learning,100,315,Premkumar,138.62943611198918,-138.62943611198918,281.25887222397836,286.46921259595456,138.62943611198907,-1.1368683772161603e-13,True,2,0,2,True,CONVERGENCE: NORM OF PROJECTED GRADIENT <= PGTOL,3,0,2,0.0,0.0,,,,True,3.715540734415299,0.0,False,True
pvl_delta,100,316,Premkumar,88.3775705171268,-88.3775705171268,184.7551410342536,195.17582177820597,138.62943611198907,50.25186559486227,False,0,1,1,True,CONVERGENCE: RELATIVE REDUCTION OF F <= FACTR*EPSMCH,160,26,32,0.3578655964813726,,0.4734186033814754,10.0,0.40862631587384973,True,0.0,0.0,True,True
q_learning,100,316,Premkumar,102.06622062037981,-102.06622062037981,208.13244124075962,213.3427816127358,138.62943611198907,36.563215491609256,False,0,0,0,True,CONVERGENCE: RELATIVE REDUCTION OF F <= FACTR*EPSMCH,78,15,10,0.0712964662652792,7.070390426866954,,,,True,23.37730020650602,18.16695983452982,False,False
pvl_delta,150,1,Steingroever2011,206.84440931294748,-206.84440931294748,421.68881862589495,433.73135980228,207.94415416798358,1.099744855036107,False,1,0,1,True,CONVERGENCE: RELATIVE REDUCTION OF F <= FACTR*EPSMCH,155,22,32,0.7291255818124299,,1.7141242502950886,1e-06,0.283015937162916,True,2.0388247673000137,8.060095355492535,False,False
q_learning,150,1,Steingroever2011,207.82499692929747,-207.82499692929747,419.64999385859494,425.67126444678746,207.94415416798358,0.11915723868611394,False,0,0,0,True,CONVERGENCE: RELATIVE REDUCTION OF F <= FACTR*EPSMCH,27,7,3,0.3715875794961732,0.05634105895461507,,,,True,0.0,0.0,True,True
pvl_delta,150,2,Steingroever2011,190.46690757977777,-190.46690757977777,388.93381515955554,400.9763563359406,207.94415416798358,17.477246588205816,False,1,1,2,True,CONVERGENCE: RELATIVE REDUCTION OF F <= FACTR*EPSMCH,580,77,32,0.999999,,1.1340052200008952,1e-06,0.7288888485127804,True,0.0,0.0,True,True
q_learning,150,2,Steingroever2011,207.29271335881495,-207.29271335881495,418.5854267176299,424.6066973058224,207.94415416798358,0.6514408091686335,False,0,1,1,True,CONVERGENCE: NORM OF PROJECTED GRADIENT <= PGTOL,15,3,2,1.0,0.05967921159993736,,,,True,29.651611558074364,23.630340969881843,False,False
pvl_delta,150,3,Steingroever2011,87.43595016423583,-87.43595016423583,182.87190032847167,194.91444150485668,207.94415416798358,120.50820400374775,False,0,0,0,True,CONVERGENCE: RELATIVE REDUCTION OF F <= FACTR*EPSMCH,875,108,32,0.2473629468023142,,0.7058922818352865,0.3731924378692576,2.2261912739404797,True,0.0,0.0,True,True
q_learning,150,3,Steingroever2011,159.61576856875072,-159.61576856875072,323.23153713750145,329.25280772569397,207.94415416798358,48.32838559923286,False,0,0,0,True,CONVERGENCE: NORM OF PROJECTED GRADIENT <= PGTOL,27,5,10,0.6780447800242104,0.8929218376502962,,,,True,140.35963680902978,134.3383662208373,False,False
pvl_delta,150,4,Steingroever2011,93.60090147529745,-93.60090147529745,195.2018029505949,207.2443441269799,207.94415416798358,114.34325269268614,False,0,0,0,True,CONVERGENCE: RELATIVE REDUCTION OF F <= FACTR*EPSMCH,320,44,32,0.030197358870465103,,1.1640494525410991,0.4496589422358042,2.7765607474481384,True,0.0,0.0,True,True
q_learning,150,4,Steingroever2011,103.40882367543325,-103.40882367543325,210.8176473508665,216.83891793905903,207.94415416798358,104.53533049255033,False,0,0,0,True,CONVERGENCE: RELATIVE REDUCTION OF F <= FACTR*EPSMCH,96,24,8,0.009915517948866167,29.87286796179231,,,,True,15.615844400271612,9.594573812079119,False,False
pvl_delta,150,5,Steingroever2011,51.858580863224034,-51.858580863224034,111.71716172644807,123.75970290283308,207.94415416798358,156.08557330475955,False,0,0,0,True,CONVERGENCE: RELATIVE REDUCTION OF F <= FACTR*EPSMCH,410,56,32,0.017572061617898736,,1.2132538579219057,0.1679492472105088,3.001056728852124,True,0.0,0.0,True,True
q_learning,150,5,Steingroever2011,57.063171530441934,-57.063171530441934,118.12634306088387,124.14761364907638,207.94415416798358,150.88098263754165,False,0,1,1,True,CONVERGENCE: NORM OF PROJECTED GRADIENT <= PGTOL,126,29,6,0.002885403681970665,100.0,,,,True,6.4091813344358,0.3879107462432927,False,False
pvl_delta,150,6,Steingroever2011,192.7460874537248,-192.7460874537248,393.4921749074496,405.53471608383467,207.94415416798358,15.198066714258772,False,1,1,2,True,CONVERGENCE: RELATIVE REDUCTION OF F <= FACTR*EPSMCH,110,17,32,0.999999,,0.31161204763905925,1e-06,0.6991237478761555,True,0.0,0.0,True,True
q_learning,150,6,Steingroever2011,203.38762498933127,-203.38762498933127,410.77524997866254,416.79652056685507,207.94415416798358,4.556529178652312,False,0,1,1,True,CONVERGENCE: NORM OF PROJECTED GRADIENT <= PGTOL,21,4,2,1.0,0.12091169374219089,,,,True,17.28307507121292,11.261804483020398,False,False
pvl_delta,150,7,Steingroever2011,167.25419848014428,-167.25419848014428,342.50839696028856,354.5509381366736,207.94415416798358,40.6899556878393,False,0,0,0,True,CONVERGENCE: RELATIVE REDUCTION OF F <= FACTR*EPSMCH,470,54,32,0.06513646891751342,,1.0730399249024805,0.28578110744998403,2.009583083101819,True,0.0,0.0,True,True
q_learning,150,7,Steingroever2011,196.5807639684202,-196.5807639684202,397.1615279368404,403.1827985250329,207.94415416798358,11.363390199563383,False,0,0,0,True,CONVERGENCE: RELATIVE REDUCTION OF F <= FACTR*EPSMCH,42,9,10,0.2368799672573501,0.5507424320117692,,,,True,54.653130976551836,48.631860388359314,False,False
pvl_delta,150,8,Steingroever2011,4.1588830833627055,-4.1588830833627055,16.317766166725413,28.360307343110435,207.94415416798358,203.7852710846209,False,0,0,0,True,CONVERGENCE: NORM OF PROJECTED GRADIENT <= PGTOL,20,2,32,0.1764091144178206,,0.12935910531572747,2.269909605395253,4.695304391312041,True,3.9982529776670273,10.019523565859537,False,False
q_learning,150,8,Steingroever2011,4.159756594529193,-4.159756594529193,12.319513189058386,18.3407837772509,207.94415416798358,203.78439757345438,False,0,1,1,True,CONVERGENCE: NORM OF PROJECTED GRADIENT <= PGTOL,15,3,4,0.17508364838445517,100.0,,,,True,0.0,0.0,True,True
pvl_delta,150,9,Steingroever2011,190.24442976535101,-190.24442976535101,388.48885953070203,400.5314007070871,207.94415416798358,17.69972440263257,False,2,0,2,True,CONVERGENCE: RELATIVE REDUCTION OF F <= FACTR*EPSMCH,120,18,32,0.3728807854891914,,1e-06,1e-06,0.8764087251610965,True,0.0,0.0,True,True
q_learning,150,9,Steingroever2011,207.9441541679839,-207.9441541679839,419.8883083359678,425.9095789241603,207.94415416798358,-3.126388037344441e-13,True,2,0,2,True,CONVERGENCE: NORM OF PROJECTED GRADIENT <= PGTOL,3,0,2,0.0,0.0,,,,True,31.399448805265763,25.37817821707324,False,False
pvl_delta,150,10,Steingroever2011,29.890763167646224,-29.890763167646224,67.78152633529245,79.82406751167747,207.94415416798358,178.05339100033737,False,0,1,1,True,CONVERGENCE: RELATIVE REDUCTION OF F <= FACTR*EPSMCH,530,67,32,0.13565795736403874,,2.0,0.6723526574346866,2.6001742615619534,True,0.0,0.0,True,True
q_learning,150,10,Steingroever2011,37.241725766238204,-37.241725766238204,78.48345153247641,84.50472212066892,207.94415416798358,170.70242840174538,False,0,1,1,True,CONVERGENCE: RELATIVE REDUCTION OF F <= FACTR*EPSMCH,21,5,10,1.0,2.1604259714752594,,,,True,10.701925197183954,4.680654608991446,False,False
pvl_delta,150,11,Steingroever2011,49.88943941869347,-49.88943941869347,107.77887883738694,119.82142001377196,207.94415416798358,158.0547147492901,False,0,0,0,True,CONVERGENCE: RELATIVE REDUCTION OF F <= FACTR*EPSMCH,260,29,32,0.12279620844046357,,1.0856038344517358,0.3257605564334506,2.619244029547673,True,0.0,0.0,True,True
q_learning,150,11,Steingroever2011,96.85952174265535,-96.85952174265535,197.7190434853107,203.7403140735032,207.94415416798358,111.08463242532824,False,0,1,1,True,CONVERGENCE: RELATIVE REDUCTION OF F <= FACTR*EPSMCH,138,34,6,0.0024085506009107935,100.0,,,,True,89.94016464792375,83.91889405973126,False,False
pvl_delta,150,12,Steingroever2011,177.17277900415792,-177.17277900415792,362.34555800831583,374.3880991847009,207.94415416798358,30.771375163825667,False,0,0,0,True,CONVERGENCE: RELATIVE REDUCTION OF F <= FACTR*EPSMCH,535,63,32,0.04635074252386487,,0.6508604543935655,0.7531231981157602,1.6110370340329503,True,0.0,0.0,True,True
q_learning,150,12,Steingroever2011,204.55331568355854,-204.55331568355854,413.1066313671171,419.1279019553096,207.94415416798358,3.3908384844250463,False,0,1,1,True,CONVERGENCE: RELATIVE REDUCTION OF F <= FACTR*EPSMCH,18,4,2,1.0,0.08379345666302349,,,,True,50.76107335880124,44.73980277060872,False,False
pvl_delta,150,13,Steingroever2011,115.6058802605077,-115.6058802605077,239.2117605210154,251.25430169740042,207.94415416798358,92.33827390747588,False,1,1,2,True,CONVERGENCE: RELATIVE REDUCTION OF F <= FACTR*EPSMCH,245,27,32,0.0004796818632590884,,1e-06,0.9245910417775686,5.0,True,0.0,0.0,True,True
q_learning,150,13,Steingroever2011,130.75758216917745,-130.75758216917745,265.5151643383549,271.53643492654743,207.94415416798358,77.18657199880613,False,0,1,1,True,CONVERGENCE: RELATIVE REDUCTION OF F <= FACTR*EPSMCH,117,31,8,0.002026583473206374,100.0,,,,True,26.3034038173395,20.282133229147007,False,False
pvl_delta,150,14,Steingroever2011,143.68789940234936,-143.68789940234936,295.3757988046987,307.41833998108376,207.94415416798358,64.25625476563422,False,0,0,0,True,CONVERGENCE: NORM OF PROJECTED GRADIENT <= PGTOL,170,24,32,0.07945342161685039,,0.72192131613029,0.24618782844414921,1.4275710949860254,True,0.0,0.0,True,True
q_learning,150,14,Steingroever2011,206.58109758179413,-206.58109758179413,417.16219516358825,423.1834657517808,207.94415416798358,1.3630565861894581,False,0,1,1,True,CONVERGENCE: RELATIVE REDUCTION OF F <= FACTR*EPSMCH,18,4,2,1.0,0.06856288860634192,,,,True,121.78639635888953,115.76512577069701,False,False
pvl_delta,150,15,Steingroever2011,182.5932090264951,-182.5932090264951,373.1864180529902,385.2289592293752,207.94415416798358,25.350945141488495,False,1,0,1,True,CONVERGENCE: RELATIVE REDUCTION OF F <= FACTR*EPSMCH,480,56,32,0.7467525036992418,,0.41144976775474695,1e-06,0.9499952061568978,True,0.0,0.0,True,True
q_learning,150,15,Steingroever2011,203.0588079925791,-203.0588079925791,410.1176159851582,416.1388865733507,207.94415416798358,4.885346175404493,False,0,1,1,True,CONVERGENCE: RELATIVE REDUCTION OF F <= FACTR*EPSMCH,21,4,2,1.0,0.13199026258105512,,,,True,36.931197932168004,30.909927343975482,False,False
pvl_delta,150,16,Steingroever2011,96.3840368410909,-96.3840368410909,200.7680736821818,212.81061485856682,207.94415416798358,111.56011732689268,False,1,1,2,True,CONVERGENCE: RELATIVE REDUCTION OF F <= FACTR*EPSMCH,320,36,32,0.0006501370434125896,,1e-06,7.755177433668525,5.0,True,0.0,0.0,True,True
q_learning,150,16,Steingroever2011,123.85513331957377,-123.85513331957377,251.71026663914753,257.73153722734,207.94415416798358,84.08902084840982,False,0,1,1,True,CONVERGENCE: RELATIVE REDUCTION OF F <= FACTR*EPSMCH,36,7,7,0.0019332300424358265,100.0,,,,True,50.94219295696573,44.920922368773205,False,False
pvl_delta,150,17,Steingroever2011,201.03366158597763,-201.03366158597763,410.06732317195525,422.1098643483403,207.94415416798358,6.910492582005958,False,1,1,2,True,CONVERGENCE: RELATIVE REDUCTION OF F <= FACTR*EPSMCH,115,17,32,0.999999,,1e-06,1.5656619901619926,0.2596279731663891,True,0.0,0.0,True,True
q_learning,150,17,Steingroever2011,207.9441541679839,-207.9441541679839,419.8883083359678,425.9095789241603,207.94415416798358,-3.126388037344441e-13,True,2,0,2,True,CONVERGENCE: NORM OF PROJECTED GRADIENT <= PGTOL,3,0,2,0.0,0.0,,,,True,9.82098516401254,3.799714575820019,False,False
pvl_delta,150,18,Steingroever2011,190.15034499899232,-190.15034499899232,388.30068999798465,400.3432311743697,207.94415416798358,17.79380916899126,False,0,1,1,True,CONVERGENCE: RELATIVE REDUCTION OF F <= FACTR*EPSMCH,135,22,32,0.999999,,0.19068367428259075,0.23052652348136557,0.6839387856068603,True,0.0,0.0,True,True
q_learning,150,18,Steingroever2011,203.36870449059703,-203.36870449059703,410.73740898119405,416.7586795693866,207.94415416798358,4.575449677386558,False,0,1,1,True,CONVERGENCE: RELATIVE REDUCTION OF F <= FACTR*EPSMCH,24,5,2,1.0,0.1562434753799622,,,,True,22.436718983209403,16.41544839501688,False,False
pvl_delta,150,19,Steingroever2011,199.19475577457962,-199.19475577457962,406.38951154915924,418.4320527255443,207.94415416798358,8.749398393403965,False,0,1,1,True,CONVERGENCE: RELATIVE REDUCTION OF F <= FACTR*EPSMCH,240,18,32,9.492506467111535e-05,,0.25516035150431293,5.909559472273861,5.0,True,0.0,4.148203247148729,True,False
q_learning,150,19,Steingroever2011,202.13128944510152,-202.13128944510152,408.26257889020303,414.28384947839555,207.94415416798358,5.812864722882068,False,0,1,1,True,CONVERGENCE: RELATIVE REDUCTION OF F <= FACTR*EPSMCH,180,43,10,0.00042488043600901707,100.0,,,,True,1.873067341043793,0.0,False,True
pvl_delta,150,20,Steingroever2011,188.22902647590539,-188.22902647590539,384.45805295181077,396.5005941281958,207.94415416798358,19.715127692078198,False,0,0,0,True,CONVERGENCE: RELATIVE REDUCTION OF F <= FACTR*EPSMCH,695,82,32,0.0005659203086737452,,0.6763165671740492,1.741623299082696,4.417336960257015,True,0.0,3.3440789168692504,True,False
q_learning,150,20,Steingroever2011,191.56762231156702,-191.56762231156702,387.13524462313404,393.15651521132656,207.94415416798358,16.376531856416563,False,0,1,1,True,CONVERGENCE: RELATIVE REDUCTION OF F <= FACTR*EPSMCH,243,58,9,0.0007681985666153891,100.0,,,,True,2.6771916713232713,0.0,False,True
pvl_delta,150,21,Steingroever2011,84.77601572237957,-84.77601572237957,177.55203144475914,189.59457262114415,207.94415416798358,123.16813844560401,False,1,0,1,True,CONVERGENCE: RELATIVE REDUCTION OF F <= FACTR*EPSMCH,630,82,32,0.04008846736296708,,1e-06,5.5139673643904095,1.9810419112021938,True,0.0,0.0,True,True
q_learning,150,21,Steingroever2011,113.36265435773483,-113.36265435773483,230.72530871546965,236.74657930366217,207.94415416798358,94.58149981024876,False,0,0,0,True,CONVERGENCE: RELATIVE REDUCTION OF F <= FACTR*EPSMCH,39,9,9,0.41872456495267263,2.8835282354515477,,,,True,53.173277270710514,47.15200668251802,False,False
pvl_delta,150,22,Steingroever2011,196.94652340925447,-196.94652340925447,401.89304681850894,413.935587994894,207.94415416798358,10.997630758729116,False,1,1,2,True,CONVERGENCE: RELATIVE REDUCTION OF F <= FACTR*EPSMCH,105,15,32,0.999999,,1e-06,0.10067882003396246,0.5673225839616439,True,0.0,0.0,True,True
q_learning,150,22,Steingroever2011,205.32279964220402,-205.32279964220402,414.64559928440804,420.66686987260056,207.94415416798358,2.621354525779566,False,0,0,0,True,CONVERGENCE: RELATIVE REDUCTION OF F <= FACTR*EPSMCH,57,9,8,0.9832370847448699,0.1056625201485108,,,,True,12.7525524658991,6.731281877706579,False,False
pvl_delta,150,23,Steingroever2011,132.6639155584179,-132.6639155584179,273.3278311168358,285.37037229322084,207.94415416798358,75.28023860956569,False,1,0,1,True,CONVERGENCE: RELATIVE REDUCTION OF F <= FACTR*EPSMCH,125,20,32,0.03885089219087686,,1e-06,0.149412753010581,1.6861941581432012,True,0.0,0.0,True,True
q_learning,150,23,Steingroever2011,204.60779565431457,-204.60779565431457,413.21559130862914,419.23686189682167,207.94415416798358,3.336358513669012,False,0,0,0,True,CONVERGENCE: RELATIVE REDUCTION OF F <= FACTR*EPSMCH,18,4,2,0.39301509011656843,0.2555016536119437,,,,True,139.88776019179335,133.86648960360083,False,False
pvl_delta,150,24,Steingroever2011,157.57641661590742,-157.57641661590742,323.15283323181484,335.1953744081999,207.94415416798358,50.367737552076164,False,0,0,0,True,CONVERGENCE: RELATIVE REDUCTION OF F <= FACTR*EPSMCH,550,68,32,0.0024023951746779235,,0.8427709121601714,0.930786684673253,4.292338933302911,True,0.0,0.0,True,True
q_learning,150,24,Steingroever2011,196.9180209671013,-196.9180209671013,397.8360419342026,403.85731252239515,207.94415416798358,11.02613320088227,False,0,1,1,True,CONVERGENCE: RELATIVE REDUCTION OF F <= FACTR*EPSMCH,246,55,10,0.0005491251061198579,100.0,,,,True,74.68320870238779,68.66193811419527,False,False
pvl_delta,150,25,Steingroever2011,201.89773410357282,-201.89773410357282,411.79546820714563,423.8380093835307,207.94415416798358,6.046420064410768,False,0,0,0,True,CONVERGENCE: RELATIVE REDUCTION OF F <= FACTR*EPSMCH,165,26,32,0.10727588419629669,,0.50956983103617,3.940074161043179,0.33493070925483204,True,0.7700108635443712,6.791281451736893,False,False
q_learning,150,25,Steingroever2011,203.51272867180063,-203.51272867180063,411.02545734360126,417.0467279317938,207.94415416798358,4.431425496182953,False,0,0,0,True,CONVERGENCE: RELATIVE REDUCTION OF F <= FACTR*EPSMCH,45,11,10,0.08955605764530143,1.0526882075027717,,,,True,0.0,0.0,True,True
pvl_delta,150,26,Steingroever2011,136.9821129472894,-136.9821129472894,281.9642258945788,294.00676707096386,207.94415416798358,70.96204122069418,False,1,1,2,True,CONVERGENCE: RELATIVE REDUCTION OF F <= FACTR*EPSMCH,95,12,32,0.999999,,0.5875535692955012,1e-06,1.2059583510528138,True,0.0,0.0,True,True
q_learning,150,26,Steingroever2011,192.2993999879029,-192.2993999879029,388.5987999758058,394.6200705639983,207.94415416798358,15.644754180080696,False,0,1,1,True,CONVERGENCE: NORM OF PROJECTED GRADIENT <= PGTOL,18,3,2,1.0,0.28377509941157886,,,,True,106.63457408122696,100.61330349303444,False,False
pvl_delta,150,27,Steingroever2011,43.447113476586466,-43.447113476586466,94.89422695317293,106.93676812955795,207.94415416798358,164.4970406913971,False,1,1,2,True,CONVERGENCE: RELATIVE REDUCTION OF F <= FACTR*EPSMCH,395,54,32,0.0013748926159727942,,1e-06,6.233249491245615,5.0,True,0.0,0.0,True,True
q_learning,150,27,Steingroever2011,87.26652631450851,-87.26652631450851,178.53305262901702,184.55432321720954,207.94415416798358,120.67762785347507,False,0,1,1,True,CONVERGENCE: RELATIVE REDUCTION OF F <= FACTR*EPSMCH,114,25,8,0.0020975041693825328,100.0,,,,True,83.63882567584409,77.6175550876516,False,False
pvl_delta,150,28,Steingroever2011,151.44924329361237,-151.44924329361237,310.89848658722474,322.9410277636098,207.94415416798358,56.494910874371215,False,1,0,1,True,CONVERGENCE: RELATIVE REDUCTION OF F <= FACTR*EPSMCH,230,32,32,0.6806874214218885,,0.5796583440106603,1e-06,1.2373929893191193,True,0.0,0.0,True,True
q_learning,150,28,Steingroever2011,203.62293829396572,-203.62293829396572,411.24587658793143,417.26714717612396,207.94415416798358,4.3212158740178666,False,0,1,1,True,CONVERGENCE: RELATIVE REDUCTION OF F <= FACTR*EPSMCH,21,4,2,1.0,0.1310656323776586,,,,True,100.3473900007067,94.32611941251417,False,False
pvl_delta,150,29,Steingroever2011,15.292190277773397,-15.292190277773397,38.584380555546794,50.626921731931816,207.94415416798358,192.6519638902102,False,0,2,2,True,CONVERGENCE: RELATIVE REDUCTION OF F <= FACTR*EPSMCH,300,33,32,0.004534337093005069,,2.0,0.009057870075215796,5.0,True,0.0,0.0,True,True
q_learning,150,29,Steingroever2011,207.0562427255153,-207.0562427255153,418.1124854510306,424.1337560392231,207.94415416798358,0.8879114424682939,False,0,0,0,True,CONVERGENCE: RELATIVE REDUCTION OF F <= FACTR*EPSMCH,24,6,2,0.9493504146543612,0.06034487449579792,,,,True,379.5281048954838,373.5068343072913,False,False
pvl_delta,150,30,Steingroever2011,175.16735168797038,-175.16735168797038,358.33470337594076,370.3772445523258,207.94415416798358,32.7768024800132,False,1,0,1,True,CONVERGENCE: RELATIVE REDUCTION OF F <= FACTR*EPSMCH,440,53,32,0.12811713842720254,,1e-06,0.1261348180075353,1.2192641806162214,True,0.0,0.0,True,True
q_learning,150,30,Steingroever2011,192.17493801134353,-192.17493801134353,388.34987602268706,394.3711466108796,207.94415416798358,15.769216156640056,False,0,1,1,True,CONVERGENCE: RELATIVE REDUCTION OF F <= FACTR*EPSMCH,144,30,8,0.0008310362336123623,100.0,,,,True,30.015172646746294,23.993902058553772,False,False
pvl_delta,150,31,Steingroever2011,170.40331936935306,-170.40331936935306,348.8066387387061,360.84917991509116,207.94415416798358,37.54083479863053,False,1,0,1,True,CONVERGENCE: RELATIVE REDUCTION OF F <= FACTR*EPSMCH,145,23,32,0.6163975890097799,,1.1452293104205529,1e-06,1.1165821692239057,True,0.0,0.0,True,True
q_learning,150,31,Steingroever2011,206.9735522487429,-206.9735522487429,417.9471044974858,423.9683750856783,207.94415416798358,0.9706019192406927,False,0,1,1,True,CONVERGENCE: RELATIVE REDUCTION OF F <= FACTR*EPSMCH,18,4,2,1.0,0.05711096887023636,,,,True,69.14046575877967,63.11919517058715,False,False
pvl_delta,150,32,Steingroever2011,174.6344855650277,-174.6344855650277,357.2689711300554,369.3115123064404,207.94415416798358,33.309668602955895,False,0,0,0,True,CONVERGENCE: RELATIVE REDUCTION OF F <= FACTR*EPSMCH,575,69,32,0.15806503591062268,,0.15556277681922667,0.2815764402799151,1.0772381266731734,True,0.0,0.0,True,True
q_learning,150,32,Steingroever2011,207.1074107565477,-207.1074107565477,418.2148215130954,424.2360921012879,207.94415416798358,0.83674341143589,False,0,1,1,True,CONVERGENCE: RELATIVE REDUCTION OF F <= FACTR*EPSMCH,18,4,2,1.0,0.06392793633969338,,,,True,60.94585038304001,54.92457979484749,False,False
pvl_delta,150,33,Steingroever2011,197.8080296931989,-197.8080296931989,403.6160593863978,415.65860056278285,207.94415416798358,10.13612447478468,False,0,0,0,True,CONVERGENCE: RELATIVE REDUCTION OF F <= FACTR*EPSMCH,140,15,32,0.3647126592381594,,0.732841481280656,0.4250321696159952,0.7399331048282821,True,0.0,0.8796627339181669,True,False
q_learning,150,33,Steingroever2011,202.37883362033608,-202.37883362033608,408.75766724067216,414.7789378288647,207.94415416798358,5.565320547647502,False,0,1,1,True,CONVERGENCE: RELATIVE REDUCTION OF F <= FACTR*EPSMCH,66,16,5,1.0,0.1395007119550341,,,,True,5.141607854274355,0.0,False,True
pvl_delta,150,34,Steingroever2011,24.678683251716567,-24.678683251716567,57.357366503433134,69.39990767981816,207.94415416798358,183.26547091626702,False,1,0,1,True,CONVERGENCE: RELATIVE REDUCTION OF F <= FACTR*EPSMCH,380,51,32,0.0712583781623828,,1e-06,8.168630700681527,1.9223233004601237,True,0.0,0.0,True,True
q_learning,150,34,Steingroever2011,34.989112460428885,-34.989112460428885,73.97822492085777,79.99949550905028,207.94415416798358,172.9550417075547,False,0,0,0,True,CONVERGENCE: RELATIVE REDUCTION OF F <= FACTR*EPSMCH,81,20,9,0.027863329323201208,23.315215558592296,,,,True,16.620858417424635,10.59958782923212,False,False
pvl_delta,150,35,Steingroever2011,61.759138329757974,-61.759138329757974,131.51827665951595,143.56081783590096,207.94415416798358,146.1850158382256,False,0,0,0,True,CONVERGENCE: RELATIVE REDUCTION OF F <= FACTR*EPSMCH,555,70,32,0.303774867326031,,1.90968302205727,0.0024354270024059908,1.8502721634122405,True,0.0,0.0,True,True
q_learning,150,35,Steingroever2011,192.06281162744565,-192.06281162744565,388.1256232548913,394.14689384308383,207.94415416798358,15.88134254053793,False,0,1,1,True,CONVERGENCE: RELATIVE REDUCTION OF F <= FACTR*EPSMCH,15,2,2,1.0,0.2640832367678325,,,,True,256.60734659537536,250.58607600718287,False,False
pvl_delta,150,36,Steingroever2011,169.29330380340625,-169.29330380340625,346.5866076068125,358.62914878319754,207.94415416798358,38.65085036457734,False,1,1,2,True,CONVERGENCE: RELATIVE REDUCTION OF F <= FACTR*EPSMCH,625,85,32,0.999999,,0.423804280537912,1e-06,0.9763577543421201,True,0.0,0.0,True,True
q_learning,150,36,Steingroever2011,197.7028147971116,-197.7028147971116,399.4056295942232,405.42690018241575,207.94415416798358,10.24133937087197,False,0,1,1,True,CONVERGENCE: RELATIVE REDUCTION OF F <= FACTR*EPSMCH,18,4,2,1.0,0.2192765585314488,,,,True,52.819021987410736,46.797751399218214,False,False
pvl_delta,150,37,Steingroever2011,191.0012456603133,-191.0012456603133,390.0024913206266,402.0450324970116,207.94415416798358,16.942908507670296,False,1,1,2,True,CONVERGENCE: RELATIVE REDUCTION OF F <= FACTR*EPSMCH,140,20,32,0.999999,,1e-06,0.9562177290385221,0.5381421009457377,True,0.0,3.0380548852359084,True,False
q_learning,150,37,Steingroever2011,194.4928535117916,-194.4928535117916,392.9857070235832,399.0069776117757,207.94415416798358,13.45130065619199,False,0,1,1,True,CONVERGENCE: RELATIVE REDUCTION OF F <= FACTR*EPSMCH,18,2,8,0.00108940882296892,100.0,,,,True,2.9832157029566133,0.0,False,True
pvl_delta,150,38,Steingroever2011,15.834844084242905,-15.834844084242905,39.669688168485806,51.712229344870835,207.94415416798358,192.10931008374067,False,1,1,2,True,CONVERGENCE: NORM OF PROJECTED GRADIENT <= PGTOL,135,23,32,0.38359263808169924,,1e-06,10.0,1.318541640582771,True,0.0,1.3681601088891853,True,False
q_learning,150,38,Steingroever2011,20.16139932389457,-20.16139932389457,44.32279864778914,50.34406923598165,207.94415416798358,187.78275484408903,False,0,1,1,True,CONVERGENCE: NORM OF PROJECTED GRADIENT <= PGTOL,24,4,8,0.011763261859495477,100.0,,,,True,4.653110479303336,0.0,False,True
pvl_delta,150,39,Steingroever2011,187.893445588756,-187.893445588756,383.786891177512,395.82943235389706,207.94415416798358,20.050708579227575,False,0,0,0,True,CONVERGENCE: RELATIVE REDUCTION OF F <= FACTR*EPSMCH,145,25,32,0.3982433529648157,,0.01533452101552396,6.5791898464024685,0.29009589101294575,True,0.0,0.0,True,True
q_learning,150,39,Steingroever2011,199.1486140174803,-199.1486140174803,402.2972280349606,408.3184986231531,207.94415416798358,8.795540150503285,False,0,1,1,True,CONVERGENCE: RELATIVE REDUCTION OF F <= FACTR*EPSMCH,264,65,10,0.0006578693086955392,100.0,,,,True,18.51033685744858,12.489066269256057,False,False
pvl_delta,150,40,Steingroever2011,200.09428880694253,-200.09428880694253,408.18857761388506,420.2311187902701,207.94415416798358,7.849865361041054,False,0,0,0,True,CONVERGENCE: RELATIVE REDUCTION OF F <= FACTR*EPSMCH,155,22,32,0.31625549767660455,,1.0144149518282592,0.12909069508609552,0.7596411219223724,True,0.0,0.0,True,True
q_learning,150,40,Steingroever2011,206.2113191404664,-206.2113191404664,416.4226382809328,422.4439088691253,207.94415416798358,1.7328350275171829,False,0,0,0,True,CONVERGENCE: RELATIVE REDUCTION OF F <= FACTR*EPSMCH,36,7,2,0.5919334797570859,0.12886292047046177,,,,True,8.234060667047743,2.212790078855221,False,False
pvl_delta,150,41,Steingroever2011,201.36527437749916,-201.36527437749916,410.7305487549983,422.77308993138337,207.94415416798358,6.578879790484422,False,1,0,1,True,CONVERGENCE: RELATIVE REDUCTION OF F <= FACTR*EPSMCH,135,19,32,0.08674560888518157,,1e-06,0.4091431001536177,0.8092143592621954,True,0.0,0.0,True,True
q_learning,150,41,Steingroever2011,207.60077181766198,-207.60077181766198,419.20154363532396,425.2228142235165,207.94415416798358,0.3433823503216047,False,0,1,1,True,CONVERGENCE: RELATIVE REDUCTION OF F <= FACTR*EPSMCH,51,2,10,0.00012277337674753975,100.0,,,,True,8.470994880325634,2.449724292133112,False,False
pvl_delta,150,42,Steingroever2011,160.43850723620864,-160.43850723620864,328.8770144724173,340.9195556488023,207.94415416798358,47.50564693177495,False,0,1,1,True,CONVERGENCE: RELATIVE REDUCTION OF F <= FACTR*EPSMCH,430,53,32,0.0006943247219340705,,0.7187628493068291,1.4120735318515114,5.0,True,0.0,0.0,True,True
q_learning,150,42,Steingroever2011,177.50403816787184,-177.50403816787184,359.0080763357437,365.0293469239362,207.94415416798358,30.440116000111743,False,0,1,1,True,CONVERGENCE: RELATIVE REDUCTION OF F <= FACTR*EPSMCH,138,28,8,0.0010570440354364023,100.0,,,,True,30.13106186332641,24.109791275133887,False,False
pvl_delta,150,43,Steingroever2011,187.85933962400287,-187.85933962400287,383.71867924800574,395.7612204243908,207.94415416798358,20.084814543980713,False,1,0,1,True,CONVERGENCE: NORM OF PROJECTED GRADIENT <= PGTOL,460,58,32,0.43489683269028573,,1e-06,0.6042150407143376,0.8458422173183726,True,0.0,0.0,True,True
q_learning,150,43,Steingroever2011,203.97873668418572,-203.97873668418572,411.95747336837144,417.97874395656396,207.94415416798358,3.9654174837978644,False,0,0,0,True,CONVERGENCE: NORM OF PROJECTED GRADIENT <= PGTOL,102,24,10,0.48003810113199236,0.26711882922701985,,,,True,28.238794120365696,22.217523532173175,False,False
pvl_delta,150,44,Steingroever2011,91.63807874906439,-91.63807874906439,191.27615749812878,203.3186986745138,207.94415416798358,116.30607541891919,False,0,1,1,True,CONVERGENCE: RELATIVE REDUCTION OF F <= FACTR*EPSMCH,170,21,32,0.999999,,0.04339791229012611,0.5847762389937224,1.2082978890200282,True,0.0,0.0,True,True
q_learning,150,44,Steingroever2011,152.91558446809645,-152.91558446809645,309.8311689361929,315.85243952438543,207.94415416798358,55.02856969988713,False,0,1,1,True,CONVERGENCE: RELATIVE REDUCTION OF F <= FACTR*EPSMCH,21,5,9,1.0,0.7255013990843433,,,,True,118.55501143806413,112.53374084987163,False,False
pvl_delta,150,45,Steingroever2011,150.59460367274,-150.59460367274,309.18920734548,321.23174852186503,207.94415416798358,57.34955049524359,False,1,0,1,True,CONVERGENCE: RELATIVE REDUCTION OF F <= FACTR*EPSMCH,660,80,32,0.9580876165166705,,1.1155658063999456,1e-06,1.1327276285760566,True,0.0,0.0,True,True
q_learning,150,45,Steingroever2011,201.3738615948143,-201.3738615948143,406.7477231896286,412.7689937778211,207.94415416798358,6.570292573169297,False,0,1,1,True,CONVERGENCE: RELATIVE REDUCTION OF F <= FACTR*EPSMCH,24,5,2,1.0,0.15448212791967414,,,,True,97.55851584414859,91.53724525595607,False,False
pvl_delta,150,46,Steingroever2011,87.25144634290795,-87.25144634290795,182.5028926858159,194.54543386220092,207.94415416798358,120.69270782507563,False,0,0,0,True,CONVERGENCE: NORM OF PROJECTED GRADIENT <= PGTOL,400,48,32,0.1836578970345157,,0.7309441667060469,0.35619409635019683,1.8617123644947977,True,0.0,0.0,True,True
q_learning,150,46,Steingroever2011,96.82515689649253,-96.82515689649253,197.65031379298506,203.67158438117758,207.94415416798358,111.11899727149105,False,0,0,0,True,CONVERGENCE: RELATIVE REDUCTION OF F <= FACTR*EPSMCH,54,11,7,0.07096426333803282,11.977318863526602,,,,True,15.147421107169151,9.126150518976658,False,False
pvl_delta,150,47,Steingroever2011,163.00658393792088,-163.00658393792088,334.01316787584176,346.0557090522268,207.94415416798358,44.937570230062704,False,1,0,1,True,CONVERGENCE: RELATIVE REDUCTION OF F <= FACTR*EPSMCH,125,20,32,0.31651313946261794,,1e-06,0.1531366768665613,1.3814297003893483,True,0.0,0.0,True,True
q_learning,150,47,Steingroever2011,199.4111000336478,-199.4111000336478,402.8222000672956,408.84347065548815,207.94415416798358,8.53305413433577,False,0,1,1,True,CONVERGENCE: NORM OF PROJECTED GRADIENT <= PGTOL,51,9,10,1.0,0.18347556364716494,,,,True,68.80903219145387,62.787761603261345,False,False
pvl_delta,150,48,Steingroever2011,207.2404599322772,-207.2404599322772,422.4809198645544,434.5234610409394,207.94415416798358,0.7036942357063936,False,1,0,1,True,CONVERGENCE: RELATIVE REDUCTION OF F <= FACTR*EPSMCH,150,23,32,0.566297336110312,,1e-06,0.6577079849561549,0.20055048069354275,True,3.10514163662549,9.126412224818012,False,False
q_learning,150,48,Steingroever2011,207.68788911396445,-207.68788911396445,419.3757782279289,425.3970488161214,207.94415416798358,0.25626505401913846,False,0,0,0,True,CONVERGENCE: RELATIVE REDUCTION OF F <= FACTR*EPSMCH,48,13,10,0.019190675350556283,0.6028164144649747,,,,True,0.0,0.0,True,True
pvl_delta,150,49,Steingroever2011,185.79457439315348,-185.79457439315348,379.58914878630696,391.631689962692,207.94415416798358,22.1495797748301,False,0,0,0,True,CONVERGENCE: RELATIVE REDUCTION OF F <= FACTR*EPSMCH,550,74,32,0.1684426482375225,,0.4050413645423991,0.021116012267818278,1.0411664269360383,True,0.0,0.0,True,True
q_learning,150,49,Steingroever2011,207.64706692745713,-207.64706692745713,419.29413385491426,425.3154044431068,207.94415416798358,0.2970872405264515,False,0,1,1,True,CONVERGENCE: RELATIVE REDUCTION OF F <= FACTR*EPSMCH,36,11,3,1.0,0.03553577116558038,,,,True,39.7049850686073,33.68371448041478,False,False
pvl_delta,150,50,Steingroever2011,182.25233439880833,-182.25233439880833,372.50466879761666,384.5472099740017,207.94415416798358,25.691819769175254,False,1,0,1,True,CONVERGENCE: RELATIVE REDUCTION OF F <= FACTR*EPSMCH,470,54,32,0.6421936018948537,,0.6938108211255424,1e-06,0.9886847489667082,True,0.0,0.0,True,True
q_learning,150,50,Steingroever2011,205.7266285877607,-205.7266285877607,415.4532571755214,421.4745277637139,207.94415416798358,2.2175255802228833,False,0,0,0,True,CONVERGENCE: RELATIVE REDUCTION OF F <= FACTR*EPSMCH,27,5,2,0.8358826025099423,0.11908954323385905,,,,True,42.94858837790474,36.92731778971222,False,False
pvl_delta,150,51,Steingroever2011,179.35301547924888,-179.35301547924888,366.70603095849776,378.7485721348828,207.94415416798358,28.591138688734702,False,0,0,0,True,CONVERGENCE: RELATIVE REDUCTION OF F <= FACTR*EPSMCH,135,20,32,0.8772706122525635,,0.2980450015991597,0.217365078140428,0.8681792518561644,True,0.0,0.0,True,True
q_learning,150,51,Steingroever2011,198.78821157913964,-198.78821157913964,401.5764231582793,407.5976937464718,207.94415416798358,9.155942588843942,False,0,1,1,True,CONVERGENCE: RELATIVE REDUCTION OF F <= FACTR*EPSMCH,57,14,10,1.0,0.2113960856803419,,,,True,34.87039219978152,28.849121611589,False,False
pvl_delta,150,52,Steingroever2011,110.74192957830876,-110.74192957830876,229.4838591566175,241.52640033300253,207.94415416798358,97.20222458967483,False,0,0,0,True,CONVERGENCE: RELATIVE REDUCTION OF F <= FACTR*EPSMCH,275,36,32,0.015446311705927649,,0.6724119725528118,1.096502979655988,3.118895441721981,True,0.0,0.0,True,True
q_learning,150,52,Steingroever2011,142.73775210195794,-142.73775210195794,289.4755042039159,295.4967747921084,207.94415416798358,65.20640206602565,False,0,1,1,True,CONVERGENCE: RELATIVE REDUCTION OF F <= FACTR*EPSMCH,36,6,8,0.001851731966730624,100.0,,,,True,59.99164504729836,53.97037445910587,False,False
pvl_delta,150,53,Steingroever2011,194.07479018615228,-194.07479018615228,396.14958037230457,408.1921215486896,207.94415416798358,13.869363981831299,False,2,0,2,True,CONVERGENCE: RELATIVE REDUCTION OF F <= FACTR*EPSMCH,130,18,32,0.2136335639920614,,1e-06,1e-06,0.9177598292917108,True,0.0,0.0,True,True
q_learning,150,53,Steingroever2011,204.69605089505166,-204.69605089505166,413.3921017901033,419.41337237829583,207.94415416798358,3.248103272931928,False,0,1,1,True,CONVERGENCE: RELATIVE REDUCTION OF F <= FACTR*EPSMCH,195,52,10,0.0003564854503860333,100.0,,,,True,17.24252141779874,11.22125082960622,False,False
pvl_delta,150,54,Steingroever2011,207.9441541679839,-207.9441541679839,423.8883083359678,435.93084951235284,207.94415416798358,-3.126388037344441e-13,True,4,0,4,True,CONVERGENCE: NORM OF PROJECTED GRADIENT <= PGTOL,10,1,32,1e-06,,1e-06,1e-06,0.0,True,4.0,10.021270588192522,False,False
q_learning,150,54,Steingroever2011,207.9441541679839,-207.9441541679839,419.8883083359678,425.9095789241603,207.94415416798358,-3.126388037344441e-13,True,2,0,2,True,CONVERGENCE: NORM OF PROJECTED GRADIENT <= PGTOL,3,0,2,0.0,0.0,,,,True,0.0,0.0,True,True
pvl_delta,150,55,Steingroever2011,93.0846967758889,-93.0846967758889,194.1693935517778,206.21193472816282,207.94415416798358,114.85945739209468,False,0,1,1,True,CONVERGENCE: RELATIVE REDUCTION OF F <= FACTR*EPSMCH,475,61,32,0.0010708118306686214,,0.2976501680741089,3.107866007935656,5.0,True,0.0,0.0,True,True
q_learning,150,55,Steingroever2011,106.18892511174519,-106.18892511174519,216.37785022349038,222.3991208116829,207.94415416798358,101.75522905623839,False,0,1,1,True,CONVERGENCE: RELATIVE REDUCTION OF F <= FACTR*EPSMCH,216,37,8,0.002385621346912388,100.0,,,,True,22.208456671712582,16.18718608352009,False,False
pvl_delta,150,56,Steingroever2011,147.42630169261778,-147.42630169261778,302.85260338523557,314.8951445616206,207.94415416798358,60.5178524753658,False,1,0,1,True,CONVERGENCE: RELATIVE REDUCTION OF F <= FACTR*EPSMCH,475,66,32,0.25060950177525876,,0.3186252925688312,1e-06,1.35025624912165,True,0.0,0.0,True,True
q_learning,150,56,Steingroever2011,206.88086415050503,-206.88086415050503,417.76172830101007,423.7829988892026,207.94415416798358,1.0632900174785505,False,0,1,1,True,CONVERGENCE: NORM OF PROJECTED GRADIENT <= PGTOL,24,6,2,1.0,0.060102178562172426,,,,True,114.9091249157745,108.88785432758198,False,False
pvl_delta,150,57,Steingroever2011,1.3862943611238874,-1.3862943611238874,10.772588722247775,22.815129898632797,207.94415416798358,206.5578598068597,False,0,0,0,True,CONVERGENCE: NORM OF PROJECTED GRADIENT <= PGTOL,20,2,32,0.14506000848470477,,0.020298201850800446,2.269909605395253,4.9319896759754345,True,3.9879907957900134,10.009261383982524,False,False
q_learning,150,57,Steingroever2011,1.3922989632288807,-1.3922989632288807,6.784597926457762,12.805868514650273,207.94415416798358,206.5518552047547,False,0,1,1,True,CONVERGENCE: NORM OF PROJECTED GRADIENT <= PGTOL,45,10,4,0.19816161930941442,100.0,,,,True,0.0,0.0,True,True
pvl_delta,100,222,SteingroverInPrep,134.7388463167395,-134.7388463167395,277.477692633479,287.89837337743137,138.62943611198907,3.8905897952495536,False,0,1,1,True,CONVERGENCE: RELATIVE REDUCTION OF F <= FACTR*EPSMCH,195,33,32,0.999999,,0.14242228570275534,6.197954838301796,0.09334846521656949,True,0.04811062472560934,5.258450996701754,False,False
q_learning,100,222,SteingroverInPrep,136.7147910043767,-136.7147910043767,277.4295820087534,282.6399223807296,138.62943611198907,1.9146451076123583,False,0,1,1,True,CONVERGENCE: RELATIVE REDUCTION OF F <= FACTR*EPSMCH,18,3,2,1.0,0.1152482663025177,,,,True,0.0,0.0,True,True
pvl_delta,100,223,SteingroverInPrep,130.15883453243816,-130.15883453243816,268.3176690648763,278.7383498088287,138.62943611198907,8.470601579550902,False,0,1,1,True,CONVERGENCE: NORM OF PROJECTED GRADIENT <= PGTOL,160,25,32,0.999999,,0.41688008122321735,0.34768567905927406,0.5450555257384382,True,0.0,0.0,True,True
q_learning,100,223,SteingroverInPrep,135.4560743452641,-135.4560743452641,274.9121486905282,280.1224890625044,138.62943611198907,3.173361766724952,False,0,1,1,True,CONVERGENCE: RELATIVE REDUCTION OF F <= FACTR*EPSMCH,24,5,10,1.0,0.16825016132709822,,,,True,6.5944796256519,1.3841392536757553,False,False
pvl_delta,100,224,SteingroverInPrep,110.60133108640716,-110.60133108640716,229.2026621728143,239.6233429167667,138.62943611198907,28.028105025581908,False,0,0,0,True,CONVERGENCE: RELATIVE REDUCTION OF F <= FACTR*EPSMCH,610,81,32,0.433059911282911,,0.12810469544385172,3.2745023259417874,0.6127720730535814,True,0.0,0.0,True,True
q_learning,100,224,SteingroverInPrep,124.35501284999206,-124.35501284999206,252.71002569998413,257.9203660719603,138.62943611198907,14.274423261997,False,0,0,0,True,CONVERGENCE: NORM OF PROJECTED GRADIENT <= PGTOL,117,31,10,0.3554706098466479,0.9047588048706603,,,,True,23.507363527169815,18.297023155193614,False,False
pvl_delta,100,225,SteingroverInPrep,50.18658718408102,-50.18658718408102,108.37317436816204,118.79385511211441,138.62943611198907,88.44284892790805,False,1,0,1,True,CONVERGENCE: NORM OF PROJECTED GRADIENT <= PGTOL,610,91,32,0.022601772538444653,,1e-06,9.447880050708756,2.8145180781060715,True,0.0,2.7671598937310904,True,False
q_learning,100,225,SteingroverInPrep,53.40817742320357,-53.40817742320357,110.81635484640714,116.02669521838332,138.62943611198907,85.2212586887855,False,0,1,1,True,CONVERGENCE: RELATIVE REDUCTION OF F <= FACTR*EPSMCH,102,21,8,0.0065199034420845466,100.0,,,,True,2.4431804782450968,0.0,False,True
pvl_delta,100,226,SteingroverInPrep,111.09784816286319,-111.09784816286319,230.19569632572637,240.61637706967875,138.62943611198907,27.53158794912588,False,0,1,1,True,CONVERGENCE: RELATIVE REDUCTION OF F <= FACTR*EPSMCH,865,98,32,0.5884317551577257,,2.0,0.0004784146749616745,1.0939146158618367,True,0.0,0.0,True,True
q_learning,100,226,SteingroverInPrep,137.2153334323839,-137.2153334323839,278.4306668647678,283.641007236744,138.62943611198907,1.414102679605179,False,0,1,1,True,CONVERGENCE: NORM OF PROJECTED GRADIENT <= PGTOL,30,8,2,1.0,0.0811034790993975,,,,True,48.2349705390414,43.024630167065226,False,False
pvl_delta,100,227,SteingroverInPrep,96.63123847270388,-96.63123847270388,201.26247694540777,211.68315768936014,138.62943611198907,41.99819763928518,False,0,0,0,True,CONVERGENCE: RELATIVE REDUCTION OF F <= FACTR*EPSMCH,250,31,32,0.7287399273092764,,0.7797987145348162,0.06567054237803112,1.3303408591140202,True,0.0,0.0,True,True
q_learning,100,227,SteingroverInPrep,123.75948999694864,-123.75948999694864,251.5189799938973,256.7293203658735,138.62943611198907,14.86994611504042,False,0,1,1,True,CONVERGENCE: NORM OF PROJECTED GRADIENT <= PGTOL,18,3,2,1.0,0.27959278029843365,,,,True,50.25650304848952,45.04616267651335,False,False
pvl_delta,100,228,SteingroverInPrep,106.8031874911758,-106.8031874911758,221.6063749823516,232.02705572630398,138.62943611198907,31.82624862081326,False,0,0,0,True,CONVERGENCE: RELATIVE REDUCTION OF F <= FACTR*EPSMCH,530,71,32,0.1027010672211622,,0.25421993130361253,0.933138116963585,1.4813779200180195,True,0.0,0.0,True,True
q_learning,100,228,SteingroverInPrep,132.45478821157056,-132.45478821157056,268.9095764231411,274.1199167951173,138.62943611198907,6.174647900418506,False,0,0,0,True,CONVERGENCE: RELATIVE REDUCTION OF F <= FACTR*EPSMCH,30,7,4,0.42602081553359405,0.4400351891439002,,,,True,47.30320144078951,42.092861068813335,False,False
pvl_delta,100,229,SteingroverInPrep,82.85168938961797,-82.85168938961797,173.70337877923595,184.12405952318832,138.62943611198907,55.77774672237109,False,2,0,2,True,CONVERGENCE: NORM OF PROJECTED GRADIENT <= PGTOL,105,18,32,0.2646515809260803,,1e-06,1e-06,1.7074046689053959,True,0.0,0.0,True,True
q_learning,100,229,SteingroverInPrep,127.1425950113328,-127.1425950113328,258.2851900226656,263.4955303946418,138.62943611198907,11.486841100656264,False,0,0,0,True,CONVERGENCE: NORM OF PROJECTED GRADIENT <= PGTOL,66,11,10,0.886385615349443,0.33482670075283966,,,,True,84.58181124342963,79.37147087145345,False,False
pvl_delta,100,230,SteingroverInPrep,44.41611716964486,-44.41611716964486,96.83223433928973,107.2529150832421,138.62943611198907,94.2133189423442,False,0,0,0,True,CONVERGENCE: RELATIVE REDUCTION OF F <= FACTR*EPSMCH,400,53,32,0.01363677129288961,,1.7890749418346117,0.5914792050919455,3.8828899586965133,True,0.0,0.0,True,True
q_learning,100,230,SteingroverInPrep,50.50403342465009,-50.50403342465009,105.00806684930018,110.21840722127637,138.62943611198907,88.12540268733898,False,0,1,1,True,CONVERGENCE: RELATIVE REDUCTION OF F <= FACTR*EPSMCH,96,23,9,0.006100644227373328,100.0,,,,True,8.175832510010451,2.9654921380342643,False,False
pvl_delta,100,231,SteingroverInPrep,73.10073801265008,-73.10073801265008,154.20147602530017,164.62215676925254,138.62943611198907,65.52869809933898,False,1,0,1,True,CONVERGENCE: RELATIVE REDUCTION OF F <= FACTR*EPSMCH,130,18,32,0.05387579997734847,,1e-06,0.4948347538354069,1.875468838564527,True,0.0,0.0,True,True
q_learning,100,231,SteingroverInPrep,86.5539184688482,-86.5539184688482,177.1078369376964,182.31817730967256,138.62943611198907,52.07551764314087,False,0,1,1,True,CONVERGENCE: RELATIVE REDUCTION OF F <= FACTR*EPSMCH,135,36,7,0.0024769060665199563,100.0,,,,True,22.906360912396224,17.696020540420022,False,False
pvl_delta,100,232,SteingroverInPrep,57.82929433346466,-57.82929433346466,123.65858866692932,134.0792694108817,138.62943611198907,80.8001417785244,False,0,0,0,True,CONVERGENCE: RELATIVE REDUCTION OF F <= FACTR*EPSMCH,830,105,32,0.3812277141177984,,0.80557538155163,0.008742182888245726,1.8527416562819936,True,0.0,0.0,True,True
q_learning,100,232,SteingroverInPrep,130.68257817096676,-130.68257817096676,265.3651563419335,270.57549671390973,138.62943611198907,7.9468579410223015,False,0,1,1,True,CONVERGENCE: RELATIVE REDUCTION OF F <= FACTR*EPSMCH,27,6,2,1.0,0.19535157973560022,,,,True,141.7065676750042,136.49622730302804,False,False
pvl_delta,100,233,SteingroverInPrep,128.81119210400885,-128.81119210400885,265.6223842080177,276.04306495197005,138.62943611198907,9.818244007980212,False,0,0,0,True,CONVERGENCE: RELATIVE REDUCTION OF F <= FACTR*EPSMCH,490,58,32,0.0003353289943626659,,0.8295160426541558,2.3028638452956005,4.557190065512134,True,3.1550040228675016,8.365344394843646,False,False
q_learning,100,233,SteingroverInPrep,129.2336900925751,-129.2336900925751,262.4673801851502,267.6777205571264,138.62943611198907,9.395746019413963,False,0,1,1,True,CONVERGENCE: RELATIVE REDUCTION OF F <= FACTR*EPSMCH,171,37,9,0.001061570684692147,100.0,,,,True,0.0,0.0,True,True
pvl_delta,100,234,SteingroverInPrep,82.48207472097478,-82.48207472097478,172.96414944194956,183.38483018590193,138.62943611198907,56.147361391014286,False,1,0,1,True,CONVERGENCE: NORM OF PROJECTED GRADIENT <= PGTOL,365,42,32,0.9425925452469622,,1e-06,0.3313230192690688,1.1074854251483495,True,0.0,0.0,True,True
q_learning,100,234,SteingroverInPrep,117.72711871867335,-117.72711871867335,239.4542374373467,244.66457780932288,138.62943611198907,20.902317393315712,False,0,1,1,True,CONVERGENCE: NORM OF PROJECTED GRADIENT <= PGTOL,15,3,10,1.0,0.512389725235547,,,,True,66.49008799539715,61.279747623420946,False,False
pvl_delta,100,235,SteingroverInPrep,90.92682882817816,-90.92682882817816,189.85365765635632,200.2743384003087,138.62943611198907,47.702607283810906,False,0,1,1,True,CONVERGENCE: RELATIVE REDUCTION OF F <= FACTR*EPSMCH,165,22,32,0.999999,,0.49912840067717695,0.17530204162649346,1.077104560978864,True,0.0,0.0,True,True
q_learning,100,235,SteingroverInPrep,116.82661284694743,-116.82661284694743,237.65322569389485,242.86356606587103,138.62943611198907,21.80282326504164,False,0,1,1,True,CONVERGENCE: RELATIVE REDUCTION OF F <= FACTR*EPSMCH,36,7,10,1.0,0.41809702972305,,,,True,47.799568037538535,42.58922766556233,False,False
pvl_delta,100,236,SteingroverInPrep,125.42799139165122,-125.42799139165122,258.85598278330247,269.2766635272548,138.62943611198907,13.201444720337847,False,1,0,1,True,CONVERGENCE: RELATIVE REDUCTION OF F <= FACTR*EPSMCH,160,23,32,0.16900985510534836,,1e-06,0.06562952863431518,1.0719839068448664,True,0.0,0.0,True,True
q_learning,100,236,SteingroverInPrep,138.62943611198918,-138.62943611198918,281.25887222397836,286.46921259595456,138.62943611198907,-1.1368683772161603e-13,True,2,0,2,True,CONVERGENCE: NORM OF PROJECTED GRADIENT <= PGTOL,3,0,2,0.0,0.0,,,,True,22.402889440675892,17.192549068699748,False,False
pvl_delta,100,237,SteingroverInPrep,79.32430573777076,-79.32430573777076,166.64861147554151,177.0692922194939,138.62943611198907,59.30513037421831,False,0,0,0,True,CONVERGENCE: RELATIVE REDUCTION OF F <= FACTR*EPSMCH,565,76,32,0.018434539258101734,,0.1119577559983835,6.543424396735242,2.6510842732569126,True,0.0,0.0,True,True
q_learning,100,237,SteingroverInPrep,100.53707770077172,-100.53707770077172,205.07415540154344,210.2844957735196,138.62943611198907,38.09235841121735,False,0,1,1,True,CONVERGENCE: RELATIVE REDUCTION OF F <= FACTR*EPSMCH,111,30,8,0.0027634631662954434,100.0,,,,True,38.42554392600192,33.21520355402572,False,False
pvl_delta,100,238,SteingroverInPrep,118.31087170214303,-118.31087170214303,244.62174340428606,255.04242414823844,138.62943611198907,20.318564409846033,False,1,0,1,True,CONVERGENCE: NORM OF PROJECTED GRADIENT <= PGTOL,585,79,32,0.1510185964419831,,1e-06,1.56177023055192,1.0968881597533704,True,0.0,0.0,True,True
q_learning,100,238,SteingroverInPrep,137.62255184048098,-137.62255184048098,279.24510368096196,284.45544405293816,138.62943611198907,1.0068842715080848,False,0,1,1,True,CONVERGENCE: RELATIVE REDUCTION OF F <= FACTR*EPSMCH,18,4,2,1.0,0.0762656412243224,,,,True,34.623360276675896,29.413019904699723,False,False
pvl_delta,100,239,SteingroverInPrep,125.0659411122523,-125.0659411122523,258.1318822245046,268.552562968457,138.62943611198907,13.563494999736761,False,1,1,2,True,CONVERGENCE: NORM OF PROJECTED GRADIENT <= PGTOL,415,60,32,0.999999,,0.48497403597450367,1e-06,0.7571487110784312,True,0.0,0.0,True,True
q_learning,100,239,SteingroverInPrep,138.31703994767224,-138.31703994767224,280.6340798953445,285.8444202673207,138.62943611198907,0.31239616431682293,False,0,1,1,True,CONVERGENCE: RELATIVE REDUCTION OF F <= FACTR*EPSMCH,18,4,10,1.0,0.0557893649492279,,,,True,22.502197670839905,17.291857298863704,False,False
pvl_delta,100,240,SteingroverInPrep,79.1988711125052,-79.1988711125052,166.3977422250104,176.81842296896278,138.62943611198907,59.43056499948386,False,1,1,2,True,CONVERGENCE: RELATIVE REDUCTION OF F <= FACTR*EPSMCH,295,26,32,0.0007304502415374854,,1e-06,1.8203957575168537,5.0,True,0.0,0.0,True,True
q_learning,100,240,SteingroverInPrep,102.78585736145052,-102.78585736145052,209.57171472290105,214.78205509487722,138.62943611198907,35.84357875053854,False,0,1,1,True,CONVERGENCE: RELATIVE REDUCTION OF F <= FACTR*EPSMCH,135,19,10,0.0018559500072319675,100.0,,,,True,43.173972497890645,37.963632125914444,False,False
pvl_delta,100,241,SteingroverInPrep,130.58279938808818,-130.58279938808818,269.16559877617635,279.5862795201287,138.62943611198907,8.046636723900889,False,1,0,1,True,CONVERGENCE: RELATIVE REDUCTION OF F <= FACTR*EPSMCH,305,50,32,0.009700130212413019,,1e-06,4.395365517189769,1.7766846672317425,True,0.0,0.0,True,True
q_learning,100,241,SteingroverInPrep,137.88506072319322,-137.88506072319322,279.77012144638644,284.98046181836264,138.62943611198907,0.7443753887958451,False,0,1,1,True,CONVERGENCE: RELATIVE REDUCTION OF F <= FACTR*EPSMCH,18,4,2,1.0,0.06863469943119672,,,,True,10.604522670210088,5.394182298233943,False,False
pvl_delta,100,242,SteingroverInPrep,138.5390245259817,-138.5390245259817,285.0780490519634,295.4987297959157,138.62943611198907,0.09041158600737731,False,0,1,1,True,CONVERGENCE: RELATIVE REDUCTION OF F <= FACTR*EPSMCH,370,44,32,7.4944277292128804e-06,,0.24347256473937642,10.0,4.770011307976867,True,3.820184812821651,9.030525184797796,False,False
q_learning,100,242,SteingroverInPrep,138.62893211957086,-138.62893211957086,281.2578642391417,286.4682046111179,138.62943611198907,0.0005039924182028699,False,0,0,0,True,CONVERGENCE: RELATIVE REDUCTION OF F <= FACTR*EPSMCH,15,2,9,0.0002446883962664693,3.0,,,,True,0.0,0.0,True,True
pvl_delta,100,243,SteingroverInPrep,119.57867430260465,-119.57867430260465,247.1573486052093,257.5780293491617,138.62943611198907,19.05076180938441,False,1,0,1,True,CONVERGENCE: RELATIVE REDUCTION OF F <= FACTR*EPSMCH,75,12,32,0.1852771869833306,,1e-06,0.34868167104943365,1.0346170841122189,True,0.0,0.0,True,True
q_learning,100,243,SteingroverInPrep,138.3265894451931,-138.3265894451931,280.6531788903862,285.8635192623624,138.62943611198907,0.30284666679597194,False,0,1,1,True,CONVERGENCE: RELATIVE REDUCTION OF F <= FACTR*EPSMCH,33,9,3,1.0,0.04489669518426138,,,,True,33.49583028517688,28.285489913200706,False,False
pvl_delta,100,244,SteingroverInPrep,64.66981575808784,-64.66981575808784,137.33963151617567,147.76031226012805,138.62943611198907,73.95962035390123,False,1,1,2,True,CONVERGENCE: NORM OF PROJECTED GRADIENT <= PGTOL,855,108,32,0.7563436648661557,,2.0,1e-06,1.4819035402405916,True,0.0,0.0,True,True
q_learning,100,244,SteingroverInPrep,137.10164606261083,-137.10164606261083,278.20329212522165,283.41363249719785,138.62943611198907,1.5277900493782397,False,0,1,1,True,CONVERGENCE: RELATIVE REDUCTION OF F <= FACTR*EPSMCH,15,3,2,1.0,0.08916853607885271,,,,True,140.86366060904598,135.6533202370698,False,False
pvl_delta,100,245,SteingroverInPrep,110.57672715842666,-110.57672715842666,229.15345431685333,239.5741350608057,138.62943611198907,28.0527089535624,False,0,0,0,True,CONVERGENCE: RELATIVE REDUCTION OF F <= FACTR*EPSMCH,155,21,32,0.21843039873324968,,0.015469091935556192,0.18098682101618133,1.1923421707251862,True,0.0,0.0,True,True
q_learning,100,245,SteingroverInPrep,135.56156050432946,-135.56156050432946,275.1231210086589,280.33346138063513,138.62943611198907,3.0678756076596017,False,0,1,1,True,CONVERGENCE: NORM OF PROJECTED GRADIENT <= PGTOL,69,15,10,1.0,0.12747277641930446,,,,True,45.9696666918056,40.75932631982943,False,False
pvl_delta,100,246,SteingroverInPrep,116.75011048004826,-116.75011048004826,241.50022096009653,251.9209017040489,138.62943611198907,21.8793256319408,False,0,1,1,True,CONVERGENCE: RELATIVE REDUCTION OF F <= FACTR*EPSMCH,625,59,32,0.0005871222527653238,,0.8751295248260355,1.3910923746265977,5.0,True,4.951131659891388,10.16147203186759,False,False
q_learning,100,246,SteingroverInPrep,116.27454465010257,-116.27454465010257,236.54908930020514,241.7594296721813,138.62943611198907,22.354891461886496,False,0,1,1,True,CONVERGENCE: RELATIVE REDUCTION OF F <= FACTR*EPSMCH,27,5,10,0.0017315054498957,99.99999999701885,,,,True,0.0,0.0,True,True
pvl_delta,100,247,SteingroverInPrep,87.07747363635835,-87.07747363635835,182.1549472727167,192.57562801666907,138.62943611198907,51.55196247563072,False,0,0,0,True,CONVERGENCE: RELATIVE REDUCTION OF F <= FACTR*EPSMCH,480,65,32,0.02381076900701912,,0.32340240284075,2.8013678208675046,2.4510492940483344,True,0.0,0.0,True,True
q_learning,100,247,SteingroverInPrep,123.88334510421964,-123.88334510421964,251.7666902084393,256.9770305804155,138.62943611198907,14.746091007769422,False,0,0,0,True,CONVERGENCE: NORM OF PROJECTED GRADIENT <= PGTOL,54,14,9,0.9025903549307375,0.4338640165464304,,,,True,69.61174293572259,64.40140256374642,False,False
pvl_delta,100,248,SteingroverInPrep,59.91747393020136,-59.91747393020136,127.83494786040272,138.25562860435508,138.62943611198907,78.7119621817877,False,0,1,1,True,CONVERGENCE: RELATIVE REDUCTION OF F <= FACTR*EPSMCH,705,96,32,0.12580055957844083,,1.9832051275049711,10.0,0.3911108819209937,True,0.0,2.342362267248916,True,False
q_learning,100,248,SteingroverInPrep,63.351462982564996,-63.351462982564996,130.70292596513,135.91326633710617,138.62943611198907,75.27797312942407,False,0,0,0,True,CONVERGENCE: NORM OF PROJECTED GRADIENT <= PGTOL,132,25,6,0.08109154854805675,10.858992218591236,,,,True,2.867978104727271,0.0,False,True
pvl_delta,100,249,SteingroverInPrep,113.55490494249428,-113.55490494249428,235.10980988498855,245.53049062894092,138.62943611198907,25.07453116949479,False,0,0,0,True,CONVERGENCE: RELATIVE REDUCTION OF F <= FACTR*EPSMCH,645,80,32,0.051699847840907524,,0.9739070076601269,0.30791170919230015,1.6655828397553434,True,0.0,0.0,True,True
q_learning,100,249,SteingroverInPrep,136.0039224163544,-136.0039224163544,276.0078448327088,281.218185204685,138.62943611198907,2.625513695634652,False,0,1,1,True,CONVERGENCE: RELATIVE REDUCTION OF F <= FACTR*EPSMCH,15,2,2,1.0,0.10799191214327605,,,,True,40.89803494772028,35.6876945757441,False,False
pvl_delta,100,250,SteingroverInPrep,123.57818678732886,-123.57818678732886,255.15637357465772,265.57705431861007,138.62943611198907,15.051249324660205,False,1,0,1,True,CONVERGENCE: RELATIVE REDUCTION OF F <= FACTR*EPSMCH,355,38,32,0.11088563816409022,,1e-06,5.50215790610116,0.6950007479673924,True,0.0,0.0,True,True
q_learning,100,250,SteingroverInPrep,134.0997985598369,-134.0997985598369,272.1995971196738,277.40993749165,138.62943611198907,4.529637552152167,False,0,0,0,True,CONVERGENCE: RELATIVE REDUCTION OF F <= FACTR*EPSMCH,54,12,10,0.6970441480156168,0.25861456691661916,,,,True,17.043223545016076,11.832883173039932,False,False
pvl_delta,100,251,SteingroverInPrep,107.83164590927163,-107.83164590927163,223.66329181854326,234.08397256249563,138.62943611198907,30.797790202717437,False,0,0,0,True,CONVERGENCE: RELATIVE REDUCTION OF F <= FACTR*EPSMCH,185,25,32,0.13152020107176712,,0.6388960604809572,0.3174849650168702,1.4799995978747187,True,0.0,0.0,True,True
q_learning,100,251,SteingroverInPrep,137.18362728636097,-137.18362728636097,278.36725457272195,283.57759494469815,138.62943611198907,1.4458088256280917,False,0,1,1,True,CONVERGENCE: RELATIVE REDUCTION OF F <= FACTR*EPSMCH,18,4,2,1.0,0.08632390786754861,,,,True,54.70396275417869,49.49362238220252,False,False
pvl_delta,100,252,SteingroverInPrep,117.49417261625385,-117.49417261625385,242.9883452325077,253.40902597646007,138.62943611198907,21.135263495735217,False,1,1,2,True,CONVERGENCE: NORM OF PROJECTED GRADIENT <= PGTOL,130,16,32,0.999999,,1e-06,0.2943377244762091,0.7274793483517776,True,0.0,0.0,True,True
q_learning,100,252,SteingroverInPrep,126.79450735988975,-126.79450735988975,257.58901471977947,262.7993550917557,138.62943611198907,11.834928752099316,False,0,1,1,True,CONVERGENCE: NORM OF PROJECTED GRADIENT <= PGTOL,21,4,10,1.0,0.29526567059423753,,,,True,14.600669487271773,9.3903291152956,False,False
pvl_delta,100,253,SteingroverInPrep,82.0543518695761,-82.0543518695761,172.1087037391522,182.52938448310456,138.62943611198907,56.57508424241297,False,0,0,0,True,CONVERGENCE: RELATIVE REDUCTION OF F <= FACTR*EPSMCH,135,18,32,0.1611201284752846,,1.2820210079327587,0.12621823191960965,2.0382769450551104,True,0.0,0.0,True,True
q_learning,100,253,SteingroverInPrep,135.2610341252001,-135.2610341252001,274.5220682504002,279.7324086223764,138.62943611198907,3.3684019867889674,False,0,0,0,True,CONVERGENCE: RELATIVE REDUCTION OF F <= FACTR*EPSMCH,24,6,3,0.5290508351717778,0.2613675054081455,,,,True,102.413364511248,97.20302413927183,False,False
pvl_delta,100,254,SteingroverInPrep,52.867244927390885,-52.867244927390885,113.73448985478177,124.15517059873414,138.62943611198907,85.76219118459818,False,1,0,1,True,CONVERGENCE: RELATIVE REDUCTION OF F <= FACTR*EPSMCH,310,36,32,0.01832036422603552,,1e-06,5.292001041692244,2.8108806314917025,True,0.0,0.0,True,True
q_learning,100,254,SteingroverInPrep,66.486138644546,-66.486138644546,136.972277289092,142.18261766106818,138.62943611198907,72.14329746744306,False,0,1,1,True,CONVERGENCE: RELATIVE REDUCTION OF F <= FACTR*EPSMCH,24,4,7,0.005681004448546075,100.0,,,,True,23.237787434310235,18.027447062334033,False,False
pvl_delta,100,255,SteingroverInPrep,136.55997274365185,-136.55997274365185,281.1199454873037,291.54062623125606,138.62943611198907,2.0694633683372103,False,0,0,0,True,CONVERGENCE: RELATIVE REDUCTION OF F <= FACTR*EPSMCH,380,53,32,0.00013615694121802292,,0.1730128951560957,2.645592451771722,4.937361495884252,True,0.0,5.0714136353014965,True,False
q_learning,100,255,SteingroverInPrep,138.62943611198918,-138.62943611198918,281.25887222397836,286.46921259595456,138.62943611198907,-1.1368683772161603e-13,True,2,0,2,True,CONVERGENCE: NORM OF PROJECTED GRADIENT <= PGTOL,3,0,2,0.0,0.0,,,,True,0.13892673667464805,0.0,False,True
pvl_delta,100,256,SteingroverInPrep,87.5111862529444,-87.5111862529444,183.0223725058888,193.44305324984117,138.62943611198907,51.11824985904467,False,0,1,1,True,CONVERGENCE: RELATIVE REDUCTION OF F <= FACTR*EPSMCH,355,40,32,0.0017527587095559404,,0.7621323648017464,0.7830374883153842,5.0,True,0.0,0.0,True,True
q_learning,100,256,SteingroverInPrep,97.63608859557982,-97.63608859557982,199.27217719115964,204.48251756313581,138.62943611198907,40.993347516409244,False,0,1,1,True,CONVERGENCE: RELATIVE REDUCTION OF F <= FACTR*EPSMCH,153,31,8,0.002047059910135488,100.0,,,,True,16.249804685270846,11.039464313294644,False,False
pvl_delta,100,257,SteingroverInPrep,88.04875788837789,-88.04875788837789,184.09751577675578,194.51819652070816,138.62943611198907,50.58067822361117,False,1,0,1,True,CONVERGENCE: RELATIVE REDUCTION OF F <= FACTR*EPSMCH,105,18,32,0.43413225279830614,,0.4883115033406409,1e-06,1.2969485678442305,True,0.0,0.0,True,True
q_learning,100,257,SteingroverInPrep,133.34924776169456,-133.34924776169456,270.6984955233891,275.9088358953653,138.62943611198907,5.280188350294509,False,0,1,1,True,CONVERGENCE: RELATIVE REDUCTION OF F <= FACTR*EPSMCH,18,4,2,1.0,0.20315576499917892,,,,True,86.60097974663333,81.39063937465716,False,False
pvl_delta,100,258,SteingroverInPrep,40.81446376784474,-40.81446376784474,89.62892753568948,100.04960827964186,138.62943611198907,97.81497234414432,False,0,0,0,True,CONVERGENCE: RELATIVE REDUCTION OF F <= FACTR*EPSMCH,255,38,32,0.013967633494652312,,0.5008420145926581,3.5692130931917685,2.8693520129380414,True,0.0,2.5926115025229706,True,False
q_learning,100,258,SteingroverInPrep,44.12332820257135,-44.12332820257135,92.2466564051427,97.45699677711889,138.62943611198907,94.50610790941772,False,0,0,0,True,CONVERGENCE: RELATIVE REDUCTION OF F <= FACTR*EPSMCH,141,26,7,0.00945418927687104,54.717592149222845,,,,True,2.6177288694532166,0.0,False,True
pvl_delta,100,259,SteingroverInPrep,107.4322886666757,-107.4322886666757,222.8645773333514,233.28525807730378,138.62943611198907,31.197147445313362,False,1,1,2,True,CONVERGENCE: RELATIVE REDUCTION OF F <= FACTR*EPSMCH,270,27,32,0.0006174337568246748,,1e-06,3.3129069598814738,4.999999974476412,True,0.0,0.0,True,True
q_learning,100,259,SteingroverInPrep,127.89358796046943,-127.89358796046943,259.78717592093886,264.99751629291507,138.62943611198907,10.735848151519633,False,0,1,1,True,CONVERGENCE: RELATIVE REDUCTION OF F <= FACTR*EPSMCH,180,38,10,0.001305028962779765,100.0,,,,True,36.92259858758746,31.712258215611286,False,False
pvl_delta,100,260,SteingroverInPrep,111.79156310316466,-111.79156310316466,231.58312620632933,242.0038069502817,138.62943611198907,26.837873008824403,False,0,0,0,True,CONVERGENCE: NORM OF PROJECTED GRADIENT <= PGTOL,130,18,32,0.9868044227587907,,0.3743924890483971,0.23235376401829141,0.9233361702634972,True,0.0,0.0,True,True
q_learning,100,260,SteingroverInPrep,126.60235519952356,-126.60235519952356,257.20471039904714,262.4150507710233,138.62943611198907,12.027080912465507,False,0,1,1,True,CONVERGENCE: NORM OF PROJECTED GRADIENT <= PGTOL,21,4,10,1.0,0.30444914646794025,,,,True,25.62158419271782,20.41124382074159,False,False
pvl_delta,100,261,SteingroverInPrep,77.60620510921066,-77.60620510921066,163.21241021842133,173.6330909623737,138.62943611198907,61.0232310027784,False,1,1,2,True,CONVERGENCE: NORM OF PROJECTED GRADIENT <= PGTOL,190,29,32,0.7422158558044679,,2.0,1e-06,1.3185418851217845,True,0.0,0.0,True,True
q_learning,100,261,SteingroverInPrep,135.03058982578315,-135.03058982578315,274.0611796515663,279.2715200235425,138.62943611198907,3.5988462862059123,False,0,0,0,True,CONVERGENCE: RELATIVE REDUCTION OF F <= FACTR*EPSMCH,33,8,2,0.9660664814588733,0.1552485779734755,,,,True,110.84876943314498,105.63842906116881,False,False
pvl_delta,100,262,SteingroverInPrep,90.5313735397453,-90.5313735397453,189.0627470794906,199.48342782344298,138.62943611198907,48.09806257224376,False,0,1,1,True,CONVERGENCE: RELATIVE REDUCTION OF F <= FACTR*EPSMCH,525,75,32,0.0010005819783900777,,0.825432149981113,2.0408467235421983,5.0,True,0.0,0.0,True,True
q_learning,100,262,SteingroverInPrep,97.87944108972911,-97.87944108972911,199.75888217945823,204.9692225514344,138.62943611198907,40.74999502225995,False,0,1,1,True,CONVERGENCE: RELATIVE REDUCTION OF F <= FACTR*EPSMCH,24,4,9,0.0034390067742860685,100.0,,,,True,10.69613509996762,5.4857947279914185,False,False
pvl_delta,100,263,SteingroverInPrep,101.155493088686,-101.155493088686,210.310986177372,220.73166692132438,138.62943611198907,37.473943023303065,False,1,1,2,True,CONVERGENCE: NORM OF PROJECTED GRADIENT <= PGTOL,75,11,32,0.999999,,1e-06,1.0912162691524316,0.7258144758163592,True,0.0,0.0,True,True
q_learning,100,263,SteingroverInPrep,124.0970487557286,-124.0970487557286,252.1940975114572,257.4044378834334,138.62943611198907,14.532387356260472,False,0,0,0,True,CONVERGENCE: NORM OF PROJECTED GRADIENT <= PGTOL,33,9,10,0.541894189338281,0.5619984054190851,,,,True,41.883111334085186,36.67277096210901,False,False
pvl_delta,100,264,SteingroverInPrep,138.16112853039533,-138.16112853039533,284.32225706079066,294.742937804743,138.62943611198907,0.4683075815937343,False,1,0,1,True,CONVERGENCE: RELATIVE REDUCTION OF F <= FACTR*EPSMCH,165,18,32,0.005051671162897835,,1e-06,1.1999050772809963,1.4342388450652306,True,3.063384836812304,8.273725208788449,False,False
q_learning,100,264,SteingroverInPrep,138.62943611198918,-138.62943611198918,281.25887222397836,286.46921259595456,138.62943611198907,-1.1368683772161603e-13,True,2,0,2,True,CONVERGENCE: NORM OF PROJECTED GRADIENT <= PGTOL,3,0,2,0.0,0.0,,,,True,0.0,0.0,True,True
pvl_delta,100,265,SteingroverInPrep,126.5699855835391,-126.5699855835391,261.1399711670782,271.56065191103056,138.62943611198907,12.059450528449972,False,0,0,0,True,CONVERGENCE: RELATIVE REDUCTION OF F <= FACTR*EPSMCH,100,15,32,0.1754169012631477,,0.3021047573783182,0.09831820122927559,1.071581806664945,True,0.0,0.0,True,True
q_learning,100,265,SteingroverInPrep,137.32452614195643,-137.32452614195643,278.64905228391285,283.85939265588905,138.62943611198907,1.3049099700326394,False,0,1,1,True,CONVERGENCE: NORM OF PROJECTED GRADIENT <= PGTOL,18,4,2,1.0,0.10589885623438233,,,,True,17.509081116834636,12.298740744858492,False,False
pvl_delta,100,266,SteingroverInPrep,91.31845502240316,-91.31845502240316,190.6369100448063,201.0575907887587,138.62943611198907,47.31098108958591,False,2,0,2,True,CONVERGENCE: NORM OF PROJECTED GRADIENT <= PGTOL,365,43,32,0.1260960516333723,,1e-06,1e-06,1.5309177067885642,True,0.0,0.0,True,True
q_learning,100,266,SteingroverInPrep,135.7424254100794,-135.7424254100794,275.4848508201588,280.695191192135,138.62943611198907,2.8870107019096736,False,0,0,0,True,CONVERGENCE: NORM OF PROJECTED GRADIENT <= PGTOL,24,6,2,0.9210441819933026,0.17460781281864043,,,,True,84.84794077535247,79.6376004033763,False,False
pvl_delta,100,267,SteingroverInPrep,116.08650239449727,-116.08650239449727,240.17300478899455,250.59368553294692,138.62943611198907,22.542933717491792,False,0,0,0,True,CONVERGENCE: RELATIVE REDUCTION OF F <= FACTR*EPSMCH,410,56,32,0.13834647775287215,,1.4378021008098427,0.2100755046984522,1.3856840839918891,True,0.0,0.0,True,True
q_learning,100,267,SteingroverInPrep,122.80393158825828,-122.80393158825828,249.60786317651656,254.81820354849273,138.62943611198907,15.825504523730785,False,0,0,0,True,CONVERGENCE: NORM OF PROJECTED GRADIENT <= PGTOL,48,12,10,0.3563562657584577,0.5890580395849926,,,,True,9.434858387522013,4.2245180155458115,False,False
pvl_delta,100,268,SteingroverInPrep,138.6294361119475,-138.6294361119475,285.258872223895,295.67955296784737,138.62943611198907,4.155253918725066e-11,True,2,0,2,True,CONVERGENCE: RELATIVE REDUCTION OF F <= FACTR*EPSMCH,20,2,32,1e-06,,1e-06,1.801778503471829,2.1186808346023025e-06,True,3.9999999999166675,9.210340371892812,False,False
q_learning,100,268,SteingroverInPrep,138.62943611198918,-138.62943611198918,281.25887222397836,286.46921259595456,138.62943611198907,-1.1368683772161603e-13,True,2,0,2,True,CONVERGENCE: NORM OF PROJECTED GRADIENT <= PGTOL,3,0,2,0.0,0.0,,,,True,0.0,0.0,True,True
pvl_delta,100,269,SteingroverInPrep,33.924625842629695,-33.924625842629695,75.84925168525939,86.26993242921176,138.62943611198907,104.70481026935937,False,0,0,0,True,CONVERGENCE: RELATIVE REDUCTION OF F <= FACTR*EPSMCH,155,27,32,0.06939341643105887,,0.1473391634277809,6.072649442833246,1.9800350149090573,True,0.0,0.0,True,True
q_learning,100,269,SteingroverInPrep,41.51952130392822,-41.51952130392822,87.03904260785644,92.24938297983263,138.62943611198907,97.10991480806084,False,0,0,0,True,CONVERGENCE: NORM OF PROJECTED GRADIENT <= PGTOL,87,20,9,0.03690436562602603,17.543380251146527,,,,True,11.189790922597055,5.979450550620868,False,False
pvl_delta,100,270,SteingroverInPrep,64.2370794814981,-64.2370794814981,136.4741589629962,146.89483970694857,138.62943611198907,74.39235663049097,False,0,0,0,True,CONVERGENCE: NORM OF PROJECTED GRADIENT <= PGTOL,945,124,32,0.3593233938879915,,0.8547422141626168,0.048876495028212036,1.4450468874865328,True,0.0,0.0,True,True
q_learning,100,270,SteingroverInPrep,132.05194394369948,-132.05194394369948,268.10388788739897,273.31422825937517,138.62943611198907,6.577492168289581,False,0,1,1,True,CONVERGENCE: RELATIVE REDUCTION OF F <= FACTR*EPSMCH,15,3,2,1.0,0.23309558043610257,,,,True,131.62972892440277,126.4193885524266,False,False
pvl_delta,100,271,SteingroverInPrep,124.08407344964252,-124.08407344964252,256.16814689928503,266.5888276432374,138.62943611198907,14.545362662346548,False,1,0,1,True,CONVERGENCE: RELATIVE REDUCTION OF F <= FACTR*EPSMCH,285,32,32,0.9971407487404733,,0.9011405152727922,1e-06,0.7925672137616554,True,0.0,0.0,True,True
q_learning,100,271,SteingroverInPrep,136.42344369047515,-136.42344369047515,276.8468873809503,282.0572277529265,138.62943611198907,2.205992421513912,False,0,1,1,True,CONVERGENCE: NORM OF PROJECTED GRADIENT <= PGTOL,18,3,2,1.0,0.12748105976860197,,,,True,20.678740481665272,15.468400109689128,False,False
pvl_delta,100,272,SteingroverInPrep,66.64315775115742,-66.64315775115742,141.28631550231484,151.7069962462672,138.62943611198907,71.98627836083165,False,0,0,0,True,CONVERGENCE: RELATIVE REDUCTION OF F <= FACTR*EPSMCH,465,66,32,0.003954642750385343,,0.6228439393246126,1.7077706928099163,4.380412799556196,True,0.0,0.0,True,True
q_learning,100,272,SteingroverInPrep,81.31649425925676,-81.31649425925676,166.6329885185135,171.8433288904897,138.62943611198907,57.31294185273231,False,0,1,1,True,CONVERGENCE: RELATIVE REDUCTION OF F <= FACTR*EPSMCH,144,35,9,0.0031650882696784414,100.0,,,,True,25.34667301619868,20.136332644222477,False,False
pvl_delta,100,273,SteingroverInPrep,115.4628229187936,-115.4628229187936,238.9256458375872,249.34632658153959,138.62943611198907,23.16661319319546,False,0,0,0,True,CONVERGENCE: RELATIVE REDUCTION OF F <= FACTR*EPSMCH,665,76,32,0.07873212171303039,,0.36931045706686133,2.6083531554922494,1.377104730078485,True,0.0,0.0,True,True
q_learning,100,273,SteingroverInPrep,126.52280632104444,-126.52280632104444,257.0456126420889,262.2559530140651,138.62943611198907,12.106629790944623,False,0,0,0,True,CONVERGENCE: RELATIVE REDUCTION OF F <= FACTR*EPSMCH,42,10,10,0.056785100078465094,3.4053536287094235,,,,True,18.119966804501672,12.9096264325255,False,False
pvl_delta,100,274,SteingroverInPrep,131.61407190406646,-131.61407190406646,271.2281438081329,281.6488245520853,138.62943611198907,7.015364207922602,False,1,1,2,True,CONVERGENCE: NORM OF PROJECTED GRADIENT <= PGTOL,540,72,32,0.12110636256246589,,2.0,1e-06,0.7753426661516377,True,0.0,0.0,True,True
q_learning,100,274,SteingroverInPrep,138.46138005853098,-138.46138005853098,280.92276011706196,286.13310048903816,138.62943611198907,0.16805605345808772,False,0,1,1,True,CONVERGENCE: NORM OF PROJECTED GRADIENT <= PGTOL,33,9,3,1.0,0.03293269252280221,,,,True,9.694616308929028,4.4842759369528835,False,False
pvl_delta,100,275,SteingroverInPrep,124.10081891700003,-124.10081891700003,256.20163783400005,266.6223185779524,138.62943611198907,14.528617194989039,False,0,1,1,True,CONVERGENCE: NORM OF PROJECTED GRADIENT <= PGTOL,140,19,32,0.999999,,0.13850126916435174,1.2900129182626636,0.4517620466129894,True,0.0,0.0,True,True
q_learning,100,275,SteingroverInPrep,131.66644348856178,-131.66644348856178,267.33288697712356,272.54322734909977,138.62943611198907,6.962992623427283,False,0,1,1,True,CONVERGENCE: NORM OF PROJECTED GRADIENT <= PGTOL,18,4,10,1.0,0.22423040926031523,,,,True,11.131249143123512,5.920908771147367,False,False
pvl_delta,100,276,SteingroverInPrep,84.14243640071422,-84.14243640071422,176.28487280142843,186.7055535453808,138.62943611198907,54.48699971127485,False,1,0,1,True,CONVERGENCE: RELATIVE REDUCTION OF F <= FACTR*EPSMCH,310,35,32,0.010870782876960946,,1e-06,4.962543722842783,2.8143062671572268,True,0.0,0.0,True,True
q_learning,100,276,SteingroverInPrep,118.59320411617679,-118.59320411617679,241.18640823235359,246.39674860432976,138.62943611198907,20.036231995812273,False,0,1,1,True,CONVERGENCE: RELATIVE REDUCTION OF F <= FACTR*EPSMCH,30,3,10,0.0011864639117113273,100.0,,,,True,64.90153543092515,59.69119505894895,False,False
pvl_delta,100,277,SteingroverInPrep,104.00296120543969,-104.00296120543969,216.00592241087938,226.42660315483175,138.62943611198907,34.626474906549376,False,1,1,2,True,CONVERGENCE: RELATIVE REDUCTION OF F <= FACTR*EPSMCH,610,81,32,0.999999,,1e-06,0.4755653497671642,0.8754218593945158,True,0.0,0.0,True,True
q_learning,100,277,SteingroverInPrep,126.02452975577853,-126.02452975577853,256.04905951155706,261.25939988353326,138.62943611198907,12.604906356210535,False,0,1,1,True,CONVERGENCE: NORM OF PROJECTED GRADIENT <= PGTOL,141,33,9,1.0,0.34291885643248365,,,,True,40.04313710067768,34.83279672870151,False,False
pvl_delta,100,278,SteingroverInPrep,105.63102725030926,-105.63102725030926,219.26205450061852,229.6827352445709,138.62943611198907,32.998408861679806,False,0,0,0,True,CONVERGENCE: RELATIVE REDUCTION OF F <= FACTR*EPSMCH,495,59,32,0.03642430587228995,,0.29793599225359874,2.64646695555462,1.903982325162205,True,0.0,0.0,True,True
q_learning,100,278,SteingroverInPrep,124.63032529135859,-124.63032529135859,253.26065058271718,258.4709909546934,138.62943611198907,13.999110820630477,False,0,1,1,True,CONVERGENCE: RELATIVE REDUCTION OF F <= FACTR*EPSMCH,183,38,10,0.0010111220686530287,100.0,,,,True,33.99859608209866,28.788255710122485,False,False
pvl_delta,100,279,SteingroverInPrep,126.80070285695581,-126.80070285695581,261.6014057139116,272.02208645786396,138.62943611198907,11.828733255033256,False,1,0,1,True,CONVERGENCE: RELATIVE REDUCTION OF F <= FACTR*EPSMCH,150,25,32,0.7023536266441526,,1e-06,6.347877380730538,0.2196408307544872,True,0.0,0.0,True,True
q_learning,100,279,SteingroverInPrep,134.64603155858308,-134.64603155858308,273.29206311716615,278.50240348914235,138.62943611198907,3.9834045534059896,False,0,1,1,True,CONVERGENCE: NORM OF PROJECTED GRADIENT <= PGTOL,84,13,10,1.0,0.17228565803670742,,,,True,11.690657403254534,6.480317031278389,False,False
pvl_delta,100,280,SteingroverInPrep,125.66987194934924,-125.66987194934924,259.3397438986985,269.76042464265083,138.62943611198907,12.959564162639822,False,0,1,1,True,CONVERGENCE: RELATIVE REDUCTION OF F <= FACTR*EPSMCH,195,20,32,0.00016439628124193187,,0.364482496406205,7.44783259973783,5.0,True,0.0,0.0,True,True
q_learning,100,280,SteingroverInPrep,131.35880017833412,-131.35880017833412,266.71760035666824,271.92794072864444,138.62943611198907,7.270635933654944,False,0,1,1,True,CONVERGENCE: RELATIVE REDUCTION OF F <= FACTR*EPSMCH,105,20,8,0.0011727177591769247,100.0,,,,True,7.377856457969756,2.1675160859936113,False,False
pvl_delta,100,281,SteingroverInPrep,120.97815952708615,-120.97815952708615,249.9563190541723,260.37699979812464,138.62943611198907,17.651276584902917,False,0,0,0,True,CONVERGENCE: RELATIVE REDUCTION OF F <= FACTR*EPSMCH,765,89,32,0.17700346771090397,,0.8338807187473289,0.34234932983066957,1.231885169523989,True,0.0,0.0,True,True
q_learning,100,281,SteingroverInPrep,134.84727796571454,-134.84727796571454,273.6945559314291,278.9048963034053,138.62943611198907,3.7821581462745257,False,0,0,0,True,CONVERGENCE: NORM OF PROJECTED GRADIENT <= PGTOL,66,12,10,0.831235157953837,0.1599581925619806,,,,True,23.73823687725678,18.527896505280637,False,False
pvl_delta,100,282,SteingroverInPrep,111.40962155261965,-111.40962155261965,230.8192431052393,241.23992384919168,138.62943611198907,27.21981455936941,False,1,0,1,True,CONVERGENCE: RELATIVE REDUCTION OF F <= FACTR*EPSMCH,85,15,32,0.9777284138877927,,0.7607877960870122,1e-06,1.005366734999723,True,0.0,0.0,True,True
q_learning,100,282,SteingroverInPrep,134.80503834331583,-134.80503834331583,273.61007668663166,278.82041705860786,138.62943611198907,3.8243977686732364,False,0,1,1,True,CONVERGENCE: RELATIVE REDUCTION OF F <= FACTR*EPSMCH,24,5,2,1.0,0.16094346307126678,,,,True,42.79083358139235,37.580493209416176,False,False
pvl_delta,100,283,SteingroverInPrep,88.94295155669919,-88.94295155669919,185.88590311339837,196.30658385735074,138.62943611198907,49.68648455528988,False,1,1,2,True,CONVERGENCE: RELATIVE REDUCTION OF F <= FACTR*EPSMCH,130,18,32,0.999999,,1e-06,0.16843043822468676,1.1234193607539822,True,0.0,0.0,True,True
q_learning,100,283,SteingroverInPrep,121.2702541177153,-121.2702541177153,246.5405082354306,251.75084860740677,138.62943611198907,17.35918199427377,False,0,1,1,True,CONVERGENCE: NORM OF PROJECTED GRADIENT <= PGTOL,24,6,7,1.0,0.3749013304547829,,,,True,60.65460512203222,55.44426475005602,False,False
pvl_delta,100,284,SteingroverInPrep,112.90553673480075,-112.90553673480075,233.8110734696015,244.23175421355387,138.62943611198907,25.723899377188317,False,0,0,0,True,CONVERGENCE: RELATIVE REDUCTION OF F <= FACTR*EPSMCH,90,16,32,0.9577018790702275,,0.09923547761824196,0.8042999670752145,0.6939166330857882,True,0.0,0.0,True,True
q_learning,100,284,SteingroverInPrep,125.94148872253018,-125.94148872253018,255.88297744506036,261.09331781703656,138.62943611198907,12.687947389458884,False,0,0,0,True,CONVERGENCE: NORM OF PROJECTED GRADIENT <= PGTOL,51,13,10,0.9889953045268489,0.32618011430807337,,,,True,22.071903975458866,16.861563603482693,False,False
pvl_delta,100,285,SteingroverInPrep,126.5535322677952,-126.5535322677952,261.10706453559044,271.5277452795428,138.62943611198907,12.07590384419386,False,1,0,1,True,CONVERGENCE: RELATIVE REDUCTION OF F <= FACTR*EPSMCH,405,47,32,0.18602963677160889,,1e-06,0.5918132468324351,0.8423708164602489,True,1.9966970295320152,7.207037401508217,False,False
q_learning,100,285,SteingroverInPrep,127.5551837530292,-127.5551837530292,259.1103675060584,264.32070787803457,138.62943611198907,11.074252358959868,False,0,1,1,True,CONVERGENCE: RELATIVE REDUCTION OF F <= FACTR*EPSMCH,51,5,9,0.0016321854548752032,100.0,,,,True,0.0,0.0,True,True
pvl_delta,100,286,SteingroverInPrep,128.06597512217394,-128.06597512217394,264.1319502443479,274.5526309883002,138.62943611198907,10.563460989815127,False,0,0,0,True,CONVERGENCE: RELATIVE REDUCTION OF F <= FACTR*EPSMCH,545,75,32,0.1474452558570324,,0.36266410826285017,0.5550215129414788,1.004123024732498,True,0.0,0.0,True,True
q_learning,100,286,SteingroverInPrep,138.06257316165102,-138.06257316165102,280.12514632330203,285.33548669527823,138.62943611198907,0.5668629503380487,False,0,1,1,True,CONVERGENCE: NORM OF PROJECTED GRADIENT <= PGTOL,18,4,3,1.0,0.05686470250461376,,,,True,15.993196078954156,10.782855706978012,False,False
pvl_delta,100,287,SteingroverInPrep,50.49850582545811,-50.49850582545811,108.99701165091622,119.4176923948686,138.62943611198907,88.13093028653095,False,0,0,0,True,CONVERGENCE: RELATIVE REDUCTION OF F <= FACTR*EPSMCH,225,27,32,0.081029763132589,,1.2015115757601365,0.23545390851698725,2.5453386878233646,True,0.0,0.0,True,True
q_learning,100,287,SteingroverInPrep,61.85808038803212,-61.85808038803212,127.71616077606424,132.92650114804042,138.62943611198907,76.77135572395694,False,0,0,0,True,CONVERGENCE: RELATIVE REDUCTION OF F <= FACTR*EPSMCH,66,16,8,0.029194015435107277,20.556218816282634,,,,True,18.71914912514802,13.50880875317182,False,False
pvl_delta,100,288,SteingroverInPrep,105.37136210241984,-105.37136210241984,218.74272420483967,229.16340494879205,138.62943611198907,33.25807400956923,False,1,0,1,True,CONVERGENCE: RELATIVE REDUCTION OF F <= FACTR*EPSMCH,685,83,32,0.709183208645919,,1.447023746815096,1e-06,1.1272133364730699,True,0.0,0.0,True,True
q_learning,100,288,SteingroverInPrep,136.78462221314388,-136.78462221314388,277.56924442628775,282.77958479826395,138.62943611198907,1.8448138988451888,False,0,1,1,True,CONVERGENCE: RELATIVE REDUCTION OF F <= FACTR*EPSMCH,15,2,2,1.0,0.11322833554141806,,,,True,58.82652022144808,53.616179849471905,False,False
pvl_delta,100,289,SteingroverInPrep,130.41269105892582,-130.41269105892582,268.82538211785163,279.246062861804,138.62943611198907,8.21674505306325,False,1,0,1,True,CONVERGENCE: RELATIVE REDUCTION OF F <= FACTR*EPSMCH,190,25,32,0.037121656761140154,,1e-06,3.2421538724838075,1.2132616040958057,True,0.0,1.977925036358613,True,False
q_learning,100,289,SteingroverInPrep,134.02889872673458,-134.02889872673458,272.05779745346916,277.26813782544536,138.62943611198907,4.6005373852544835,False,0,1,1,True,CONVERGENCE: RELATIVE REDUCTION OF F <= FACTR*EPSMCH,210,48,9,0.0009639597244006864,100.0,,,,True,3.2324153356175316,0.0,False,True
pvl_delta,100,290,SteingroverInPrep,134.55289247989543,-134.55289247989543,277.10578495979087,287.5264657037432,138.62943611198907,4.076543632093632,False,0,1,1,True,CONVERGENCE: RELATIVE REDUCTION OF F <= FACTR*EPSMCH,155,14,32,0.999999,,0.46170358532431144,0.7977073558050356,0.29687493163327555,True,0.4878016691558287,5.698142041131973,False,False
q_learning,100,290,SteingroverInPrep,136.30899164531752,-136.30899164531752,276.61798329063504,281.82832366261124,138.62943611198907,2.320444466671546,False,0,1,1,True,CONVERGENCE: RELATIVE REDUCTION OF F <= FACTR*EPSMCH,18,3,3,1.0,0.11418346147745434,,,,True,0.0,0.0,True,True
pvl_delta,100,291,SteingroverInPrep,68.82012146837778,-68.82012146837778,145.64024293675556,156.06092368070793,138.62943611198907,69.80931464361129,False,1,0,1,True,CONVERGENCE: NORM OF PROJECTED GRADIENT <= PGTOL,165,24,32,0.8092932857855196,,1e-06,0.12283640451056295,1.3845645834988314,True,0.0,0.0,True,True
q_learning,100,291,SteingroverInPrep,93.62129637113556,-93.62129637113556,191.2425927422711,196.4529331142473,138.62943611198907,45.00813974085351,False,0,0,0,True,CONVERGENCE: RELATIVE REDUCTION OF F <= FACTR*EPSMCH,84,22,10,0.018128142053362335,12.722032983450973,,,,True,45.60234980551556,40.39200943353936,False,False
pvl_delta,150,58,Wetzels,189.58461299606023,-189.58461299606023,387.16922599212046,399.2117671685055,207.94415416798358,18.359541171923354,False,0,1,1,True,CONVERGENCE: RELATIVE REDUCTION OF F <= FACTR*EPSMCH,375,50,32,0.9568254400419077,,2.0,0.0047251972762694695,0.7424982613582193,True,0.0,0.0,True,True
q_learning,150,58,Wetzels,201.9593379328321,-201.9593379328321,407.9186758656642,413.93994645385675,207.94415416798358,5.98481623515147,False,0,1,1,True,CONVERGENCE: RELATIVE REDUCTION OF F <= FACTR*EPSMCH,24,5,2,1.0,0.13344515475760663,,,,True,20.749449873543767,14.728179285351246,False,False
pvl_delta,150,59,Wetzels,192.24218893165454,-192.24218893165454,392.4843778633091,404.5269190396941,207.94415416798358,15.701965236329045,False,0,0,0,True,CONVERGENCE: RELATIVE REDUCTION OF F <= FACTR*EPSMCH,560,73,32,0.28381811808818364,,0.08458546889398177,0.3999331839180886,0.9111877383721996,True,0.0,0.0,True,True
q_learning,150,59,Wetzels,205.70381845747082,-205.70381845747082,415.40763691494163,421.42890750313416,207.94415416798358,2.240335710512767,False,0,0,0,True,CONVERGENCE: RELATIVE REDUCTION OF F <= FACTR*EPSMCH,21,5,10,0.33780516089623364,0.2421735426663305,,,,True,22.923259051632556,16.901988463440034,False,False
pvl_delta,150,60,Wetzels,73.08481229720569,-73.08481229720569,154.16962459441137,166.2121657707964,207.94415416798358,134.85934187077788,False,0,1,1,True,CONVERGENCE: RELATIVE REDUCTION OF F <= FACTR*EPSMCH,400,52,32,0.0007648595847358032,,0.34436517350556134,6.687042827992279,5.0,True,0.0,0.0,True,True
q_learning,150,60,Wetzels,82.33518068536017,-82.33518068536017,168.67036137072034,174.69163195891286,207.94415416798358,125.60897348262341,False,0,1,1,True,CONVERGENCE: RELATIVE REDUCTION OF F <= FACTR*EPSMCH,27,5,8,0.0036420838115632736,100.0,,,,True,14.500736776308969,8.479466188116476,False,False
pvl_delta,150,61,Wetzels,187.49768822932657,-187.49768822932657,382.99537645865314,395.0379176350382,207.94415416798358,20.446465938657013,False,0,0,0,True,CONVERGENCE: RELATIVE REDUCTION OF F <= FACTR*EPSMCH,85,14,32,0.8899321128953904,,0.5574914385621987,0.03317318966008619,0.829853272346946,True,0.0,0.0,True,True
q_learning,150,61,Wetzels,202.05469094597217,-202.05469094597217,408.10938189194434,414.13065248013686,207.94415416798358,5.889463222011415,False,0,0,0,True,CONVERGENCE: NORM OF PROJECTED GRADIENT <= PGTOL,27,7,3,0.9691637017853574,0.16108326791619945,,,,True,25.114005433291197,19.092734845098676,False,False
pvl_delta,150,62,Wetzels,183.6364664381529,-183.6364664381529,375.2729328763058,387.31547405269083,207.94415416798358,24.30768772983069,False,1,1,2,True,CONVERGENCE: RELATIVE REDUCTION OF F <= FACTR*EPSMCH,160,21,32,0.999999,,1.011076088732127,1e-06,0.8491986646976746,True,0.0,0.0,True,True
q_learning,150,62,Wetzels,203.40729542061362,-203.40729542061362,410.81459084122724,416.83586142941977,207.94415416798358,4.536858747369962,False,0,1,1,True,CONVERGENCE: RELATIVE REDUCTION OF F <= FACTR*EPSMCH,21,4,2,1.0,0.12944142185252266,,,,True,35.541657964921455,29.520387376728934,False,False
pvl_delta,150,63,Wetzels,188.3762799455032,-188.3762799455032,384.7525598910064,396.79510106739144,207.94415416798358,19.567874222480384,False,1,2,3,True,CONVERGENCE: RELATIVE REDUCTION OF F <= FACTR*EPSMCH,145,20,32,0.999999,,1e-06,10.0,0.11862743175866841,True,22.25364025874245,28.274910846934972,False,False
q_learning,150,63,Wetzels,179.24945981613197,-179.24945981613197,362.49891963226395,368.52019022045647,207.94415416798358,28.69469435185161,False,0,1,1,True,CONVERGENCE: RELATIVE REDUCTION OF F <= FACTR*EPSMCH,111,25,10,0.0016935637567142457,100.0,,,,True,0.0,0.0,True,True
pvl_delta,150,64,Wetzels,149.1316448913503,-149.1316448913503,306.2632897827006,318.30583095908565,207.94415416798358,58.81250927663328,False,1,0,1,True,CONVERGENCE: RELATIVE REDUCTION OF F <= FACTR*EPSMCH,110,18,32,0.039384739388972544,,1e-06,3.417986034143214,1.7572782072011943,True,0.0,0.0,True,True
q_learning,150,64,Wetzels,180.08481973194841,-180.08481973194841,364.16963946389683,370.19091005208935,207.94415416798358,27.85933443603517,False,0,1,1,True,CONVERGENCE: NORM OF PROJECTED GRADIENT <= PGTOL,201,49,9,0.0008402996567505875,100.0,,,,True,57.90634968119622,51.8850790930037,False,False
pvl_delta,150,65,Wetzels,126.60706227423867,-126.60706227423867,261.21412454847734,273.2566657248624,207.94415416798358,81.33709189374491,False,0,0,0,True,CONVERGENCE: RELATIVE REDUCTION OF F <= FACTR*EPSMCH,360,36,32,0.022046586477500987,,0.09557750782406776,0.4569109728127498,2.0995194230311536,True,0.0,0.0,True,True
q_learning,150,65,Wetzels,206.98532102115783,-206.98532102115783,417.97064204231566,423.9919126305082,207.94415416798358,0.9588331468257536,False,0,0,0,True,CONVERGENCE: RELATIVE REDUCTION OF F <= FACTR*EPSMCH,30,8,3,0.5240922253165822,0.11875492423587107,,,,True,156.75651749383832,150.7352469056458,False,False
pvl_delta,150,66,Wetzels,205.56773712802107,-205.56773712802107,419.13547425604213,431.1780154324272,207.94415416798358,2.3764170399625186,False,0,0,0,True,CONVERGENCE: RELATIVE REDUCTION OF F <= FACTR*EPSMCH,1060,126,32,0.00010324689472357185,,0.563193111570948,2.0125608273436844,4.849061138665024,True,3.7164930591040957,9.737763647296617,False,False
q_learning,150,66,Wetzels,205.70949059846902,-205.70949059846902,415.41898119693803,421.44025178513056,207.94415416798358,2.2346635695145665,False,0,1,1,True,CONVERGENCE: RELATIVE REDUCTION OF F <= FACTR*EPSMCH,15,3,10,1.0,0.09138363035625302,,,,True,0.0,0.0,True,True
pvl_delta,150,67,Wetzels,207.9441539832917,-207.9441539832917,423.8883079665834,435.93084914296844,207.94415416798358,1.846918848968926e-07,False,2,0,2,True,CONVERGENCE: RELATIVE REDUCTION OF F <= FACTR*EPSMCH,30,2,32,1e-06,,1e-06,1.846792459131147,0.0004037613364637452,True,7.213579332576273,13.234849920768795,False,False
q_learning,150,67,Wetzels,206.33736431700356,-206.33736431700356,416.6747286340071,422.69599922219965,207.94415416798358,1.6067898509800216,False,0,1,1,True,CONVERGENCE: RELATIVE REDUCTION OF F <= FACTR*EPSMCH,174,38,9,0.00024197121193383602,100.0,,,,True,0.0,0.0,True,True
pvl_delta,150,68,Wetzels,171.54887108050428,-171.54887108050428,351.09774216100857,363.1402833373936,207.94415416798358,36.3952830874793,False,0,0,0,True,CONVERGENCE: RELATIVE REDUCTION OF F <= FACTR*EPSMCH,130,18,32,0.5835898305444372,,0.4162145828772671,0.07008118449722298,1.1733274176001052,True,0.0,0.0,True,True
q_learning,150,68,Wetzels,199.63035276700717,-199.63035276700717,403.26070553401433,409.28197612220686,207.94415416798358,8.313801400976416,False,0,0,0,True,CONVERGENCE: RELATIVE REDUCTION OF F <= FACTR*EPSMCH,21,5,2,0.8935935942032296,0.22131621690470374,,,,True,52.162963373005766,46.141692784813245,False,False
pvl_delta,150,69,Wetzels,108.0912935275488,-108.0912935275488,224.1825870550976,236.2251282314826,207.94415416798358,99.85286064043478,False,0,0,0,True,CONVERGENCE: RELATIVE REDUCTION OF F <= FACTR*EPSMCH,185,20,32,0.05713464718241713,,0.4558316397227821,1.3328298701712018,1.9657180858443102,True,0.0,0.0,True,True
q_learning,150,69,Wetzels,141.8211898061566,-141.8211898061566,287.6423796123132,293.66365020050574,207.94415416798358,66.12296436182697,False,0,0,0,True,CONVERGENCE: RELATIVE REDUCTION OF F <= FACTR*EPSMCH,105,22,9,0.010263967111529375,16.492018563813993,,,,True,63.45979255721562,57.43852196902313,False,False
pvl_delta,150,70,Wetzels,160.99805375265913,-160.99805375265913,329.99610750531826,342.0386486817033,207.94415416798358,46.94610041532445,False,0,1,1,True,CONVERGENCE: RELATIVE REDUCTION OF F <= FACTR*EPSMCH,405,37,32,0.0004507457200775477,,0.4553131324672338,3.529028444143457,5.0,True,0.0,0.0,True,True
q_learning,150,70,Wetzels,175.21358384235037,-175.21358384235037,354.42716768470075,360.44843827289327,207.94415416798358,32.73057032563321,False,0,1,1,True,CONVERGENCE: RELATIVE REDUCTION OF F <= FACTR*EPSMCH,162,34,10,0.001232159378061248,100.0,,,,True,24.431060179382484,18.409789591189963,False,False
pvl_delta,150,71,Wetzels,131.03567059172866,-131.03567059172866,270.0713411834573,282.11388235984236,207.94415416798358,76.90848357625492,False,0,0,0,True,CONVERGENCE: RELATIVE REDUCTION OF F <= FACTR*EPSMCH,445,55,32,0.10084388044026533,,0.3193316653128538,4.463037702252625,1.2588259014668053,True,0.0,0.0,True,True
q_learning,150,71,Wetzels,149.75490547163878,-149.75490547163878,303.50981094327756,309.5310815314701,207.94415416798358,58.189248696344805,False,0,0,0,True,CONVERGENCE: RELATIVE REDUCTION OF F <= FACTR*EPSMCH,54,15,10,0.01685972167529927,12.539358441272753,,,,True,33.43846975982024,27.417199171627715,False,False
pvl_delta,150,72,Wetzels,151.4385766477866,-151.4385766477866,310.8771532955732,322.9196944719582,207.94415416798358,56.505577520196994,False,0,1,1,True,CONVERGENCE: RELATIVE REDUCTION OF F <= FACTR*EPSMCH,480,51,32,0.0008646233543720762,,0.94574339135339,0.804739267981729,5.0,True,0.0,0.0,True,True
q_learning,150,72,Wetzels,163.22779496396882,-163.22779496396882,330.45558992793764,336.47686051613016,207.94415416798358,44.716359204014765,False,0,1,1,True,CONVERGENCE: RELATIVE REDUCTION OF F <= FACTR*EPSMCH,45,5,8,0.001281531930353524,100.0,,,,True,19.578436632364458,13.557166044171936,False,False
pvl_delta,150,73,Wetzels,203.89152102425422,-203.89152102425422,415.78304204850843,427.8255832248935,207.94415416798358,4.052633143729366,False,0,0,0,True,CONVERGENCE: RELATIVE REDUCTION OF F <= FACTR*EPSMCH,180,13,32,0.0038734854780571523,,0.1458274336319692,1.309113251772056,2.12332992419786,True,0.0,1.9160043007331637,True,False
q_learning,150,73,Wetzels,207.9441541679839,-207.9441541679839,419.8883083359678,425.9095789241603,207.94415416798358,-3.126388037344441e-13,True,2,0,2,True,CONVERGENCE: NORM OF PROJECTED GRADIENT <= PGTOL,3,0,2,0.0,0.0,,,,True,4.105266287459358,0.0,False,True
pvl_delta,150,74,Wetzels,140.03937312538767,-140.03937312538767,288.07874625077534,300.1212874271604,207.94415416798358,67.90478104259591,False,0,0,0,True,CONVERGENCE: RELATIVE REDUCTION OF F <= FACTR*EPSMCH,105,16,32,0.41155868981375276,,0.38543880897578264,1.8303662623935864,1.0232130240712887,True,0.0,0.0,True,True
q_learning,150,74,Wetzels,162.758203130901,-162.758203130901,329.516406261802,335.5376768499945,207.94415416798358,45.18595103708259,False,0,0,0,True,CONVERGENCE: RELATIVE REDUCTION OF F <= FACTR*EPSMCH,93,22,10,0.4293056645003846,1.2416856779219283,,,,True,41.43766001102665,35.41638942283413,False,False
pvl_delta,150,75,Wetzels,178.9007800546516,-178.9007800546516,365.8015601093032,377.8441012856882,207.94415416798358,29.043374113331993,False,0,0,0,True,CONVERGENCE: RELATIVE REDUCTION OF F <= FACTR*EPSMCH,360,47,32,0.005302454750741259,,0.4618196812319319,2.6033547540073565,2.985691927494998,True,0.0,0.0,True,True
q_learning,150,75,Wetzels,195.87866433506022,-195.87866433506022,395.75732867012044,401.77859925831297,207.94415416798358,12.065489832923362,False,0,1,1,True,CONVERGENCE: RELATIVE REDUCTION OF F <= FACTR*EPSMCH,294,67,10,0.0008871696326176619,100.0,,,,True,29.955768560817262,23.93449797262474,False,False
pvl_delta,150,76,Wetzels,159.76889183917675,-159.76889183917675,327.5377836783535,339.58032485473854,207.94415416798358,48.17526232880684,False,1,0,1,True,CONVERGENCE: RELATIVE REDUCTION OF F <= FACTR*EPSMCH,110,16,32,0.6473202726570277,,0.00294213865470363,1e-06,1.2066117802892429,True,0.0,0.0,True,True
q_learning,150,76,Wetzels,198.9512849715661,-198.9512849715661,401.9025699431322,407.92384053132474,207.94415416798358,8.992869196417473,False,0,0,0,True,CONVERGENCE: RELATIVE REDUCTION OF F <= FACTR*EPSMCH,42,9,4,0.8757509440915736,0.2517857771549961,,,,True,74.36478626477873,68.34351567658621,False,False
pvl_delta,150,77,Wetzels,180.9456714470074,-180.9456714470074,369.8913428940148,381.93388407039987,207.94415416798358,26.99848272097617,False,2,1,3,True,CONVERGENCE: RELATIVE REDUCTION OF F <= FACTR*EPSMCH,170,7,32,0.00026975032511262673,,1e-06,1e-06,4.999999995974144,True,0.0,0.0,True,True
q_learning,150,77,Wetzels,192.05315293172063,-192.05315293172063,388.10630586344126,394.1275764516338,207.94415416798358,15.891001236262952,False,0,1,1,True,CONVERGENCE: RELATIVE REDUCTION OF F <= FACTR*EPSMCH,120,31,8,0.000884194959861598,100.0,,,,True,18.214962969426438,12.193692381233916,False,False
pvl_delta,150,78,Wetzels,171.25667514348132,-171.25667514348132,350.51335028696263,362.5558914633477,207.94415416798358,36.68747902450227,False,2,1,3,True,CONVERGENCE: RELATIVE REDUCTION OF F <= FACTR*EPSMCH,235,27,32,0.0002939519121270731,,1e-06,1e-06,5.0,True,0.0,0.0,True,True
q_learning,150,78,Wetzels,189.30676822809477,-189.30676822809477,382.61353645618954,388.63480704438206,207.94415416798358,18.637385939888816,False,0,1,1,True,CONVERGENCE: RELATIVE REDUCTION OF F <= FACTR*EPSMCH,138,28,8,0.0007776596400970538,100.0,,,,True,32.1001861692269,26.07891558103438,False,False
pvl_delta,150,79,Wetzels,156.8022164772238,-156.8022164772238,321.6044329544476,333.64697413083263,207.94415416798358,51.14193769075979,False,0,0,0,True,CONVERGENCE: RELATIVE REDUCTION OF F <= FACTR*EPSMCH,605,50,32,0.0002950353306700549,,0.39491018138896455,5.894922212595658,4.893839319042211,True,0.0,0.0,True,True
q_learning,150,79,Wetzels,162.00849911868573,-162.00849911868573,328.01699823737147,334.038268825564,207.94415416798358,45.93565504929785,False,0,1,1,True,CONVERGENCE: RELATIVE REDUCTION OF F <= FACTR*EPSMCH,150,32,9,0.001494496715753968,100.0,,,,True,6.412565282923879,0.39129469473135714,False,False
pvl_delta,150,80,Wetzels,116.57442144076529,-116.57442144076529,241.14884288153058,253.1913840579156,207.94415416798358,91.36973272721829,False,1,1,2,True,CONVERGENCE: RELATIVE REDUCTION OF F <= FACTR*EPSMCH,265,33,32,0.0004987243689339142,,1e-06,8.035655088407935,5.0,True,0.0,0.0,True,True
q_learning,150,80,Wetzels,146.59718562014237,-146.59718562014237,297.19437124028474,303.21564182847726,207.94415416798358,61.346968547841215,False,0,1,1,True,CONVERGENCE: RELATIVE REDUCTION OF F <= FACTR*EPSMCH,48,5,9,0.0016441463590677313,100.0,,,,True,56.045528358754154,50.02425777056166,False,False
pvl_delta,150,81,Wetzels,161.26880294517056,-161.26880294517056,330.5376058903411,342.58014706672617,207.94415416798358,46.67535122281302,False,0,0,0,True,CONVERGENCE: RELATIVE REDUCTION OF F <= FACTR*EPSMCH,430,45,32,0.5954601622132256,,1.460599145468632,0.005108597141638976,1.2243937584612485,True,0.0,0.0,True,True
q_learning,150,81,Wetzels,204.63069413277108,-204.63069413277108,413.26138826554217,419.2826588537347,207.94415416798358,3.3134600352125005,False,0,1,1,True,CONVERGENCE: RELATIVE REDUCTION OF F <= FACTR*EPSMCH,15,3,2,1.0,0.09802202909675248,,,,True,82.72378237520104,76.70251178700852,False,False
pvl_delta,150,82,Wetzels,118.36250298277572,-118.36250298277572,244.72500596555145,256.76754714193646,207.94415416798358,89.58165118520786,False,2,1,3,True,CONVERGENCE: RELATIVE REDUCTION OF F <= FACTR*EPSMCH,100,16,32,0.999999,,1e-06,1e-06,1.207931719217408,True,0.0,0.0,True,True
q_learning,150,82,Wetzels,186.11258580110714,-186.11258580110714,376.2251716022143,382.2464421904068,207.94415416798358,21.83156836687644,False,0,1,1,True,CONVERGENCE: RELATIVE REDUCTION OF F <= FACTR*EPSMCH,27,7,10,1.0,0.34876719431547076,,,,True,131.50016563666284,125.47889504847035,False,False
pvl_delta,150,83,Wetzels,207.94415416786254,-207.94415416786254,423.88830833572507,435.9308495121101,207.94415416798358,1.2104806046409067e-10,True,3,0,3,True,CONVERGENCE: RELATIVE REDUCTION OF F <= FACTR*EPSMCH,15,2,32,1e-06,,1e-06,1e-06,1.2180561990399032e-06,True,3.9999999997572786,10.0212705879498,False,False
q_learning,150,83,Wetzels,207.9441541679839,-207.9441541679839,419.8883083359678,425.9095789241603,207.94415416798358,-3.126388037344441e-13,True,2,0,2,True,CONVERGENCE: NORM OF PROJECTED GRADIENT <= PGTOL,3,0,2,0.0,0.0,,,,True,0.0,0.0,True,True
pvl_delta,150,84,Wetzels,174.63908800862845,-174.63908800862845,357.2781760172569,369.32071719364194,207.94415416798358,33.305066159355135,False,1,0,1,True,CONVERGENCE: RELATIVE REDUCTION OF F <= FACTR*EPSMCH,435,51,32,0.7543220548104609,,0.3765293998460715,1e-06,1.0433764914757493,True,0.0,0.0,True,True
q_learning,150,84,Wetzels,202.59389626488692,-202.59389626488692,409.18779252977384,415.20906311796637,207.94415416798358,5.3502579030966615,False,0,0,0,True,CONVERGENCE: NORM OF PROJECTED GRADIENT <= PGTOL,27,7,3,0.9567485361968364,0.16599795650632457,,,,True,51.90961651251695,45.888345924324426,False,False
pvl_delta,150,85,Wetzels,196.0328279362109,-196.0328279362109,400.0656558724218,412.10819704880686,207.94415416798358,11.911326231772676,False,1,0,1,True,CONVERGENCE: RELATIVE REDUCTION OF F <= FACTR*EPSMCH,115,18,32,0.3725762955544089,,1e-06,0.2356742281084493,0.8045134830776298,True,0.0,0.0,True,True
q_learning,150,85,Wetzels,204.7064916983701,-204.7064916983701,413.4129833967402,419.4342539849327,207.94415416798358,3.237662469613497,False,0,1,1,True,CONVERGENCE: RELATIVE REDUCTION OF F <= FACTR*EPSMCH,255,60,10,0.0003348912810001331,100.0,,,,True,13.34732752431836,7.326056936125838,False,False
pvl_delta,150,86,Wetzels,16.310605064455377,-16.310605064455377,40.621210128910754,52.663751305295776,207.94415416798358,191.6335491035282,False,0,2,2,True,CONVERGENCE: RELATIVE REDUCTION OF F <= FACTR*EPSMCH,265,40,32,0.00434015543168288,,2.0,0.8614941845409494,5.0,True,1.7950305043833268,7.816301092575841,False,False
q_learning,150,86,Wetzels,17.413089812263713,-17.413089812263713,38.82617962452743,44.847450212719934,207.94415416798358,190.53106435571988,False,0,0,0,True,CONVERGENCE: RELATIVE REDUCTION OF F <= FACTR*EPSMCH,120,31,10,0.024615394099183185,52.412581244113866,,,,True,0.0,0.0,True,True
pvl_delta,150,87,Wetzels,189.59054662167713,-189.59054662167713,387.18109324335427,399.2236344197393,207.94415416798358,18.35360754630645,False,0,1,1,True,CONVERGENCE: RELATIVE REDUCTION OF F <= FACTR*EPSMCH,370,43,32,0.0004215140697479304,,0.6272379150074887,0.9639844940431243,5.0,True,0.0,0.0,True,True
q_learning,150,87,Wetzels,206.0875807604839,-206.0875807604839,416.1751615209678,422.1964321091603,207.94415416798358,1.8565734074996953,False,0,1,1,True,CONVERGENCE: RELATIVE REDUCTION OF F <= FACTR*EPSMCH,231,50,10,0.0002598850554011058,100.0,,,,True,28.994068277613508,22.972797689420986,False,False
pvl_delta,150,88,Wetzels,205.40415620238318,-205.40415620238318,418.80831240476635,430.8508535811514,207.94415416798358,2.5399979656004064,False,1,0,1,True,CONVERGENCE: RELATIVE REDUCTION OF F <= FACTR*EPSMCH,125,18,32,0.5570306915719465,,0.23234991332521762,1e-06,0.47158781415410084,True,0.0,4.941274656991084,True,False
q_learning,150,88,Wetzels,207.9441541679839,-207.9441541679839,419.8883083359678,425.9095789241603,207.94415416798358,-3.126388037344441e-13,True,2,0,2,True,CONVERGENCE: NORM OF PROJECTED GRADIENT <= PGTOL,3,0,2,0.0,0.0,,,,True,1.079995931201438,0.0,False,True
pvl_delta,150,89,Wetzels,169.48000939421638,-169.48000939421638,346.96001878843276,359.0025599648178,207.94415416798358,38.4641447737672,False,2,1,3,True,CONVERGENCE: RELATIVE REDUCTION OF F <= FACTR*EPSMCH,140,8,32,0.0003101252348324932,,1e-06,1e-06,4.999999975182944,True,0.0,0.0,True,True
q_learning,150,89,Wetzels,184.5973777523417,-184.5973777523417,373.1947555046834,379.21602609287595,207.94415416798358,23.34677641564187,False,0,1,1,True,CONVERGENCE: RELATIVE REDUCTION OF F <= FACTR*EPSMCH,18,2,9,0.0011122377245289543,100.0,,,,True,26.234736716250666,20.213466128058144,False,False
pvl_delta,150,90,Wetzels,155.02947347456566,-155.02947347456566,318.0589469491313,330.10148812551637,207.94415416798358,52.91468069341792,False,0,1,1,True,CONVERGENCE: RELATIVE REDUCTION OF F <= FACTR*EPSMCH,415,57,32,0.0006213435072718662,,0.5323395244829868,2.111907506836062,5.0,True,0.0,0.0,True,True
q_learning,150,90,Wetzels,170.73545949038746,-170.73545949038746,345.4709189807749,351.49218956896743,207.94415416798358,37.20869467759613,False,0,1,1,True,CONVERGENCE: RELATIVE REDUCTION OF F <= FACTR*EPSMCH,135,30,9,0.0012904933519106855,100.0,,,,True,27.411972031643586,21.390701443451064,False,False
pvl_delta,150,91,Wetzels,200.03038712992128,-200.03038712992128,408.06077425984256,420.1033154362276,207.94415416798358,7.9137670380623035,False,1,0,1,True,CONVERGENCE: NORM OF PROJECTED GRADIENT <= PGTOL,700,90,32,0.8493845911042979,,1e-06,0.46002792196643566,0.48647617536134385,True,0.24544739485764921,6.266717983050171,False,False
q_learning,150,91,Wetzels,201.90766343249246,-201.90766343249246,407.8153268649849,413.83659745317743,207.94415416798358,6.036490735491128,False,0,0,0,True,CONVERGENCE: NORM OF PROJECTED GRADIENT <= PGTOL,27,7,10,0.8401176953255083,0.1799224446216277,,,,True,0.0,0.0,True,True
pvl_delta,150,92,Wetzels,172.30197800654625,-172.30197800654625,352.6039560130925,364.64649718947754,207.94415416798358,35.642176161437334,False,0,0,0,True,CONVERGENCE: RELATIVE REDUCTION OF F <= FACTR*EPSMCH,185,25,32,0.38433543435308026,,0.8047789879596303,0.04963004317884182,1.2199870270324422,True,0.0,0.0,True,True
q_learning,150,92,Wetzels,204.34171773155722,-204.34171773155722,412.68343546311445,418.70470605130697,207.94415416798358,3.602436436426359,False,0,1,1,True,CONVERGENCE: RELATIVE REDUCTION OF F <= FACTR*EPSMCH,15,2,2,1.0,0.10627383388755308,,,,True,60.07947945002195,54.05820886182943,False,False
pvl_delta,150,93,Wetzels,186.37823174896636,-186.37823174896636,380.7564634979327,392.79900467431776,207.94415416798358,21.565922419017227,False,0,0,0,True,CONVERGENCE: RELATIVE REDUCTION OF F <= FACTR*EPSMCH,115,12,32,0.0030908814642842852,,1.5699240496084532,5.164745396588764,1.0476410594179206,True,6.241385370406533,12.262655958599055,False,False
q_learning,150,93,Wetzels,185.2575390637631,-185.2575390637631,374.5150781275262,380.5363487157187,207.94415416798358,22.686615104220493,False,0,1,1,True,CONVERGENCE: RELATIVE REDUCTION OF F <= FACTR*EPSMCH,102,22,9,0.0010944709694894318,100.0,,,,True,0.0,0.0,True,True
pvl_delta,150,94,Wetzels,146.89878401843512,-146.89878401843512,301.79756803687025,313.8401092132553,207.94415416798358,61.04537014954846,False,1,0,1,True,CONVERGENCE: RELATIVE REDUCTION OF F <= FACTR*EPSMCH,120,19,32,0.4515534180792443,,1e-06,0.0038621544332337427,1.4400388704713338,True,0.0,0.0,True,True
q_learning,150,94,Wetzels,201.86160878192027,-201.86160878192027,407.72321756384054,413.74448815203306,207.94415416798358,6.082545386063316,False,0,0,0,True,CONVERGENCE: RELATIVE REDUCTION OF F <= FACTR*EPSMCH,27,6,2,0.8473135433631204,0.23580689672675703,,,,True,105.92564952697029,99.90437893877777,False,False
pvl_delta,150,95,Wetzels,169.42248856738124,-169.42248856738124,346.8449771347625,358.8875183111475,207.94415416798358,38.52166560060235,False,0,1,1,True,CONVERGENCE: RELATIVE REDUCTION OF F <= FACTR*EPSMCH,540,70,32,0.0006117220471908303,,7.585008923162429e-05,5.970974157841091,5.0,True,0.0,0.0,True,True
q_learning,150,95,Wetzels,188.98899068545404,-188.98899068545404,381.9779813709081,387.9992519591006,207.94415416798358,18.955163482529542,False,0,0,0,True,CONVERGENCE: RELATIVE REDUCTION OF F <= FACTR*EPSMCH,102,22,9,0.00942663761504669,11.848047312463473,,,,True,35.13300423614561,29.111733647953088,False,False
pvl_delta,150,96,Wetzels,182.29975605149372,-182.29975605149372,372.59951210298743,384.6420532793725,207.94415416798358,25.644398116489867,False,1,0,1,True,CONVERGENCE: RELATIVE REDUCTION OF F <= FACTR*EPSMCH,90,13,32,0.04374523251681266,,1e-06,0.33014081371468257,1.2612318028074467,True,0.0,0.0,True,True
q_learning,150,96,Wetzels,190.64301229571987,-190.64301229571987,385.28602459143974,391.30729517963226,207.94415416798358,17.301141872263713,False,0,1,1,True,CONVERGENCE: RELATIVE REDUCTION OF F <= FACTR*EPSMCH,240,50,9,0.0008280000990293438,100.0,,,,True,12.686512488452308,6.665241900259787,False,False
pvl_delta,150,97,Wetzels,199.23681078248063,-199.23681078248063,406.47362156496126,418.5161627413463,207.94415416798358,8.707343385502952,False,0,1,1,True,CONVERGENCE: RELATIVE REDUCTION OF F <= FACTR*EPSMCH,585,69,32,0.0003824433654963097,,0.9938717192674359,0.7486751994229247,5.0,True,2.7968704277100187,8.81814101590254,False,False
q_learning,150,97,Wetzels,199.83837556862562,-199.83837556862562,403.67675113725124,409.69802172544377,207.94415416798358,8.105778599357961,False,0,1,1,True,CONVERGENCE: RELATIVE REDUCTION OF F <= FACTR*EPSMCH,246,54,10,0.000583608915124889,100.0,,,,True,0.0,0.0,True,True
pvl_delta,150,98,Wetzels,130.28066518464175,-130.28066518464175,268.5613303692835,280.60387154566854,207.94415416798358,77.66348898334184,False,1,0,1,True,CONVERGENCE: RELATIVE REDUCTION OF F <= FACTR*EPSMCH,175,28,32,0.13049218332995974,,0.3569660995020407,1e-06,1.466888222988469,True,0.0,0.0,True,True
q_learning,150,98,Wetzels,204.78498640071967,-204.78498640071967,413.56997280143935,419.59124338963187,207.94415416798358,3.1591677672639094,False,0,1,1,True,CONVERGENCE: NORM OF PROJECTED GRADIENT <= PGTOL,18,3,2,1.0,0.12127674015133727,,,,True,145.00864243215585,138.98737184396333,False,False
pvl_delta,100,317,Wood,134.86836742002205,-134.86836742002205,277.7367348400441,288.15741558399645,138.62943611198907,3.7610686919670115,False,0,1,1,True,CONVERGENCE: RELATIVE REDUCTION OF F <= FACTR*EPSMCH,155,24,32,0.999999,,0.2551215427000707,0.016869820864387392,0.4845826270022898,True,0.0,4.052079339424836,True,False
q_learning,100,317,Wood,137.4474979362977,-137.4474979362977,278.8949958725954,284.1053362445716,138.62943611198907,1.1819381756913572,False,0,1,1,True,CONVERGENCE: RELATIVE REDUCTION OF F <= FACTR*EPSMCH,18,4,10,1.0,0.0701149928711847,,,,True,1.1582610325513087,0.0,False,True
pvl_delta,100,318,Wood,125.90209118909458,-125.90209118909458,259.8041823781891,270.2248631221415,138.62943611198907,12.727344922894488,False,0,0,0,True,CONVERGENCE: RELATIVE REDUCTION OF F <= FACTR*EPSMCH,660,88,32,0.0115226337092531,,0.5837702380971711,0.17755029125228206,2.139014771570115,True,0.0,0.0,True,True
q_learning,100,318,Wood,138.62943611198918,-138.62943611198918,281.25887222397836,286.46921259595456,138.62943611198907,-1.1368683772161603e-13,True,2,0,2,True,CONVERGENCE: NORM OF PROJECTED GRADIENT <= PGTOL,3,0,3,0.0,0.0,,,,True,21.454689845789233,16.24434947381303,False,False
pvl_delta,100,319,Wood,134.01974967053806,-134.01974967053806,276.0394993410761,286.46018008502847,138.62943611198907,4.609686441451004,False,0,1,1,True,CONVERGENCE: RELATIVE REDUCTION OF F <= FACTR*EPSMCH,295,29,32,0.0003402307857128685,,0.5321815137978582,0.5632865546589105,5.0,True,0.0,0.0,True,True
q_learning,100,319,Wood,138.62943611198918,-138.62943611198918,281.25887222397836,286.46921259595456,138.62943611198907,-1.1368683772161603e-13,True,2,0,2,True,CONVERGENCE: NORM OF PROJECTED GRADIENT <= PGTOL,3,0,2,0.0,0.0,,,,True,5.219372882902235,0.009032510926090254,False,False
pvl_delta,100,320,Wood,137.32163480883102,-137.32163480883102,282.64326961766204,293.0639503616144,138.62943611198907,1.307801303158044,False,0,0,0,True,CONVERGENCE: RELATIVE REDUCTION OF F <= FACTR*EPSMCH,190,19,32,0.008160312306103298,,0.042790905951956386,3.0902766454576827,1.0843362412044686,True,1.8980189578103932,7.108359329786538,False,False
q_learning,100,320,Wood,138.37262532992582,-138.37262532992582,280.74525065985165,285.95559103182785,138.62943611198907,0.2568107820632406,False,0,1,1,True,CONVERGENCE: RELATIVE REDUCTION OF F <= FACTR*EPSMCH,33,2,10,0.00011240280077374001,99.99999999999997,,,,True,0.0,0.0,True,True
pvl_delta,100,321,Wood,130.7799598318033,-130.7799598318033,269.5599196636066,279.98060040755894,138.62943611198907,7.849476280185769,False,0,0,0,True,CONVERGENCE: RELATIVE REDUCTION OF F <= FACTR*EPSMCH,80,13,32,0.2881215543735824,,0.6416995365025135,0.27323824119198226,0.9735649905039834,True,0.0,0.0,True,True
q_learning,100,321,Wood,138.14350666114345,-138.14350666114345,280.2870133222869,285.4973536942631,138.62943611198907,0.48592945084561734,False,0,0,0,True,CONVERGENCE: RELATIVE REDUCTION OF F <= FACTR*EPSMCH,36,10,3,0.8102062768753618,0.05282445152806498,,,,True,10.727093658680303,5.516753286704159,False,False
pvl_delta,100,322,Wood,136.86383337099912,-136.86383337099912,281.72766674199823,292.1483474859506,138.62943611198907,1.765602740989948,False,0,0,0,True,CONVERGENCE: RELATIVE REDUCTION OF F <= FACTR*EPSMCH,155,21,32,0.1592671388692152,,0.8144913289389267,0.505671515206151,0.6358993569932985,True,1.5644681010979866,6.774808473074131,False,False
q_learning,100,322,Wood,138.08159932045012,-138.08159932045012,280.16319864090025,285.37353901287645,138.62943611198907,0.5478367915389413,False,0,0,0,True,CONVERGENCE: NORM OF PROJECTED GRADIENT <= PGTOL,87,23,10,0.1745105091943854,0.1865822218435767,,,,True,0.0,0.0,True,True
pvl_delta,100,323,Wood,135.78714002936985,-135.78714002936985,279.5742800587397,289.99496080269205,138.62943611198907,2.842296082619214,False,1,1,2,True,CONVERGENCE: RELATIVE REDUCTION OF F <= FACTR*EPSMCH,550,69,32,0.00014595834690039566,,1e-06,1.683254296569585,5.0,True,0.0,3.5257482067374895,True,False
q_learning,100,323,Wood,138.62943611198918,-138.62943611198918,281.25887222397836,286.46921259595456,138.62943611198907,-1.1368683772161603e-13,True,2,0,2,True,CONVERGENCE: NORM OF PROJECTED GRADIENT <= PGTOL,3,0,2,0.0,0.0,,,,True,1.684592165238655,0.0,False,True
pvl_delta,100,324,Wood,136.75045922149118,-136.75045922149118,281.50091844298237,291.9215991869347,138.62943611198907,1.8789768904978814,False,0,2,2,True,CONVERGENCE: RELATIVE REDUCTION OF F <= FACTR*EPSMCH,605,54,32,3.899014346836459e-05,,0.2461563493952229,10.0,5.0,True,0.294997675195134,5.5053380471712785,False,False
q_learning,100,324,Wood,138.60296038389362,-138.60296038389362,281.20592076778723,286.41626113976344,138.62943611198907,0.026475728095448403,False,0,0,0,True,CONVERGENCE: RELATIVE REDUCTION OF F <= FACTR*EPSMCH,9,1,10,9.995083407494098e-05,38.000000002794756,,,,True,0.0,0.0,True,True
pvl_delta,100,325,Wood,121.45472679977591,-121.45472679977591,250.90945359955182,261.3301343435042,138.62943611198907,17.174709312213153,False,0,1,1,True,CONVERGENCE: RELATIVE REDUCTION OF F <= FACTR*EPSMCH,460,64,32,0.0005580700130872688,,0.6949988524240482,2.653585399716754,5.0,True,0.0,0.22287053786783417,True,False
q_learning,100,325,Wood,125.9484617168301,-125.9484617168301,255.8969234336602,261.10726380563636,138.62943611198907,12.68097439515897,False,0,0,0,True,CONVERGENCE: RELATIVE REDUCTION OF F <= FACTR*EPSMCH,69,20,10,0.023248922552659406,7.764332994897367,,,,True,4.987469834108367,0.0,False,True
pvl_delta,100,326,Wood,109.05379939967997,-109.05379939967997,226.10759879935995,236.52827954331232,138.62943611198907,29.57563671230909,False,0,0,0,True,CONVERGENCE: RELATIVE REDUCTION OF F <= FACTR*EPSMCH,235,32,32,0.03221006621368273,,0.3843000577236762,3.104643831016542,1.9128085167634938,True,0.0,0.0,True,True
q_learning,100,326,Wood,120.68803231336615,-120.68803231336615,245.3760646267323,250.58640499870847,138.62943611198907,17.941403798622915,False,0,1,1,True,CONVERGENCE: RELATIVE REDUCTION OF F <= FACTR*EPSMCH,237,55,10,0.0012761185762263027,100.0,,,,True,19.268465827372353,14.058125455396151,False,False
pvl_delta,100,327,Wood,128.95437897566126,-128.95437897566126,265.9087579513225,276.32943869527486,138.62943611198907,9.675057136327808,False,1,1,2,True,CONVERGENCE: RELATIVE REDUCTION OF F <= FACTR*EPSMCH,235,32,32,0.999999,,0.3025797288472436,1e-06,0.6941430204801616,True,0.0,0.0,True,True
q_learning,100,327,Wood,137.9799979854606,-137.9799979854606,279.9599959709212,285.17033634289743,138.62943611198907,0.6494381265284517,False,0,1,1,True,CONVERGENCE: NORM OF PROJECTED GRADIENT <= PGTOL,18,4,3,1.0,0.053292928976619476,,,,True,14.051238019598713,8.840897647622569,False,False
pvl_delta,100,328,Wood,138.6294361119756,-138.6294361119756,285.2588722239512,295.67955296790353,138.62943611198907,1.34718902700115e-11,True,2,1,3,True,CONVERGENCE: RELATIVE REDUCTION OF F <= FACTR*EPSMCH,15,2,32,1e-06,,2.0,1e-06,3.036572974443219e-07,True,3.999999999972829,9.210340371948973,False,False
q_learning,100,328,Wood,138.62943611198918,-138.62943611198918,281.25887222397836,286.46921259595456,138.62943611198907,-1.1368683772161603e-13,True,2,0,2,True,CONVERGENCE: NORM OF PROJECTED GRADIENT <= PGTOL,3,0,2,0.0,0.0,,,,True,0.0,0.0,True,True
pvl_delta,100,329,Wood,122.04075841443351,-122.04075841443351,252.08151682886702,262.5021975728194,138.62943611198907,16.588677697555553,False,1,0,1,True,CONVERGENCE: NORM OF PROJECTED GRADIENT <= PGTOL,660,89,32,0.7425442208857171,,0.24645046332383727,1e-06,1.0168911337272284,True,0.0,0.0,True,True
q_learning,100,329,Wood,137.05207647100525,-137.05207647100525,278.1041529420105,283.3144933139867,138.62943611198907,1.5773596409838149,False,0,1,1,True,CONVERGENCE: NORM OF PROJECTED GRADIENT <= PGTOL,18,4,2,1.0,0.07721224221045675,,,,True,26.022636113143477,20.812295741167304,False,False
pvl_delta,100,330,Wood,134.551479376455,-134.551479376455,277.10295875291,287.52363949686236,138.62943611198907,4.077956735534059,False,0,1,1,True,CONVERGENCE: RELATIVE REDUCTION OF F <= FACTR*EPSMCH,285,45,32,0.04182649203646736,,0.5558246022583195,10.0,0.2743846984981115,True,2.084452806327363,7.294793178303507,False,False
q_learning,100,330,Wood,135.50925297329132,-135.50925297329132,275.01850594658265,280.22884631855885,138.62943611198907,3.1201831386977403,False,0,0,0,True,CONVERGENCE: RELATIVE REDUCTION OF F <= FACTR*EPSMCH,54,15,10,0.09060642473872484,0.8694881763955334,,,,True,0.0,0.0,True,True
pvl_delta,100,331,Wood,136.61911400514686,-136.61911400514686,281.2382280102937,291.65890875424606,138.62943611198907,2.01032210684221,False,0,0,0,True,CONVERGENCE: RELATIVE REDUCTION OF F <= FACTR*EPSMCH,160,21,32,0.12174032535578497,,0.5696162816211522,1.3253312465673839,0.49773207135496483,True,2.09648719473671,7.306827566712855,False,False
q_learning,100,331,Wood,137.5708704077785,-137.5708704077785,279.141740815557,284.3520811875332,138.62943611198907,1.0585657042105652,False,0,0,0,True,CONVERGENCE: RELATIVE REDUCTION OF F <= FACTR*EPSMCH,33,8,10,0.3479552018870062,0.1590352435145256,,,,True,0.0,0.0,True,True
pvl_delta,100,332,Wood,103.14708187363671,-103.14708187363671,214.29416374727342,224.7148444912258,138.62943611198907,35.48235423835236,False,0,1,1,True,CONVERGENCE: NORM OF PROJECTED GRADIENT <= PGTOL,165,25,32,0.3834057057978071,,0.6651225459751179,10.0,0.21733995852009866,True,0.0,0.0,True,True
q_learning,100,332,Wood,110.56515431685838,-110.56515431685838,225.13030863371677,230.34064900569294,138.62943611198907,28.064281795130682,False,0,0,0,True,CONVERGENCE: NORM OF PROJECTED GRADIENT <= PGTOL,36,9,10,0.3565629318634924,1.5014574945069767,,,,True,10.83614488644335,5.6258045144671485,False,False
pvl_delta,100,333,Wood,133.4633789145936,-133.4633789145936,274.9267578291872,285.3474385731395,138.62943611198907,5.1660571973954745,False,1,1,2,True,CONVERGENCE: RELATIVE REDUCTION OF F <= FACTR*EPSMCH,220,22,32,0.00015326443753176311,,1e-06,0.4356492390771626,4.999999986985235,True,1.3932754293732046,6.603615801349349,False,False
q_learning,100,333,Wood,134.766741199907,-134.766741199907,273.533482399814,278.7438227717902,138.62943611198907,3.862694912082077,False,0,1,1,True,CONVERGENCE: RELATIVE REDUCTION OF F <= FACTR*EPSMCH,312,72,10,0.0006407116431559649,100.0,,,,True,0.0,0.0,True,True
pvl_delta,100,334,Wood,134.85674757020575,-134.85674757020575,277.7134951404115,288.13417588436386,138.62943611198907,3.7726885417833103,False,1,1,2,True,CONVERGENCE: RELATIVE REDUCTION OF F <= FACTR*EPSMCH,185,28,32,0.999999,,1e-06,9.590996677501202,0.05808468913754205,True,0.0,1.6649632884092966,True,False
q_learning,100,334,Wood,138.62943611198918,-138.62943611198918,281.25887222397836,286.46921259595456,138.62943611198907,-1.1368683772161603e-13,True,2,0,2,True,CONVERGENCE: NORM OF PROJECTED GRADIENT <= PGTOL,3,0,2,0.0,0.0,,,,True,3.545377083566848,0.0,False,True
pvl_delta,100,335,Wood,133.0029245745384,-133.0029245745384,274.0058491490768,284.42652989302917,138.62943611198907,5.626511537450654,False,0,0,0,True,CONVERGENCE: RELATIVE REDUCTION OF F <= FACTR*EPSMCH,805,111,32,0.01829046822679401,,0.8816788047582905,0.8053981752204824,1.7781176378837524,True,1.9492763074662776,7.159616679442422,False,False
q_learning,100,335,Wood,134.02828642080527,-134.02828642080527,272.05657284161055,277.26691321358675,138.62943611198907,4.601149691183792,False,0,1,1,True,CONVERGENCE: RELATIVE REDUCTION OF F <= FACTR*EPSMCH,291,72,10,0.0004980884321885128,100.0,,,,True,0.0,0.0,True,True
pvl_delta,100,336,Wood,138.26356127016885,-138.26356127016885,284.5271225403377,294.94780328429005,138.62943611198907,0.3658748418202151,False,0,0,0,True,CONVERGENCE: RELATIVE REDUCTION OF F <= FACTR*EPSMCH,225,34,32,0.17504604835218324,,1.0625958463278664,0.6107061305838557,0.18979746857839402,True,3.9911891823921906,9.201529554368335,False,False
q_learning,100,336,Wood,138.26796667897275,-138.26796667897275,280.5359333579455,285.7462737299217,138.62943611198907,0.3614694330163104,False,0,0,0,True,CONVERGENCE: NORM OF PROJECTED GRADIENT <= PGTOL,90,18,10,0.17065548018116597,0.1507382384599033,,,,True,0.0,0.0,True,True
pvl_delta,100,337,Wood,136.13309164696702,-136.13309164696702,280.26618329393403,290.6868640378864,138.62943611198907,2.496344465022048,False,1,1,2,True,CONVERGENCE: RELATIVE REDUCTION OF F <= FACTR*EPSMCH,1095,153,32,0.00013591201652965346,,1e-06,10.0,4.066429761915353,True,0.0,4.289879317368673,True,False
q_learning,100,337,Wood,138.59332217427075,-138.59332217427075,281.1866443485415,286.3969847205177,138.62943611198907,0.03611393771831217,False,0,0,0,True,CONVERGENCE: RELATIVE REDUCTION OF F <= FACTR*EPSMCH,15,2,10,0.00010041733383513475,45.0000000000091,,,,True,0.9204610546074719,0.0,False,True
pvl_delta,100,338,Wood,114.183848945292,-114.183848945292,236.367697890584,246.78837863453637,138.62943611198907,24.445587166697067,False,0,1,1,True,CONVERGENCE: RELATIVE REDUCTION OF F <= FACTR*EPSMCH,910,112,32,0.09628840987482222,,2.0,0.022464011063487988,1.4398656263087033,True,0.0,0.0,True,True
q_learning,100,338,Wood,138.62943611198918,-138.62943611198918,281.25887222397836,286.46921259595456,138.62943611198907,-1.1368683772161603e-13,True,2,0,2,True,CONVERGENCE: NORM OF PROJECTED GRADIENT <= PGTOL,3,0,3,0.0,0.0,,,,True,44.89117433339436,39.68083396141819,False,False
pvl_delta,100,339,Wood,105.03268916670324,-105.03268916670324,218.06537833340647,228.48605907735885,138.62943611198907,33.59674694528583,False,0,1,1,True,CONVERGENCE: NORM OF PROJECTED GRADIENT <= PGTOL,160,28,32,0.7201182131514422,,0.08055469489322196,10.0,0.2168762249048367,True,0.0,0.0,True,True
q_learning,100,339,Wood,122.51645543012536,-122.51645543012536,249.03291086025072,254.2432512322269,138.62943611198907,16.112980681863704,False,0,0,0,True,CONVERGENCE: NORM OF PROJECTED GRADIENT <= PGTOL,45,7,9,0.8254177759772142,0.3497947535865849,,,,True,30.967532526844252,25.75719215486805,False,False
pvl_delta,100,340,Wood,138.0901873289078,-138.0901873289078,284.1803746578156,294.60105540176795,138.62943611198907,0.5392487830812627,False,0,0,0,True,CONVERGENCE: RELATIVE REDUCTION OF F <= FACTR*EPSMCH,270,29,32,0.0019907814677519483,,0.1912516053485719,2.5631480650875047,1.9334677274069996,True,2.9215024338372473,8.131842805813392,False,False
q_learning,100,340,Wood,138.62943611198918,-138.62943611198918,281.25887222397836,286.46921259595456,138.62943611198907,-1.1368683772161603e-13,True,2,0,2,True,CONVERGENCE: NORM OF PROJECTED GRADIENT <= PGTOL,3,0,2,0.0,0.0,,,,True,0.0,0.0,True,True
pvl_delta,100,341,Wood,138.27180601279434,-138.27180601279434,284.5436120255887,294.96429276954103,138.62943611198907,0.3576300991947221,False,1,1,2,True,CONVERGENCE: NORM OF PROJECTED GRADIENT <= PGTOL,220,35,32,0.3701716279918403,,1e-06,10.0,0.031462161753519485,True,3.316711576240266,8.52705194821641,False,False
q_learning,100,341,Wood,138.6134502246742,-138.6134502246742,281.2269004493484,286.4372408213246,138.62943611198907,0.015985887314855063,False,0,0,0,True,CONVERGENCE: NORM OF PROJECTED GRADIENT <= PGTOL,48,9,9,0.06006905283697536,0.06380562224642,,,,True,0.0,0.0,True,True
pvl_delta,100,342,Wood,134.3995166936917,-134.3995166936917,276.7990333873834,287.21971413133576,138.62943611198907,4.2299194182973565,False,0,1,1,True,CONVERGENCE: RELATIVE REDUCTION OF F <= FACTR*EPSMCH,1045,148,32,9.467871743359759e-05,,0.6728388323133506,10.0,4.050566221452878,True,1.826604071340853,7.036944443316997,False,False
q_learning,100,342,Wood,135.48621465802128,-135.48621465802128,274.97242931604256,280.18276968801877,138.62943611198907,3.143221453967783,False,0,0,0,True,CONVERGENCE: RELATIVE REDUCTION OF F <= FACTR*EPSMCH,66,18,10,0.06767501746639816,0.8705292973699567,,,,True,0.0,0.0,True,True
pvl_delta,100,343,Wood,105.44773963605803,-105.44773963605803,218.89547927211606,229.31616001606844,138.62943611198907,33.181696475931034,False,2,0,2,True,CONVERGENCE: NORM OF PROJECTED GRADIENT <= PGTOL,740,103,32,0.6939030842684302,,1e-06,1e-06,1.2431387503801423,True,0.0,0.0,True,True
q_learning,100,343,Wood,125.23945945538891,-125.23945945538891,254.47891891077782,259.689259282754,138.62943611198907,13.389976656600155,False,0,0,0,True,CONVERGENCE: NORM OF PROJECTED GRADIENT <= PGTOL,42,9,10,0.8859041499166256,0.3259393616922237,,,,True,35.58343963866176,30.373099266685557,False,False
pvl_delta,100,344,Wood,121.44084423391205,-121.44084423391205,250.8816884678241,261.30236921177647,138.62943611198907,17.18859187807702,False,0,0,0,True,CONVERGENCE: RELATIVE REDUCTION OF F <= FACTR*EPSMCH,255,38,32,0.05072920534336842,,1.0280718553971908,1.323116036104993,1.3842761410425821,True,3.4359390572635107,8.646279429239712,False,False
q_learning,100,344,Wood,121.72287470528029,-121.72287470528029,247.44574941056058,252.65608978253675,138.62943611198907,16.906561406708775,False,0,0,0,True,CONVERGENCE: RELATIVE REDUCTION OF F <= FACTR*EPSMCH,39,8,10,0.09526914626684854,2.7895180380421514,,,,True,0.0,0.0,True,True
pvl_delta,100,345,Wood,127.81564552390756,-127.81564552390756,263.6312910478151,274.05197179176747,138.62943611198907,10.813790588081503,False,0,0,0,True,CONVERGENCE: RELATIVE REDUCTION OF F <= FACTR*EPSMCH,150,23,32,0.28632400131679103,,0.5048873972577884,1.0535227519341168,0.8797922502777454,True,0.0,0.0,True,True
q_learning,100,345,Wood,133.42328858147187,-133.42328858147187,270.84657716294373,276.05691753491993,138.62943611198907,5.2061475305172,False,0,0,0,True,CONVERGENCE: NORM OF PROJECTED GRADIENT <= PGTOL,45,9,10,0.34529604602730307,0.4119616266492112,,,,True,7.215286115128606,2.0049457431524615,False,False
pvl_delta,100,346,Wood,133.19900812752513,-133.19900812752513,274.39801625505027,284.8186969990026,138.62943611198907,5.4304279844639325,False,1,0,1,True,CONVERGENCE: RELATIVE REDUCTION OF F <= FACTR*EPSMCH,140,21,32,0.6801116089080349,,0.006072104322957458,1e-06,0.6650241301927243,True,0.0,0.0,True,True
q_learning,100,346,Wood,138.101175954888,-138.101175954888,280.202351909776,285.4126922817522,138.62943611198907,0.528260157101073,False,0,0,0,True,CONVERGENCE: RELATIVE REDUCTION OF F <= FACTR*EPSMCH,30,8,10,0.4229728257251867,0.11067723669085758,,,,True,5.804335654725719,0.5939952827495745,False,False
pvl_delta,100,347,Wood,133.49960815776868,-133.49960815776868,274.99921631553735,285.4198970594897,138.62943611198907,5.129827954220389,False,0,0,0,True,CONVERGENCE: RELATIVE REDUCTION OF F <= FACTR*EPSMCH,720,85,32,0.02416616516240623,,1.022823316070025,0.2749093090710885,1.6845357535106198,True,0.0,0.0,True,True
q_learning,100,347,Wood,138.62943611198918,-138.62943611198918,281.25887222397836,286.46921259595456,138.62943611198907,-1.1368683772161603e-13,True,2,0,2,True,CONVERGENCE: NORM OF PROJECTED GRADIENT <= PGTOL,3,0,2,0.0,0.0,,,,True,6.259655908441005,1.04931553646486,False,False
pvl_delta,100,348,Wood,133.5406985514134,-133.5406985514134,275.0813971028268,285.5020778467792,138.62943611198907,5.088737560575652,False,0,0,0,True,CONVERGENCE: RELATIVE REDUCTION OF F <= FACTR*EPSMCH,215,32,32,0.08804174982989706,,0.1595244672169506,0.5661285000522812,0.9761469567469848,True,0.0,0.0,True,True
q_learning,100,348,Wood,138.62943611198918,-138.62943611198918,281.25887222397836,286.46921259595456,138.62943611198907,-1.1368683772161603e-13,True,2,0,2,True,CONVERGENCE: NORM OF PROJECTED GRADIENT <= PGTOL,3,0,2,0.0,0.0,,,,True,6.177475121151531,0.9671347491753863,False,False
pvl_delta,100,349,Wood,79.82541032810704,-79.82541032810704,167.65082065621408,178.07150140016645,138.62943611198907,58.804025783882025,False,0,0,0,True,CONVERGENCE: RELATIVE REDUCTION OF F <= FACTR*EPSMCH,705,98,32,0.22787139252270036,,0.20323372151145094,0.5960916240297045,1.763890991329422,True,0.0,0.0,True,True
q_learning,100,349,Wood,108.61659081208813,-108.61659081208813,221.23318162417627,226.44352199615244,138.62943611198907,30.01284529990093,False,0,0,0,True,CONVERGENCE: RELATIVE REDUCTION OF F <= FACTR*EPSMCH,69,13,9,0.03761623674462854,7.061658096992043,,,,True,53.58236096796219,48.37202059598599,False,False
pvl_delta,100,350,Wood,113.21688825124531,-113.21688825124531,234.43377650249062,244.854457246443,138.62943611198907,25.412547860743757,False,0,0,0,True,CONVERGENCE: RELATIVE REDUCTION OF F <= FACTR*EPSMCH,100,17,32,0.2539554935964688,,0.6562785622829052,1.0036460753792096,1.0086682790103643,True,0.0,3.4763050631516705,True,False
q_learning,100,350,Wood,116.08390590565757,-116.08390590565757,236.16781181131515,241.37815218329132,138.62943611198907,22.54553020633149,False,0,0,0,True,CONVERGENCE: NORM OF PROJECTED GRADIENT <= PGTOL,42,9,10,0.07821519524700093,2.840312960765343,,,,True,1.7340353088245308,0.0,False,True
pvl_delta,100,351,Wood,132.45943251981285,-132.45943251981285,272.9188650396257,283.33954578357805,138.62943611198907,6.170003592176215,False,0,0,0,True,CONVERGENCE: RELATIVE REDUCTION OF F <= FACTR*EPSMCH,165,27,32,0.43807042593302287,,0.3351514584515959,0.04818598804306953,0.8362994912547475,True,0.0,0.0,True,True
q_learning,100,351,Wood,138.1789423079902,-138.1789423079902,280.3578846159804,285.5682249879566,138.62943611198907,0.4504938039988531,False,0,1,1,True,CONVERGENCE: NORM OF PROJECTED GRADIENT <= PGTOL,39,10,3,1.0,0.04090411399323102,,,,True,7.439019576354724,2.2286792043785795,False,False
pvl_delta,100,352,Wood,83.96691708897471,-83.96691708897471,175.93383417794942,186.3545149219018,138.62943611198907,54.662519023014355,False,0,0,0,True,CONVERGENCE: RELATIVE REDUCTION OF F <= FACTR*EPSMCH,555,75,32,0.06977948626959476,,0.9453169498301601,0.7155863581903715,2.315515447770325,True,0.0,1.393843195280141,True,False
q_learning,100,352,Wood,87.87516567732274,-87.87516567732274,179.75033135464548,184.96067172662165,138.62943611198907,50.754270434666324,False,0,0,0,True,CONVERGENCE: RELATIVE REDUCTION OF F <= FACTR*EPSMCH,87,22,7,0.019781633357041153,20.311555988170895,,,,True,3.8164971766960605,0.0,False,True
pvl_delta,100,353,Wood,123.48389018972249,-123.48389018972249,254.96778037944497,265.38846112339735,138.62943611198907,15.145545922266578,False,0,0,0,True,CONVERGENCE: RELATIVE REDUCTION OF F <= FACTR*EPSMCH,385,55,32,0.06523065059011653,,0.745516124141169,0.9120337361466514,1.3989044220868891,True,0.0,2.625642227369781,True,False
q_learning,100,353,Wood,126.77623926202568,-126.77623926202568,257.55247852405137,262.76281889602757,138.62943611198907,11.853196849963382,False,0,1,1,True,CONVERGENCE: RELATIVE REDUCTION OF F <= FACTR*EPSMCH,249,60,10,0.0008251979632954622,100.0,,,,True,2.584698144606392,0.0,False,True
pvl_delta,100,354,Wood,116.3460486841324,-116.3460486841324,240.6920973682648,251.11277811221717,138.62943611198907,22.283387427856667,False,0,0,0,True,CONVERGENCE: RELATIVE REDUCTION OF F <= FACTR*EPSMCH,110,19,32,0.1088316930247488,,0.23277667574734873,2.275896860283353,1.1786300644240055,True,0.0,0.0,True,True
q_learning,100,354,Wood,132.588812783238,-132.588812783238,269.177625566476,274.3879659384522,138.62943611198907,6.040623328751053,False,0,0,0,True,CONVERGENCE: NORM OF PROJECTED GRADIENT <= PGTOL,21,5,10,0.3002740037445871,0.4796509852631768,,,,True,28.485528198211227,23.275187826235054,False,False
pvl_delta,100,355,Wood,136.64051187992288,-136.64051187992288,281.28102375984577,291.7017045037981,138.62943611198907,1.9889242320661822,False,0,1,1,True,CONVERGENCE: RELATIVE REDUCTION OF F <= FACTR*EPSMCH,600,76,32,3.166015363283691e-05,,0.2512544554659932,9.855256724733177,4.999999999999267,True,1.329393426000081,6.539733797976226,False,False
q_learning,100,355,Wood,137.97581516692284,-137.97581516692284,279.9516303338457,285.1619707058219,138.62943611198907,0.6536209450662227,False,0,1,1,True,CONVERGENCE: RELATIVE REDUCTION OF F <= FACTR*EPSMCH,21,3,10,0.00018118466416449917,99.99999999999619,,,,True,0.0,0.0,True,True
pvl_delta,100,356,Wood,138.62943611146656,-138.62943611146656,285.2588722229331,295.67955296688547,138.62943611198907,5.225047061685473e-10,True,1,0,1,True,CONVERGENCE: RELATIVE REDUCTION OF F <= FACTR*EPSMCH,25,2,32,1e-06,,0.1139501518509453,1.8892260694721619,1.94991378987062e-05,True,3.999999998954763,9.210340370930908,False,False
q_learning,100,356,Wood,138.62943611198918,-138.62943611198918,281.25887222397836,286.46921259595456,138.62943611198907,-1.1368683772161603e-13,True,2,0,2,True,CONVERGENCE: NORM OF PROJECTED GRADIENT <= PGTOL,3,0,2,0.0,0.0,,,,True,0.0,0.0,True,True
pvl_delta,100,357,Wood,138.35315663122856,-138.35315663122856,284.7063132624571,295.12699400640946,138.62943611198907,0.27627948076050757,False,1,1,2,True,CONVERGENCE: RELATIVE REDUCTION OF F <= FACTR*EPSMCH,625,77,32,5.318039366175494e-05,,1e-06,10.0,3.568726324597841,True,3.493429498151329,8.703769870127473,False,False
q_learning,100,357,Wood,138.6064418821529,-138.6064418821529,281.2128837643058,286.423224136282,138.62943611198907,0.022994229836172053,False,0,0,0,True,CONVERGENCE: RELATIVE REDUCTION OF F <= FACTR*EPSMCH,102,2,10,9.934379089344758e-05,35.999999962699476,,,,True,0.0,0.0,True,True
pvl_delta,100,358,Wood,134.5086421139199,-134.5086421139199,277.0172842278398,287.43796497179216,138.62943611198907,4.120793998069161,False,0,1,1,True,CONVERGENCE: RELATIVE REDUCTION OF F <= FACTR*EPSMCH,230,27,32,0.999999,,0.9540553084704756,0.08772806550291873,0.41260152848206355,True,0.1531360565882096,5.363476428564354,False,False
q_learning,100,358,Wood,136.4320740856258,-136.4320740856258,276.8641481712516,282.0744885432278,138.62943611198907,2.1973620263632654,False,0,1,1,True,CONVERGENCE: NORM OF PROJECTED GRADIENT <= PGTOL,27,7,10,1.0,0.07731272560848482,,,,True,0.0,0.0,True,True
pvl_delta,100,359,Wood,136.44095771538701,-136.44095771538701,280.88191543077403,291.3025961747264,138.62943611198907,2.1884783966020507,False,0,0,0,True,CONVERGENCE: RELATIVE REDUCTION OF F <= FACTR*EPSMCH,260,30,32,0.0006792016638829566,,0.9511870956255575,2.2063973002658672,3.103186215554061,True,3.1580390269694476,8.368379398945592,False,False
q_learning,100,359,Wood,136.8619382019023,-136.8619382019023,277.7238764038046,282.9342167757808,138.62943611198907,1.7674979100867745,False,0,1,1,True,CONVERGENCE: RELATIVE REDUCTION OF F <= FACTR*EPSMCH,21,3,10,0.00037376052129781963,100.0,,,,True,0.0,0.0,True,True
pvl_delta,100,360,Wood,112.16671795666653,-112.16671795666653,232.33343591333306,242.75411665728544,138.62943611198907,26.462718155322534,False,0,0,0,True,CONVERGENCE: RELATIVE REDUCTION OF F <= FACTR*EPSMCH,115,16,32,0.10755072560259493,,0.6436714332116826,0.7797030497618983,1.5900308681803605,True,0.0,0.0,True,True
q_learning,100,360,Wood,123.26877486220275,-123.26877486220275,250.5375497244055,255.74789009638167,138.62943611198907,15.360661249786318,False,0,1,1,True,CONVERGENCE: RELATIVE REDUCTION OF F <= FACTR*EPSMCH,165,46,10,0.000994769032795069,100.0,,,,True,18.204113811072432,12.99377343909623,False,False
pvl_delta,100,361,Wood,113.74229476025823,-113.74229476025823,235.48458952051647,245.90527026446884,138.62943611198907,24.887141351730833,False,0,0,0,True,CONVERGENCE: RELATIVE REDUCTION OF F <= FACTR*EPSMCH,160,22,32,0.0951922150400582,,0.88554514133915,1.012871084316789,1.4841336636527782,True,2.947952759427892,8.158293131404093,False,False
q_learning,100,361,Wood,114.26831838054429,-114.26831838054429,232.53663676108857,237.74697713306475,138.62943611198907,24.36111773144478,False,0,0,0,True,CONVERGENCE: RELATIVE REDUCTION OF F <= FACTR*EPSMCH,54,15,9,0.06914039904543444,4.482648963129752,,,,True,0.0,0.0,True,True
pvl_delta,100,362,Wood,99.2400119886926,-99.2400119886926,206.4800239773852,216.90070472133758,138.62943611198907,39.389424123296465,False,0,0,0,True,CONVERGENCE: RELATIVE REDUCTION OF F <= FACTR*EPSMCH,185,14,32,0.007301593918403796,,0.7126267680188122,1.244530244017983,3.1088623039424594,True,0.0,0.0,True,True
q_learning,100,362,Wood,105.69688984872887,-105.69688984872887,215.39377969745775,220.60412006943392,138.62943611198907,32.93254626326019,False,0,1,1,True,CONVERGENCE: RELATIVE REDUCTION OF F <= FACTR*EPSMCH,33,5,8,0.0018856952725838053,100.0,,,,True,8.913755720072544,3.7034153480963425,False,False
pvl_delta,100,363,Wood,115.36213430921943,-115.36213430921943,238.72426861843886,249.14494936239123,138.62943611198907,23.267301802769637,False,0,1,1,True,CONVERGENCE: RELATIVE REDUCTION OF F <= FACTR*EPSMCH,1055,136,32,0.999999,,1.7193613606321847,0.00013650656313087157,0.8143310611715419,True,0.0,0.0,True,True
q_learning,100,363,Wood,136.42739268598692,-136.42739268598692,276.85478537197383,282.06512574395003,138.62943611198907,2.202043426002149,False,0,1,1,True,CONVERGENCE: NORM OF PROJECTED GRADIENT <= PGTOL,18,4,2,1.0,0.08351525703956515,,,,True,38.13051675353498,32.920176381558804,False,False
pvl_delta,100,364,Wood,138.62943611198918,-138.62943611198918,285.25887222397836,295.6795529679307,138.62943611198907,-1.1368683772161603e-13,True,4,0,4,True,CONVERGENCE: NORM OF PROJECTED GRADIENT <= PGTOL,10,1,32,1e-06,,1e-06,1e-06,0.0,True,4.0,9.210340371976145,False,False
q_learning,100,364,Wood,138.62943611198918,-138.62943611198918,281.25887222397836,286.46921259595456,138.62943611198907,-1.1368683772161603e-13,True,2,0,2,True,CONVERGENCE: NORM OF PROJECTED GRADIENT <= PGTOL,3,0,2,0.0,0.0,,,,True,0.0,0.0,True,True
pvl_delta,100,365,Wood,136.33975009274505,-136.33975009274505,280.6795001854901,291.10018092944244,138.62943611198907,2.289686019244016,False,0,1,1,True,CONVERGENCE: RELATIVE REDUCTION OF F <= FACTR*EPSMCH,280,34,32,0.999999,,1.1725062748277093,0.017443107791800066,0.37041359303070515,True,0.6958100037905979,5.906150375766742,False,False
q_learning,100,365,Wood,137.99184509084975,-137.99184509084975,279.9836901816995,285.1940305536757,138.62943611198907,0.6375910211393148,False,0,1,1,True,CONVERGENCE: NORM OF PROJECTED GRADIENT <= PGTOL,18,4,2,1.0,0.05255221992402405,,,,True,0.0,0.0,True,True
pvl_delta,100,366,Wood,137.43274132315898,-137.43274132315898,282.86548264631796,293.2861633902703,138.62943611198907,1.1966947888300865,False,0,1,1,True,CONVERGENCE: RELATIVE REDUCTION OF F <= FACTR*EPSMCH,145,25,32,0.2755724325064367,,0.23880491818018054,10.0,0.061294971411793506,True,1.6066104223395996,6.816950794315744,False,False
q_learning,100,366,Wood,138.62943611198918,-138.62943611198918,281.25887222397836,286.46921259595456,138.62943611198907,-1.1368683772161603e-13,True,2,0,2,True,CONVERGENCE: NORM OF PROJECTED GRADIENT <= PGTOL,3,0,2,0.0,0.0,,,,True,0.0,0.0,True,True
pvl_delta,100,367,Wood,76.06892147468234,-76.06892147468234,160.13784294936468,170.55852369331706,138.62943611198907,62.560514637306724,False,0,0,0,True,CONVERGENCE: RELATIVE REDUCTION OF F <= FACTR*EPSMCH,405,49,32,0.0976533931804619,,0.6015064255457893,1.3064001904602107,2.169840822620672,True,0.0,0.0,True,True
q_learning,100,367,Wood,104.63460797273565,-104.63460797273565,213.2692159454713,218.47955631744748,138.62943611198907,33.994828139253414,False,0,0,0,True,CONVERGENCE: RELATIVE REDUCTION OF F <= FACTR*EPSMCH,87,26,10,0.012500377687063345,16.2850052827802,,,,True,53.13137299610662,47.92103262413042,False,False
pvl_delta,100,368,Wood,130.3889856679533,-130.3889856679533,268.7779713359066,279.19865207985896,138.62943611198907,8.240450444035758,False,1,1,2,True,CONVERGENCE: NORM OF PROJECTED GRADIENT <= PGTOL,225,34,32,0.1233549622073492,,1e-06,10.0,0.2746809745656312,True,0.0,0.0,True,True
q_learning,100,368,Wood,138.16051486055014,-138.16051486055014,280.3210297211003,285.5313700930765,138.62943611198907,0.46892125143892827,False,0,0,0,True,CONVERGENCE: RELATIVE REDUCTION OF F <= FACTR*EPSMCH,24,5,3,0.3793474180401268,0.10318985006308565,,,,True,11.54305838519366,6.332718013217516,False,False
pvl_delta,100,369,Wood,127.19200376465648,-127.19200376465648,262.38400752931295,272.8046882732653,138.62943611198907,11.437432347332589,False,0,0,0,True,CONVERGENCE: NORM OF PROJECTED GRADIENT <= PGTOL,150,23,32,0.16319279987208163,,0.1234607774279809,0.3595064422546208,1.0860556474009262,True,0.0,0.0,True,True
q_learning,100,369,Wood,138.5382161562097,-138.5382161562097,281.0764323124194,286.2867726843956,138.62943611198907,0.09121995577936559,False,0,1,1,True,CONVERGENCE: RELATIVE REDUCTION OF F <= FACTR*EPSMCH,45,13,3,1.0,0.019308369423847838,,,,True,18.692424783106446,13.482084411130302,False,False
pvl_delta,100,370,Wood,138.25136863692688,-138.25136863692688,284.50273727385377,294.9234180178061,138.62943611198907,0.3780674750621813,False,1,2,3,True,CONVERGENCE: RELATIVE REDUCTION OF F <= FACTR*EPSMCH,140,17,32,0.999999,,1e-06,10.0,0.017998045764648463,True,3.24386504987541,8.454205421851555,False,False
q_learning,100,370,Wood,138.62943611198918,-138.62943611198918,281.25887222397836,286.46921259595456,138.62943611198907,-1.1368683772161603e-13,True,2,0,2,True,CONVERGENCE: NORM OF PROJECTED GRADIENT <= PGTOL,3,0,2,0.0,0.0,,,,True,0.0,0.0,True,True
pvl_delta,100,371,Wood,110.94147287043864,-110.94147287043864,229.8829457408773,240.30362648482966,138.62943611198907,27.68796324155042,False,1,1,2,True,CONVERGENCE: NORM OF PROJECTED GRADIENT <= PGTOL,740,92,32,0.818097451611634,,1e-06,10.0,0.18988636426284602,True,0.0,0.0,True,True
q_learning,100,371,Wood,124.70959641333033,-124.70959641333033,253.41919282666066,258.62953319863686,138.62943611198907,13.919839698658734,False,0,0,0,True,CONVERGENCE: NORM OF PROJECTED GRADIENT <= PGTOL,57,11,10,0.7727763763304353,0.4096602535984514,,,,True,23.536247085783373,18.3259067138072,False,False
pvl_delta,100,372,Wood,136.76332338859274,-136.76332338859274,281.5266467771855,291.9473275211378,138.62943611198907,1.866112723396327,False,0,0,0,True,CONVERGENCE: RELATIVE REDUCTION OF F <= FACTR*EPSMCH,125,9,32,0.8806212685981213,,1.6629476726410224,0.749154645589464,0.02425892626702003,True,4.199082590585363,9.409422962561507,False,False
q_learning,100,372,Wood,136.66378209330006,-136.66378209330006,277.3275641866001,282.5379045585763,138.62943611198907,1.9656540186890084,False,0,0,0,True,CONVERGENCE: RELATIVE REDUCTION OF F <= FACTR*EPSMCH,30,5,10,0.05236526340835201,0.9994309871126362,,,,True,0.0,0.0,True,True
pvl_delta,100,373,Wood,138.58732407802867,-138.58732407802867,285.17464815605734,295.5953289000097,138.62943611198907,0.04211203396039309,False,1,0,1,True,CONVERGENCE: RELATIVE REDUCTION OF F <= FACTR*EPSMCH,260,29,32,0.0015656198133307988,,1e-06,1.3370520557578824,1.2153908830432727,True,3.9157759320789864,9.126116304055131,False,False
q_learning,100,373,Wood,138.62943611198918,-138.62943611198918,281.25887222397836,286.46921259595456,138.62943611198907,-1.1368683772161603e-13,True,2,0,2,True,CONVERGENCE: NORM OF PROJECTED GRADIENT <= PGTOL,3,0,2,0.0,0.0,,,,True,0.0,0.0,True,True
pvl_delta,100,374,Wood,130.6754680561387,-130.6754680561387,269.3509361122774,279.77161685622974,138.62943611198907,7.953968055850368,False,0,0,0,True,CONVERGENCE: RELATIVE REDUCTION OF F <= FACTR*EPSMCH,165,22,32,0.12140950637587838,,0.9863018618319817,0.35129039692902,1.2283078106538237,True,0.0,0.2693934230277364,True,False
q_learning,100,374,Wood,135.1459415306129,-135.1459415306129,274.2918830612258,279.502223433202,138.62943611198907,3.4834945813761635,False,0,0,0,True,CONVERGENCE: RELATIVE REDUCTION OF F <= FACTR*EPSMCH,45,10,10,0.1644245666886631,0.43415861443888465,,,,True,4.940946948948408,0.0,False,True
pvl_delta,100,375,Wood,136.03976493429994,-136.03976493429994,280.0795298685999,290.5002106125522,138.62943611198907,2.5896711776891266,False,0,0,0,True,CONVERGENCE: RELATIVE REDUCTION OF F <= FACTR*EPSMCH,95,14,32,0.7752158927249259,,0.40173041179717217,1.8363173979700536,0.1836579898696158,True,1.8616843868582578,7.072024758834402,False,False
q_learning,100,375,Wood,137.1089227408708,-137.1089227408708,278.2178454817416,283.4281858537178,138.62943611198907,1.5205133711182555,False,0,1,1,True,CONVERGENCE: RELATIVE REDUCTION OF F <= FACTR*EPSMCH,60,11,10,1.0,0.08032470140694262,,,,True,0.0,0.0,True,True
pvl_delta,100,376,Wood,136.79762029930703,-136.79762029930703,281.59524059861405,292.0159213425664,138.62943611198907,1.8318158126820379,False,1,1,2,True,CONVERGENCE: RELATIVE REDUCTION OF F <= FACTR*EPSMCH,120,6,32,0.00012066633566397974,,1.029120760544494e-06,1e-06,5.0,True,0.3363683746356969,5.546708746611841,False,False
q_learning,100,376,Wood,138.62943611198918,-138.62943611198918,281.25887222397836,286.46921259595456,138.62943611198907,-1.1368683772161603e-13,True,2,0,2,True,CONVERGENCE: NORM OF PROJECTED GRADIENT <= PGTOL,3,0,2,0.0,0.0,,,,True,0.0,0.0,True,True
pvl_delta,100,377,Wood,62.17109767671988,-62.17109767671988,132.34219535343976,142.76287609739214,138.62943611198907,76.45833843526918,False,0,1,1,True,CONVERGENCE: NORM OF PROJECTED GRADIENT <= PGTOL,230,39,32,0.999999,,0.3983192082294178,1.4672093601575948,0.8097758923156079,True,0.0,0.0,True,True
q_learning,100,377,Wood,73.61910159106931,-73.61910159106931,151.23820318213862,156.4485435541148,138.62943611198907,65.01033452091976,False,0,1,1,True,CONVERGENCE: NORM OF PROJECTED GRADIENT <= PGTOL,30,9,9,1.0,1.4076446636834914,,,,True,18.896007828698856,13.685667456722655,False,False
pvl_delta,100,378,Wood,122.09458182769947,-122.09458182769947,252.18916365539894,262.6098443993513,138.62943611198907,16.534854284289594,False,0,0,0,True,CONVERGENCE: RELATIVE REDUCTION OF F <= FACTR*EPSMCH,710,94,32,0.18441765276505637,,0.3649402296542518,0.565215617407587,1.2477356520642229,True,0.0,0.0,True,True
q_learning,100,378,Wood,136.1637264961282,-136.1637264961282,276.3274529922564,281.5377933642326,138.62943611198907,2.465709615860874,False,0,1,1,True,CONVERGENCE: NORM OF PROJECTED GRADIENT <= PGTOL,15,3,2,1.0,0.09573298319642025,,,,True,24.13828933685744,18.927948964881296,False,False
pvl_delta,100,379,Wood,97.82346338854904,-97.82346338854904,203.6469267770981,214.06760752105046,138.62943611198907,40.80597272344002,False,2,0,2,True,CONVERGENCE: NORM OF PROJECTED GRADIENT <= PGTOL,160,20,32,0.8601188967813779,,1e-06,1e-06,1.176655228877489,True,0.0,0.0,True,True
q_learning,100,379,Wood,109.66551045214582,-109.66551045214582,223.33102090429165,228.54136127626782,138.62943611198907,28.96392565984324,False,0,1,1,True,CONVERGENCE: RELATIVE REDUCTION OF F <= FACTR*EPSMCH,189,43,9,0.0016072834760608196,100.0,,,,True,19.68409412719356,14.47375375521736,False,False
pvl_delta,100,380,Wood,118.36912849439446,-118.36912849439446,244.73825698878892,255.1589377327413,138.62943611198907,20.260307617594606,False,0,0,0,True,CONVERGENCE: RELATIVE REDUCTION OF F <= FACTR*EPSMCH,160,24,32,0.979483832955034,,0.08996168868078852,0.9707049545378281,0.58699177070617,True,0.0,0.0,True,True
q_learning,100,380,Wood,124.89327276417188,-124.89327276417188,253.78654552834377,258.99688590031997,138.62943611198907,13.736163347817183,False,0,1,1,True,CONVERGENCE: RELATIVE REDUCTION OF F <= FACTR*EPSMCH,276,60,10,0.001124369124268953,100.0,,,,True,9.048288539554846,3.8379481675786735,False,False
pvl_delta,100,381,Wood,103.57137370475563,-103.57137370475563,215.14274740951126,225.56342815346363,138.62943611198907,35.058062407233436,False,0,1,1,True,CONVERGENCE: RELATIVE REDUCTION OF F <= FACTR*EPSMCH,465,58,32,0.0007567779658977674,,0.36541000372593824,3.795757054387718,5.0,True,0.0,0.0,True,True
q_learning,100,381,Wood,110.48456946496897,-110.48456946496897,224.96913892993794,230.1794793019141,138.62943611198907,28.144866647020095,False,0,1,1,True,CONVERGENCE: RELATIVE REDUCTION OF F <= FACTR*EPSMCH,237,37,10,0.0019281363011860537,100.0,,,,True,9.826391520426682,4.616051148450481,False,False
pvl_delta,100,382,Wood,138.62943611161157,-138.62943611161157,285.25887222322314,295.6795529671755,138.62943611198907,3.7749714465462603e-10,True,2,1,3,True,CONVERGENCE: RELATIVE REDUCTION OF F <= FACTR*EPSMCH,20,2,32,1e-06,,2.0,1e-06,4.513117252273418e-06,True,3.9999999992447783,9.210340371220923,False,False
q_learning,100,382,Wood,138.62943611198918,-138.62943611198918,281.25887222397836,286.46921259595456,138.62943611198907,-1.1368683772161603e-13,True,2,0,2,True,CONVERGENCE: NORM OF PROJECTED GRADIENT <= PGTOL,3,0,2,0.0,0.0,,,,True,0.0,0.0,True,True
pvl_delta,100,383,Wood,95.47721334708885,-95.47721334708885,198.9544266941777,209.37510743813007,138.62943611198907,43.152222764900216,False,0,1,1,True,CONVERGENCE: RELATIVE REDUCTION OF F <= FACTR*EPSMCH,145,22,32,0.18728568475986346,,0.5890767680639718,10.0,0.5495872984154961,True,0.0,0.0,True,True
q_learning,100,383,Wood,106.4871464330282,-106.4871464330282,216.9742928660564,222.18463323803257,138.62943611198907,32.142289678960864,False,0,0,0,True,CONVERGENCE: RELATIVE REDUCTION OF F <= FACTR*EPSMCH,78,14,9,0.04154214568585651,7.717492915580126,,,,True,18.019866171878704,12.809525799902502,False,False
pvl_delta,100,384,Wood,134.7043883351205,-134.7043883351205,277.408776670241,287.82945741419337,138.62943611198907,3.9250477768685528,False,1,1,2,True,CONVERGENCE: RELATIVE REDUCTION OF F <= FACTR*EPSMCH,675,85,32,0.999999,,1e-06,0.6481354696439815,0.327957233331468,True,0.0,2.985142444436974,True,False
q_learning,100,384,Wood,137.8169872988901,-137.8169872988901,279.6339745977802,284.8443149697564,138.62943611198907,0.8124488130989675,False,0,1,1,True,CONVERGENCE: NORM OF PROJECTED GRADIENT <= PGTOL,18,4,2,1.0,0.06087811460752287,,,,True,2.2251979275391705,0.0,False,True
pvl_delta,100,385,Wood,114.61713225841338,-114.61713225841338,237.23426451682676,247.65494526077913,138.62943611198907,24.012303853575688,False,0,0,0,True,CONVERGENCE: RELATIVE REDUCTION OF F <= FACTR*EPSMCH,160,23,32,0.1557655854992186,,0.9097621231902049,0.6136541976163499,1.4450141518555164,True,0.0,3.632271734789555,True,False
q_learning,100,385,Wood,117.4061665770067,-117.4061665770067,238.8123331540134,244.02267352598957,138.62943611198907,21.223269534982364,False,0,1,1,True,CONVERGENCE: RELATIVE REDUCTION OF F <= FACTR*EPSMCH,213,56,10,0.0016249618400715042,100.0,,,,True,1.5780686371866466,0.0,False,True
pvl_delta,100,386,Wood,136.2474734757799,-136.2474734757799,280.4949469515598,290.91562769551217,138.62943611198907,2.3819626362091526,False,0,1,1,True,CONVERGENCE: RELATIVE REDUCTION OF F <= FACTR*EPSMCH,290,39,32,0.999999,,0.9639418129080206,0.07955723559305534,0.34290572530925895,True,1.6376036490725028,6.847944021048647,False,False
q_learning,100,386,Wood,137.42867165124366,-137.42867165124366,278.8573433024873,284.0676836744635,138.62943611198907,1.200764460745404,False,0,1,1,True,CONVERGENCE: NORM OF PROJECTED GRADIENT <= PGTOL,18,4,2,1.0,0.06845444075974953,,,,True,0.0,0.0,True,True
pvl_delta,100,387,Wood,122.129997515415,-122.129997515415,252.25999503083,262.68067577478234,138.62943611198907,16.499438596574066,False,0,0,0,True,CONVERGENCE: RELATIVE REDUCTION OF F <= FACTR*EPSMCH,415,52,32,0.0018009279436460744,,0.983280814114512,0.5329676785756389,4.802376571749628,True,0.0,0.0,True,True
q_learning,100,387,Wood,132.42799062837238,-132.42799062837238,268.85598125674477,274.06632162872097,138.62943611198907,6.201445483616681,False,0,1,1,True,CONVERGENCE: RELATIVE REDUCTION OF F <= FACTR*EPSMCH,240,53,10,0.0005395372701151526,100.0,,,,True,16.59598622591477,11.385645853938627,False,False
pvl_delta,100,388,Wood,129.47862817514394,-129.47862817514394,266.9572563502879,277.3779370942402,138.62943611198907,9.150807936845126,False,0,0,0,True,CONVERGENCE: NORM OF PROJECTED GRADIENT <= PGTOL,715,83,32,0.4510791638920737,,0.44589474245709515,0.03234155428074818,0.9315965233598618,True,0.0,0.0,True,True
q_learning,100,388,Wood,137.48993314595154,-137.48993314595154,278.9798662919031,284.1902066638793,138.62943611198907,1.1395029660375258,False,0,1,1,True,CONVERGENCE: RELATIVE REDUCTION OF F <= FACTR*EPSMCH,33,9,2,1.0,0.05947337537559002,,,,True,12.022609941615201,6.8122695696390565,False,False
pvl_delta,100,389,Wood,114.35819075741068,-114.35819075741068,236.71638151482136,247.13706225877374,138.62943611198907,24.271245354578383,False,1,0,1,True,CONVERGENCE: RELATIVE REDUCTION OF F <= FACTR*EPSMCH,530,76,32,0.17037085449864703,,0.4055687861590217,1e-06,1.087040240070405,True,0.0,0.0,True,True
q_learning,100,389,Wood,138.62943611198918,-138.62943611198918,281.25887222397836,286.46921259595456,138.62943611198907,-1.1368683772161603e-13,True,2,0,2,True,CONVERGENCE: NORM OF PROJECTED GRADIENT <= PGTOL,3,0,2,0.0,0.0,,,,True,44.54249070915699,39.33215033718082,False,False
pvl_delta,100,390,Wood,89.7618007964326,-89.7618007964326,187.5236015928652,197.94428233681757,138.62943611198907,48.86763531555647,False,0,0,0,True,CONVERGENCE: RELATIVE REDUCTION OF F <= FACTR*EPSMCH,160,20,32,0.1950152081207414,,0.8723704466023194,0.5165993822434525,1.9707834299231657,True,0.0,0.0,True,True
q_learning,100,390,Wood,102.49319937815156,-102.49319937815156,208.98639875630312,214.1967391282793,138.62943611198907,36.13623673383751,False,0,0,0,True,CONVERGENCE: RELATIVE REDUCTION OF F <= FACTR*EPSMCH,114,29,10,0.04838803361457107,8.832710471762013,,,,True,21.462797163437926,16.252456791461725,False,False
pvl_delta,100,391,Wood,103.41149694597287,-103.41149694597287,214.82299389194574,225.24367463589812,138.62943611198907,35.217939166016194,False,1,0,1,True,CONVERGENCE: RELATIVE REDUCTION OF F <= FACTR*EPSMCH,445,52,32,0.0914176079766534,,1e-06,3.475831522114559,1.4632579965336832,True,0.0,0.0,True,True
q_learning,100,391,Wood,129.4941813049595,-129.4941813049595,262.988362609919,268.1987029818952,138.62943611198907,9.135254807029554,False,0,1,1,True,CONVERGENCE: RELATIVE REDUCTION OF F <= FACTR*EPSMCH,180,42,8,0.0006968651881163061,100.0,,,,True,48.16536871797328,42.95502834599711,False,False
pvl_delta,100,392,Wood,136.7122436141123,-136.7122436141123,281.4244872282246,291.84516797217697,138.62943611198907,1.917192497876755,False,0,0,0,True,CONVERGENCE: RELATIVE REDUCTION OF F <= FACTR*EPSMCH,175,19,32,0.02667116814634276,,0.7540309148960839,1.184489947248439,1.013398669303885,True,2.7120791800452935,7.922419552021438,False,False
q_learning,100,392,Wood,137.35620402408966,-137.35620402408966,278.7124080481793,283.92274842015553,138.62943611198907,1.2732320878994017,False,0,0,0,True,CONVERGENCE: RELATIVE REDUCTION OF F <= FACTR*EPSMCH,102,28,10,0.011405156236152134,2.202876693294072,,,,True,0.0,0.0,True,True
pvl_delta,100,393,Wood,135.950430129812,-135.950430129812,279.900860259624,290.3215410035763,138.62943611198907,2.679005982177074,False,0,0,0,True,CONVERGENCE: RELATIVE REDUCTION OF F <= FACTR*EPSMCH,620,79,32,9.535950106114327e-05,,0.702784342822489,3.4827677467996114,4.720741684478575,True,3.588173341017864,8.798513712994009,False,False
q_learning,100,393,Wood,136.15634345930306,-136.15634345930306,276.3126869186061,281.5230272905823,138.62943611198907,2.473092652686006,False,0,1,1,True,CONVERGENCE: RELATIVE REDUCTION OF F <= FACTR*EPSMCH,327,77,10,0.00038032112704369277,100.0,,,,True,0.0,0.0,True,True
pvl_delta,100,394,Wood,104.99546052311354,-104.99546052311354,217.99092104622707,228.41160179017945,138.62943611198907,33.63397558887553,False,0,0,0,True,CONVERGENCE: RELATIVE REDUCTION OF F <= FACTR*EPSMCH,745,93,32,0.030624659055199982,,0.5478051593697141,1.9753595754783253,2.2384085172430646,True,0.0,0.0,True,True
q_learning,100,394,Wood,116.52239121164352,-116.52239121164352,237.04478242328705,242.25512279526322,138.62943611198907,22.107044900345542,False,0,1,1,True,CONVERGENCE: RELATIVE REDUCTION OF F <= FACTR*EPSMCH,177,45,10,0.001661922343165428,100.0,,,,True,19.053861377059974,13.843521005083772,False,False
pvl_delta,100,395,Wood,122.3920813528137,-122.3920813528137,252.7841627056274,263.20484344957976,138.62943611198907,16.23735475917536,False,0,0,0,True,CONVERGENCE: RELATIVE REDUCTION OF F <= FACTR*EPSMCH,595,79,32,0.437302615225197,,0.5775421474575039,0.12064113352394502,1.0150770309844561,True,0.0,0.0,True,True
q_learning,100,395,Wood,137.11356226972984,-137.11356226972984,278.2271245394597,283.4374649114359,138.62943611198907,1.515873842259225,False,0,1,1,True,CONVERGENCE: RELATIVE REDUCTION OF F <= FACTR*EPSMCH,42,11,2,1.0,0.073987624071604,,,,True,25.44296183383227,20.232621461856127,False,False
pvl_delta,100,396,Wood,128.19133302130462,-128.19133302130462,264.38266604260923,274.8033467865616,138.62943611198907,10.43810309068445,False,0,0,0,True,CONVERGENCE: RELATIVE REDUCTION OF F <= FACTR*EPSMCH,160,24,32,0.1195251783591343,,0.506499911919106,2.2373221099160387,0.7614631569896104,True,0.0,2.339660549954658,True,False
q_learning,100,396,Wood,131.62667293231536,-131.62667293231536,267.2533458646307,272.4636862366069,138.62943611198907,7.002763179673707,False,0,0,0,True,CONVERGENCE: NORM OF PROJECTED GRADIENT <= PGTOL,63,16,10,0.0519417905733103,1.783711375420016,,,,True,2.8706798220214864,0.0,False,True
pvl_delta,100,397,Wood,138.62943611181865,-138.62943611181865,285.2588722236373,295.67955296758964,138.62943611198907,1.7041656974470243e-10,True,2,1,3,True,CONVERGENCE: RELATIVE REDUCTION OF F <= FACTR*EPSMCH,30,2,32,1e-06,,2.0,1e-06,1.9736154053029052e-06,True,3.9999999996589395,9.210340371635084,False,False
q_learning,100,397,Wood,138.62943611198918,-138.62943611198918,281.25887222397836,286.46921259595456,138.62943611198907,-1.1368683772161603e-13,True,2,0,2,True,CONVERGENCE: NORM OF PROJECTED GRADIENT <= PGTOL,3,0,2,0.0,0.0,,,,True,0.0,0.0,True,True
pvl_delta,100,398,Wood,138.62943611198918,-138.62943611198918,285.25887222397836,295.6795529679307,138.62943611198907,-1.1368683772161603e-13,True,4,0,4,True,CONVERGENCE: NORM OF PROJECTED GRADIENT <= PGTOL,10,1,32,1e-06,,1e-06,1e-06,0.0,True,4.0,9.210340371976145,False,False
q_learning,100,398,Wood,138.62943611198918,-138.62943611198918,281.25887222397836,286.46921259595456,138.62943611198907,-1.1368683772161603e-13,True,2,0,2,True,CONVERGENCE: NORM OF PROJECTED GRADIENT <= PGTOL,3,0,2,0.0,0.0,,,,True,0.0,0.0,True,True
pvl_delta,100,399,Wood,108.03195800840099,-108.03195800840099,224.06391601680198,234.48459676075436,138.62943611198907,30.597478103588074,False,0,1,1,True,CONVERGENCE: RELATIVE REDUCTION OF F <= FACTR*EPSMCH,475,63,32,0.0007775224134020721,,0.5522555959428945,2.7082126945759066,5.0,True,0.0,0.0,True,True
q_learning,100,399,Wood,115.75192908968525,-115.75192908968525,235.5038581793705,240.71419855134667,138.62943611198907,22.877507022303817,False,0,1,1,True,CONVERGENCE: RELATIVE REDUCTION OF F <= FACTR*EPSMCH,57,5,10,0.0017586877935599821,100.0,,,,True,11.439942162568514,6.229601790592312,False,False
pvl_delta,100,400,Wood,118.25871852347757,-118.25871852347757,244.51743704695514,254.9381177909075,138.62943611198907,20.370717588511496,False,0,1,1,True,CONVERGENCE: RELATIVE REDUCTION OF F <= FACTR*EPSMCH,255,43,32,0.724080126928127,,0.12334497341483466,10.0,0.16300424632643035,True,0.0,0.0,True,True
q_learning,100,400,Wood,127.8807107158638,-127.8807107158638,259.7614214317276,264.97176180370377,138.62943611198907,10.748725396125266,False,0,0,0,True,CONVERGENCE: NORM OF PROJECTED GRADIENT <= PGTOL,105,19,10,0.841740254335926,0.1973970684612669,,,,True,15.243984384772489,10.033644012796259,False,False
pvl_delta,100,401,Wood,96.83586973455182,-96.83586973455182,201.67173946910364,212.09242021305602,138.62943611198907,41.793566377437244,False,0,0,0,True,CONVERGENCE: RELATIVE REDUCTION OF F <= FACTR*EPSMCH,240,35,32,0.38252351815379076,,0.37195954138815285,0.3535524143524874,1.451307267355098,True,0.0,0.0,True,True
q_learning,100,401,Wood,127.5880381741671,-127.5880381741671,259.17607634833416,264.38641672031036,138.62943611198907,11.04139793782197,False,0,1,1,True,CONVERGENCE: NORM OF PROJECTED GRADIENT <= PGTOL,18,4,2,1.0,0.22309464343105007,,,,True,57.50433687923052,52.29399650725435,False,False
pvl_delta,100,402,Wood,130.1174990624212,-130.1174990624212,268.2349981248424,278.6556788687947,138.62943611198907,8.511937049567877,False,0,0,0,True,CONVERGENCE: RELATIVE REDUCTION OF F <= FACTR*EPSMCH,200,29,32,0.07870195692645167,,1.064330021671919,0.3937361683731959,1.4236239996869529,True,0.4836884341155496,5.694028806091694,False,False
q_learning,100,402,Wood,131.8756548453634,-131.8756548453634,267.7513096907268,272.96165006270303,138.62943611198907,6.753781266625651,False,0,0,0,True,CONVERGENCE: NORM OF PROJECTED GRADIENT <= PGTOL,15,3,10,0.0009934774817683596,73.9999934560412,,,,True,0.0,0.0,True,True
pvl_delta,100,403,Wood,131.83787373330648,-131.83787373330648,271.67574746661296,282.0964282105653,138.62943611198907,6.791562378682585,False,1,2,3,True,CONVERGENCE: NORM OF PROJECTED GRADIENT <= PGTOL,245,34,32,0.999999,,1e-06,10.0,0.07502741345543822,True,0.0,0.0,True,True
q_learning,100,403,Wood,136.9142172111641,-136.9142172111641,277.8284344223282,283.0387747943044,138.62943611198907,1.715218900824965,False,0,1,1,True,CONVERGENCE: RELATIVE REDUCTION OF F <= FACTR*EPSMCH,21,2,10,0.00031588849764958995,100.0,,,,True,6.1526869557152395,0.942346583739095,False,False
pvl_delta,100,404,Wood,124.34179876205319,-124.34179876205319,256.6835975241064,267.10427826805875,138.62943611198907,14.287637349935878,False,0,0,0,True,CONVERGENCE: RELATIVE REDUCTION OF F <= FACTR*EPSMCH,525,61,32,0.07270325827857144,,0.9196737285175384,0.45794987782959334,1.6185722439916677,True,0.0,0.0,True,True
q_learning,100,404,Wood,135.06599027378388,-135.06599027378388,274.13198054756776,279.34232091954397,138.62943611198907,3.5634458382051832,False,0,1,1,True,CONVERGENCE: RELATIVE REDUCTION OF F <= FACTR*EPSMCH,21,2,10,0.0003680497108424856,100.0,,,,True,17.44838302346136,12.238042651485216,False,False
pvl_delta,100,405,Wood,133.49149570250196,-133.49149570250196,274.98299140500393,285.4036721489563,138.62943611198907,5.137940409487101,False,0,1,1,True,CONVERGENCE: RELATIVE REDUCTION OF F <= FACTR*EPSMCH,990,143,32,0.00032488859788663724,,0.19653463454120268,10.0,3.8464716080256753,True,0.0,3.7703883304068313,True,False
q_learning,100,405,Wood,136.21147172328662,-136.21147172328662,276.42294344657324,281.63328381854944,138.62943611198907,2.417964388702444,False,0,0,0,True,CONVERGENCE: RELATIVE REDUCTION OF F <= FACTR*EPSMCH,18,3,10,0.004621084281868295,9.000003110193811,,,,True,1.4399520415693132,0.0,False,True
pvl_delta,100,406,Wood,105.84439326031497,-105.84439326031497,219.68878652062995,230.10946726458232,138.62943611198907,32.78504285167409,False,0,0,0,True,CONVERGENCE: RELATIVE REDUCTION OF F <= FACTR*EPSMCH,140,20,32,0.07297805984814067,,0.6535561945315255,1.416698095828111,1.5749681426121382,True,0.0,2.079735851385607,True,False
q_learning,100,406,Wood,109.40969552061027,-109.40969552061027,222.81939104122054,228.0297314131967,138.62943611198907,29.219740591378795,False,0,0,0,True,CONVERGENCE: NORM OF PROJECTED GRADIENT <= PGTOL,111,24,9,0.0534948125221992,5.2770378458240845,,,,True,3.1306045205905946,0.0,False,True
pvl_delta,100,407,Wood,118.97053600530607,-118.97053600530607,245.94107201061215,256.3617527545645,138.62943611198907,19.658900106682992,False,0,1,1,True,CONVERGENCE: RELATIVE REDUCTION OF F <= FACTR*EPSMCH,190,31,32,0.999999,,0.21396968355050888,0.14393983261103374,0.8347285912141177,True,0.0,0.0,True,True
q_learning,100,407,Wood,132.3513995642152,-132.3513995642152,268.7027991284304,273.9131395004066,138.62943611198907,6.2780365477738655,False,0,1,1,True,CONVERGENCE: RELATIVE REDUCTION OF F <= FACTR*EPSMCH,18,4,10,1.0,0.1826985912545823,,,,True,22.761727117818253,17.55138674584208,False,False
pvl_delta,100,408,Wood,106.8214560391888,-106.8214560391888,221.6429120783776,232.06359282232998,138.62943611198907,31.807980072800262,False,0,1,1,True,CONVERGENCE: RELATIVE REDUCTION OF F <= FACTR*EPSMCH,125,18,32,0.999999,,0.8010605745790467,0.019538374871321266,1.0371096253256467,True,0.0,0.0,True,True
q_learning,100,408,Wood,131.33613206843722,-131.33613206843722,266.67226413687445,271.88260450885065,138.62943611198907,7.293304043551842,False,0,1,1,True,CONVERGENCE: NORM OF PROJECTED GRADIENT <= PGTOL,24,4,10,1.0,0.14332669705721182,,,,True,45.02935205849684,39.81901168652067,False,False
pvl_delta,100,409,Wood,127.2306447882679,-127.2306447882679,262.4612895765358,272.88197032048816,138.62943611198907,11.39879132372117,False,0,0,0,True,CONVERGENCE: RELATIVE REDUCTION OF F <= FACTR*EPSMCH,175,23,32,0.5844970483650302,,0.5343557877143577,0.328012890782484,0.8216613338911836,True,0.0,0.0,True,True
q_learning,100,409,Wood,132.655690019643,-132.655690019643,269.311380039286,274.5217204112622,138.62943611198907,5.973746092346062,False,0,1,1,True,CONVERGENCE: NORM OF PROJECTED GRADIENT <= PGTOL,24,5,10,1.0,0.12643603191330152,,,,True,6.850090462750188,1.6397500907740437,False,False
pvl_delta,100,410,Wood,112.15444018127211,-112.15444018127211,232.30888036254422,242.7295611064966,138.62943611198907,26.474995930716958,False,0,1,1,True,CONVERGENCE: RELATIVE REDUCTION OF F <= FACTR*EPSMCH,380,48,32,0.999999,,0.5406694441230588,0.05646914364882825,0.964455325517809,True,0.0,0.0,True,True
q_learning,100,410,Wood,131.2449591285212,-131.2449591285212,266.4899182570424,271.7002586290186,138.62943611198907,7.384476983467863,False,0,1,1,True,CONVERGENCE: NORM OF PROJECTED GRADIENT <= PGTOL,21,5,2,1.0,0.17887663943238633,,,,True,34.18103789449819,28.970697522522016,False,False
pvl_delta,100,411,Wood,118.01526616461949,-118.01526616461949,244.03053232923898,254.45121307319135,138.62943611198907,20.614169947369575,False,0,1,1,True,CONVERGENCE: RELATIVE REDUCTION OF F <= FACTR*EPSMCH,80,14,32,0.999999,,0.34062502208885836,0.8954671761844489,0.5570470142045193,True,0.0,0.0,True,True
q_learning,100,411,Wood,127.46067699954693,-127.46067699954693,258.92135399909387,264.13169437107007,138.62943611198907,11.168759112442132,False,0,1,1,True,CONVERGENCE: NORM OF PROJECTED GRADIENT <= PGTOL,39,9,9,1.0,0.2374332184391656,,,,True,14.890821669854887,9.680481297878714,False,False
pvl_delta,100,412,Wood,130.12469327859287,-130.12469327859287,268.24938655718574,278.6700673011381,138.62943611198907,8.504742833396193,False,0,1,1,True,CONVERGENCE: RELATIVE REDUCTION OF F <= FACTR*EPSMCH,675,79,32,0.00032300706673144436,,0.6035198951386734,1.9664961824954634,5.0,True,1.0901414870899657,6.30048185906611,False,False
q_learning,100,412,Wood,131.5796225350479,-131.5796225350479,267.1592450700958,272.369585442072,138.62943611198907,7.049813576941176,False,0,1,1,True,CONVERGENCE: RELATIVE REDUCTION OF F <= FACTR*EPSMCH,240,53,10,0.0007975878804864997,100.0,,,,True,0.0,0.0,True,True
pvl_delta,100,413,Wood,68.59577867848438,-68.59577867848438,145.19155735696876,155.61223810092113,138.62943611198907,70.03365743350469,False,0,0,0,True,CONVERGENCE: RELATIVE REDUCTION OF F <= FACTR*EPSMCH,205,27,32,0.36573953183208785,,0.6651049775904377,0.21508375847688763,1.9993987852501807,True,0.0,0.0,True,True
q_learning,100,413,Wood,111.62720165439053,-111.62720165439053,227.25440330878106,232.46474368075724,138.62943611198907,27.002234457598533,False,0,1,1,True,CONVERGENCE: NORM OF PROJECTED GRADIENT <= PGTOL,30,7,9,1.0,0.43558985741247896,,,,True,82.0628459518123,76.8525055798361,False,False
pvl_delta,100,414,Wood,117.52442542849242,-117.52442542849242,243.04885085698484,253.46953160093722,138.62943611198907,21.105010683496644,False,2,1,3,True,CONVERGENCE: RELATIVE REDUCTION OF F <= FACTR*EPSMCH,185,7,32,0.0002867950351233866,,1e-06,1e-06,4.999999950501389,True,0.0,0.0,True,True
q_learning,100,414,Wood,125.4809426747913,-125.4809426747913,254.9618853495826,260.1722257215588,138.62943611198907,13.148493437197772,False,0,1,1,True,CONVERGENCE: RELATIVE REDUCTION OF F <= FACTR*EPSMCH,174,31,8,0.0010741212122539173,100.0,,,,True,11.913034492597745,6.702694120621572,False,False
pvl_delta,100,415,Wood,134.80706485285197,-134.80706485285197,277.61412970570393,288.0348104496563,138.62943611198907,3.8223712591370997,False,0,0,0,True,CONVERGENCE: RELATIVE REDUCTION OF F <= FACTR*EPSMCH,330,40,32,0.00021131732726990091,,0.22881932628721627,2.113769139343426,4.9999998753077834,True,0.0,1.5655978537017177,True,False
q_learning,100,415,Wood,138.62943611198918,-138.62943611198918,281.25887222397836,286.46921259595456,138.62943611198907,-1.1368683772161603e-13,True,2,0,2,True,CONVERGENCE: NORM OF PROJECTED GRADIENT <= PGTOL,3,0,2,0.0,0.0,,,,True,3.644742518274427,0.0,False,True
pvl_delta,100,416,Wood,116.70764377575333,-116.70764377575333,241.41528755150665,251.83596829545903,138.62943611198907,21.92179233623574,False,1,1,2,True,CONVERGENCE: RELATIVE REDUCTION OF F <= FACTR*EPSMCH,265,30,32,0.00046218650826335356,,1e-06,3.6975586482357867,5.0,True,0.0,0.0,True,True
q_learning,100,416,Wood,137.92629807270023,-137.92629807270023,279.85259614540047,285.06293651737667,138.62943611198907,0.7031380392888309,False,0,1,1,True,CONVERGENCE: NORM OF PROJECTED GRADIENT <= PGTOL,18,4,2,1.0,0.04695469923290918,,,,True,38.43730859389382,33.226968221917645,False,False
pvl_delta,100,417,Wood,63.2374414148021,-63.2374414148021,134.4748828296042,144.89556357355656,138.62943611198907,75.39199469718696,False,0,0,0,True,CONVERGENCE: RELATIVE REDUCTION OF F <= FACTR*EPSMCH,655,90,32,0.22169635484045855,,0.9349472323864275,0.5105649331678813,1.8724931523381703,True,0.0,0.0,True,True
q_learning,100,417,Wood,68.15264597225026,-68.15264597225026,140.3052919445005,145.51563231647668,138.62943611198907,70.47679013973881,False,0,0,0,True,CONVERGENCE: RELATIVE REDUCTION OF F <= FACTR*EPSMCH,63,16,7,0.09322562005869463,9.213536028161752,,,,True,5.830409114896298,0.6200687429201253,False,False
pvl_delta,100,418,Wood,129.75027882871268,-129.75027882871268,267.50055765742536,277.9212384013777,138.62943611198907,8.879157283276385,False,0,1,1,True,CONVERGENCE: RELATIVE REDUCTION OF F <= FACTR*EPSMCH,185,30,32,0.999999,,0.49298942212761254,0.3206912696960721,0.534322253009578,True,0.0,0.0,True,True
q_learning,100,418,Wood,134.52763584937335,-134.52763584937335,273.0552716987467,278.2656120707229,138.62943611198907,4.101800262615711,False,0,1,1,True,CONVERGENCE: NORM OF PROJECTED GRADIENT <= PGTOL,48,9,10,1.0,0.13759891438183014,,,,True,5.554714041321347,0.3443736693452024,False,False
pvl_delta,100,419,Wood,88.6080633651892,-88.6080633651892,185.2161267303784,195.63680747433077,138.62943611198907,50.02137274679987,False,0,0,0,True,CONVERGENCE: RELATIVE REDUCTION OF F <= FACTR*EPSMCH,855,110,32,0.3500764414212782,,0.3867480862534912,0.31665931646713547,1.44926914755667,True,0.0,0.0,True,True
q_learning,100,419,Wood,134.84550815375266,-134.84550815375266,273.6910163075053,278.9013566794815,138.62943611198907,3.7839279582364043,False,0,1,1,True,CONVERGENCE: RELATIVE REDUCTION OF F <= FACTR*EPSMCH,18,4,2,1.0,0.07611810721929088,,,,True,88.47488957712693,83.26454920515076,False,False
pvl_delta,100,420,Wood,135.35502598172582,-135.35502598172582,278.71005196345163,289.130732707404,138.62943611198907,3.2744101302632487,False,1,1,2,True,CONVERGENCE: RELATIVE REDUCTION OF F <= FACTR*EPSMCH,165,8,32,0.00015099040184054556,,1.9999999477135522,1e-06,4.999999995104748,True,0.0,2.7513510056319888,True,False
q_learning,100,420,Wood,138.5845206648979,-138.5845206648979,281.1690413297958,286.379381701772,138.62943611198907,0.04491544709117079,False,0,0,0,True,CONVERGENCE: RELATIVE REDUCTION OF F <= FACTR*EPSMCH,36,11,3,0.636567166476012,0.0192253301149181,,,,True,2.4589893663441558,0.0,False,True
pvl_delta,100,421,Wood,113.84382197732081,-113.84382197732081,235.68764395464163,246.108324698594,138.62943611198907,24.78561413466825,False,0,1,1,True,CONVERGENCE: RELATIVE REDUCTION OF F <= FACTR*EPSMCH,590,85,32,0.0005442985683963137,,0.08165017799868278,9.831005130149357,5.0,True,0.0,0.0,True,True
q_learning,100,421,Wood,134.20018407035,-134.20018407035,272.4003681407,277.6107085126762,138.62943611198907,4.429252041639074,False,0,1,1,True,CONVERGENCE: RELATIVE REDUCTION OF F <= FACTR*EPSMCH,27,5,10,0.0004688796433438033,99.99999999973367,,,,True,36.71272418605835,31.50238381408218,False,False
pvl_delta,100,422,Wood,78.25550592026406,-78.25550592026406,164.5110118405281,174.9316925844805,138.62943611198907,60.37393019172501,False,0,0,0,True,CONVERGENCE: RELATIVE REDUCTION OF F <= FACTR*EPSMCH,525,66,32,0.025803745776715774,,0.9758362735860459,1.6516245915233065,3.0792888634743854,True,0.0,0.0,True,True
q_learning,100,422,Wood,86.05758418870701,-86.05758418870701,176.11516837741402,181.3255087493902,138.62943611198907,52.571851923282054,False,0,0,0,True,CONVERGENCE: RELATIVE REDUCTION OF F <= FACTR*EPSMCH,48,9,6,0.09395813714948366,9.604145411389373,,,,True,11.60415653688591,6.393816164909708,False,False
pvl_delta,100,423,Wood,111.24545511460012,-111.24545511460012,230.49091022920024,240.9115909731526,138.62943611198907,27.383980997388946,False,1,0,1,True,CONVERGENCE: RELATIVE REDUCTION OF F <= FACTR*EPSMCH,190,26,32,0.8265686617116804,,0.0870311958208191,1e-06,1.0894699324867652,True,0.0,0.0,True,True
q_learning,100,423,Wood,128.98117518674883,-128.98117518674883,261.96235037349766,267.17269074547386,138.62943611198907,9.648260925240237,False,0,0,0,True,CONVERGENCE: NORM OF PROJECTED GRADIENT <= PGTOL,30,7,10,0.731483979036808,0.33553392604710575,,,,True,31.471440144297418,26.261099772321245,False,False
pvl_delta,100,424,Wood,136.84513301169548,-136.84513301169548,281.69026602339096,292.1109467673433,138.62943611198907,1.7843031002935845,False,0,0,0,True,CONVERGENCE: RELATIVE REDUCTION OF F <= FACTR*EPSMCH,160,14,32,5.0488638972184105e-05,,0.2779317068398638,5.985664615926878,4.868763781432688,True,1.4185875219895365,6.628927893965681,False,False
q_learning,100,424,Wood,138.1358392507007,-138.1358392507007,280.2716785014014,285.4820188733776,138.62943611198907,0.4935968612883528,False,0,1,1,True,CONVERGENCE: RELATIVE REDUCTION OF F <= FACTR*EPSMCH,21,3,10,0.0001727440680498465,100.0,,,,True,0.0,0.0,True,True
pvl_delta,100,425,Wood,108.2915281923093,-108.2915281923093,224.5830563846186,235.00373712857098,138.62943611198907,30.337907919679765,False,0,1,1,True,CONVERGENCE: RELATIVE REDUCTION OF F <= FACTR*EPSMCH,875,99,32,0.999999,,0.2544196619040098,0.04485587195633482,0.9799546983705391,True,0.0,0.0,True,True
q_learning,100,425,Wood,129.46078914256256,-129.46078914256256,262.9215782851251,268.1319186571013,138.62943611198907,9.168646969426504,False,0,1,1,True,CONVERGENCE: NORM OF PROJECTED GRADIENT <= PGTOL,18,4,8,1.0,0.23290973584675165,,,,True,38.33852190050652,33.12818152853035,False,False
pvl_delta,100,426,Wood,135.1614416677322,-135.1614416677322,278.3228833354644,288.7435640794167,138.62943611198907,3.467994444256874,False,1,1,2,True,CONVERGENCE: RELATIVE REDUCTION OF F <= FACTR*EPSMCH,175,27,32,0.999999,,1.4502638300887631,1e-06,0.42389928439154834,True,0.0,2.274351483462169,True,False
q_learning,100,426,Wood,138.62943611198918,-138.62943611198918,281.25887222397836,286.46921259595456,138.62943611198907,-1.1368683772161603e-13,True,2,0,2,True,CONVERGENCE: NORM OF PROJECTED GRADIENT <= PGTOL,3,0,2,0.0,0.0,,,,True,2.9359888885139753,0.0,False,True
pvl_delta,100,427,Wood,138.34736114538129,-138.34736114538129,284.69472229076257,295.1154030347149,138.62943611198907,0.2820749666077802,False,0,0,0,True,CONVERGENCE: RELATIVE REDUCTION OF F <= FACTR*EPSMCH,140,12,32,0.011230228102424078,,0.044686104773037895,1.985524274687711,0.6321965726798283,True,3.4979885201534557,8.7083288921296,False,False
q_learning,100,427,Wood,138.59836688530456,-138.59836688530456,281.1967337706091,286.4070741425853,138.62943611198907,0.031069226684508067,False,0,0,0,True,CONVERGENCE: RELATIVE REDUCTION OF F <= FACTR*EPSMCH,42,2,9,9.945661927131835e-05,46.999999969113006,,,,True,0.0,0.0,True,True
pvl_delta,100,428,Wood,132.57288332424523,-132.57288332424523,273.14576664849045,283.5664473924428,138.62943611198907,6.05655278774384,False,0,1,1,True,CONVERGENCE: RELATIVE REDUCTION OF F <= FACTR*EPSMCH,245,35,32,0.14668973636340873,,0.18889992128661207,10.0,0.25100843696443337,True,0.0,0.0,True,True
q_learning,100,428,Wood,138.44353088573504,-138.44353088573504,280.8870617714701,286.0974021434463,138.62943611198907,0.18590522625402173,False,0,0,0,True,CONVERGENCE: NORM OF PROJECTED GRADIENT <= PGTOL,96,16,10,0.387079727128695,0.07256783559119244,,,,True,7.741295122979636,2.5309547510034918,False,False
pvl_delta,100,429,Wood,123.98422270228195,-123.98422270228195,255.9684454045639,266.38912614851625,138.62943611198907,14.645213409707111,False,0,0,0,True,CONVERGENCE: NORM OF PROJECTED GRADIENT <= PGTOL,165,23,32,0.44374767231958123,,0.3277742569209656,0.16467132551491984,1.101003029812587,True,0.0,0.0,True,True
q_learning,100,429,Wood,136.47905072143465,-136.47905072143465,276.9581014428693,282.1684418148455,138.62943611198907,2.150385390554419,False,0,1,1,True,CONVERGENCE: NORM OF PROJECTED GRADIENT <= PGTOL,18,4,2,1.0,0.0880980742610486,,,,True,20.989656038305384,15.77931566632924,False,False
pvl_delta,100,430,Wood,105.51035524724051,-105.51035524724051,219.02071049448102,229.4413912384334,138.62943611198907,33.119080864748554,False,0,1,1,True,CONVERGENCE: NORM OF PROJECTED GRADIENT <= PGTOL,190,26,32,0.999999,,0.4316528249687971,0.052013265012951365,1.042228580171373,True,0.0,0.0,True,True
q_learning,100,430,Wood,125.76611896103003,-125.76611896103003,255.53223792206006,260.74257829403626,138.62943611198907,12.863317150959034,False,0,1,1,True,CONVERGENCE: NORM OF PROJECTED GRADIENT <= PGTOL,51,11,10,1.0,0.28025937196533174,,,,True,36.51152742757904,31.301187055602867,False,False
pvl_delta,100,431,Wood,133.93641618989767,-133.93641618989767,275.87283237979534,286.2935131237477,138.62943611198907,4.693019922091395,False,0,0,0,True,CONVERGENCE: RELATIVE REDUCTION OF F <= FACTR*EPSMCH,120,6,32,0.05578652663344908,,0.6951287871045261,2.0116444838312955,0.8208452328919182,True,8.823247431980292,14.033587803956436,False,False
q_learning,100,431,Wood,131.52479247390752,-131.52479247390752,267.04958494781505,272.25992531979125,138.62943611198907,7.104643638081541,False,0,1,1,True,CONVERGENCE: RELATIVE REDUCTION OF F <= FACTR*EPSMCH,249,52,10,0.0008383216142163437,100.0,,,,True,0.0,0.0,True,True
pvl_delta,100,432,Wood,129.80126013694664,-129.80126013694664,267.6025202738933,278.0232010178456,138.62943611198907,8.828175975042427,False,0,1,1,True,CONVERGENCE: RELATIVE REDUCTION OF F <= FACTR*EPSMCH,175,23,32,0.999999,,1.1224037604699864,0.04176056168980422,0.5968704359992278,True,0.0,0.0,True,True
q_learning,100,432,Wood,134.74881409656763,-134.74881409656763,273.49762819313526,278.70796856511146,138.62943611198907,3.8806220154214373,False,0,1,1,True,CONVERGENCE: NORM OF PROJECTED GRADIENT <= PGTOL,21,4,2,1.0,0.1216644728581205,,,,True,5.89510791924198,0.6847675472658352,False,False
pvl_delta,100,433,Wood,138.6294361119855,-138.6294361119855,285.258872223971,295.67955296792337,138.62943611198907,3.552713678800501e-12,True,3,0,3,True,CONVERGENCE: NORM OF PROJECTED GRADIENT <= PGTOL,15,2,32,1e-06,,1e-06,1e-06,2.957480177752576e-07,True,3.999999999992667,9.210340371968812,False,False
q_learning,100,433,Wood,138.62943611198918,-138.62943611198918,281.25887222397836,286.46921259595456,138.62943611198907,-1.1368683772161603e-13,True,2,0,2,True,CONVERGENCE: NORM OF PROJECTED GRADIENT <= PGTOL,3,0,2,0.0,0.0,,,,True,0.0,0.0,True,True
pvl_delta,100,434,Wood,138.62943611198898,-138.62943611198898,285.25887222397796,295.6795529679303,138.62943611198907,8.526512829121202e-14,True,3,1,4,True,CONVERGENCE: NORM OF PROJECTED GRADIENT <= PGTOL,20,2,32,1e-06,,2.0,1e-06,1.0653303907117982e-08,True,3.999999999999602,9.210340371975747,False,False
q_learning,100,434,Wood,138.62943611198918,-138.62943611198918,281.25887222397836,286.46921259595456,138.62943611198907,-1.1368683772161603e-13,True,2,0,2,True,CONVERGENCE: NORM OF PROJECTED GRADIENT <= PGTOL,3,0,2,0.0,0.0,,,,True,0.0,0.0,True,True
pvl_delta,100,435,Wood,102.95462861814241,-102.95462861814241,213.90925723628482,224.3299379802372,138.62943611198907,35.67480749384666,False,0,1,1,True,CONVERGENCE: RELATIVE REDUCTION OF F <= FACTR*EPSMCH,595,76,32,0.1385097282353426,,2.0,0.012795699166106652,1.1652639553635264,True,0.0,0.0,True,True
q_learning,100,435,Wood,138.62943611198918,-138.62943611198918,281.25887222397836,286.46921259595456,138.62943611198907,-1.1368683772161603e-13,True,2,0,2,True,CONVERGENCE: NORM OF PROJECTED GRADIENT <= PGTOL,3,0,2,0.0,0.0,,,,True,67.34961498769354,62.13927461571737,False,False
pvl_delta,100,436,Wood,96.03619941781227,-96.03619941781227,200.07239883562454,210.49307957957691,138.62943611198907,42.593236694176795,False,2,0,2,True,CONVERGENCE: NORM OF PROJECTED GRADIENT <= PGTOL,110,17,32,0.5061029688666162,,1e-06,1e-06,1.3641785610487842,True,0.0,0.0,True,True
q_learning,100,436,Wood,137.80725794113644,-137.80725794113644,279.6145158822729,284.8248562542491,138.62943611198907,0.8221781708526237,False,0,1,1,True,CONVERGENCE: RELATIVE REDUCTION OF F <= FACTR*EPSMCH,18,4,10,1.0,0.06365618031675609,,,,True,79.54211704664834,74.33177667467217,False,False
pvl_delta,100,437,Wood,103.39922498926428,-103.39922498926428,214.79844997852857,225.21913072248094,138.62943611198907,35.23021112272478,False,1,0,1,True,CONVERGENCE: RELATIVE REDUCTION OF F <= FACTR*EPSMCH,115,13,32,0.16187966062576034,,1e-06,0.17964835545732336,1.5010530736339383,True,0.0,0.0,True,True
q_learning,100,437,Wood,131.57440495864446,-131.57440495864446,267.14880991728893,272.35915028926513,138.62943611198907,7.055031153344601,False,0,1,1,True,CONVERGENCE: RELATIVE REDUCTION OF F <= FACTR*EPSMCH,189,43,9,0.000646027352634981,100.0,,,,True,52.35035993876036,47.14001956678419,False,False
pvl_delta,100,438,Wood,128.30779553268073,-128.30779553268073,264.61559106536146,275.0362718093138,138.62943611198907,10.321640579308337,False,0,2,2,True,CONVERGENCE: RELATIVE REDUCTION OF F <= FACTR*EPSMCH,135,24,32,0.999999,,0.06127602963704879,10.0,0.09940651435458021,True,0.0,0.0,True,True
q_learning,100,438,Wood,135.75730550424078,-135.75730550424078,275.51461100848155,280.72495138045775,138.62943611198907,2.8721306077482893,False,0,1,1,True,CONVERGENCE: NORM OF PROJECTED GRADIENT <= PGTOL,21,4,10,1.0,0.12777320245687604,,,,True,10.899019943120095,5.68867957114395,False,False
pvl_delta,100,439,Wood,115.74989667476456,-115.74989667476456,239.4997933495291,249.9204740934815,138.62943611198907,22.87953943722451,False,1,1,2,True,CONVERGENCE: RELATIVE REDUCTION OF F <= FACTR*EPSMCH,535,71,32,0.024916479198143472,,1e-06,10.0,1.407543358934761,True,0.0,0.0,True,True
q_learning,100,439,Wood,134.08315285642712,-134.08315285642712,272.16630571285424,277.37664608483044,138.62943611198907,4.546283255561946,False,0,1,1,True,CONVERGENCE: NORM OF PROJECTED GRADIENT <= PGTOL,93,17,10,1.0,0.16667416796133788,,,,True,32.666512363325126,27.456171991348953,False,False
pvl_delta,100,440,Wood,131.41122940699333,-131.41122940699333,270.82245881398666,281.243139557939,138.62943611198907,7.218206704995737,False,0,0,0,True,CONVERGENCE: RELATIVE REDUCTION OF F <= FACTR*EPSMCH,280,32,32,0.991593331006314,,1.3375022824296001,0.013163371715289831,0.5908397839458521,True,0.0,0.0,True,True
q_learning,100,440,Wood,136.53327214960697,-136.53327214960697,277.06654429921394,282.27688467119015,138.62943611198907,2.096163962382093,False,0,1,1,True,CONVERGENCE: RELATIVE REDUCTION OF F <= FACTR*EPSMCH,18,4,2,1.0,0.07523202912037978,,,,True,6.244085485227288,1.0337451132511433,False,False
pvl_delta,100,441,Wood,125.33405206270038,-125.33405206270038,258.66810412540076,269.0887848693531,138.62943611198907,13.295384049288685,False,0,0,0,True,CONVERGENCE: RELATIVE REDUCTION OF F <= FACTR*EPSMCH,515,69,32,0.5899294667724264,,0.9553860771954668,0.05405616944089131,0.8913642940126393,True,0.0,0.0,True,True
q_learning,100,441,Wood,136.07682143142065,-136.07682143142065,276.1536428628413,281.3639832348175,138.62943611198907,2.5526146805684107,False,0,1,1,True,CONVERGENCE: RELATIVE REDUCTION OF F <= FACTR*EPSMCH,18,4,2,1.0,0.08115260911033705,,,,True,17.48553873744055,12.275198365464405,False,False
pvl_delta,100,442,Wood,108.24688503746647,-108.24688503746647,224.49377007493294,234.9144508188853,138.62943611198907,30.382551074522596,False,0,0,0,True,CONVERGENCE: RELATIVE REDUCTION OF F <= FACTR*EPSMCH,725,99,32,0.03533319129064413,,0.9630993721736808,0.5467488946932018,2.2586840710132434,True,0.0,0.0,True,True
q_learning,100,442,Wood,116.54484753294079,-116.54484753294079,237.08969506588159,242.30003543785776,138.62943611198907,22.084588579048273,False,0,1,1,True,CONVERGENCE: RELATIVE REDUCTION OF F <= FACTR*EPSMCH,177,40,10,0.0014458979475022403,100.0,,,,True,12.595924990948646,7.385584618972445,False,False
pvl_delta,100,443,Wood,108.83652708565104,-108.83652708565104,225.67305417130208,236.09373491525446,138.62943611198907,29.792909026338023,False,1,0,1,True,CONVERGENCE: RELATIVE REDUCTION OF F <= FACTR*EPSMCH,435,44,32,0.4516232475075611,,0.14912091041481637,1e-06,1.3936851854093752,True,0.0,0.0,True,True
q_learning,100,443,Wood,130.83139671467495,-130.83139671467495,265.6627934293499,270.8731338013261,138.62943611198907,7.798039397314113,False,0,1,1,True,CONVERGENCE: RELATIVE REDUCTION OF F <= FACTR*EPSMCH,18,4,2,1.0,0.18730672738455065,,,,True,39.98973925804782,34.77939888607165,False,False
pvl_delta,100,444,Wood,112.90209986622189,-112.90209986622189,233.80419973244378,244.22488047639615,138.62943611198907,25.727336245767177,False,0,0,0,True,CONVERGENCE: NORM OF PROJECTED GRADIENT <= PGTOL,600,72,32,0.12916891766988334,,0.6384432664945734,0.5094058151102219,1.6580827981289614,True,0.0,0.0,True,True
q_learning,100,444,Wood,132.97273359816893,-132.97273359816893,269.94546719633786,275.15580756831406,138.62943611198907,5.656702513820136,False,0,1,1,True,CONVERGENCE: NORM OF PROJECTED GRADIENT <= PGTOL,57,16,10,1.0,0.14824854111044208,,,,True,36.14126746389408,30.93092709191791,False,False
pvl_delta,100,445,Wood,134.65943424453346,-134.65943424453346,277.3188684890669,287.73954923301926,138.62943611198907,3.9700018674556077,False,0,0,0,True,CONVERGENCE: RELATIVE REDUCTION OF F <= FACTR*EPSMCH,415,37,32,0.0021462307560571716,,0.3552122391424618,2.840496021046287,3.0802684402625493,True,0.0,2.327909284100315,True,False
q_learning,100,445,Wood,138.10064978847137,-138.10064978847137,280.20129957694274,285.41163994891895,138.62943611198907,0.5287863235176928,False,0,1,1,True,CONVERGENCE: RELATIVE REDUCTION OF F <= FACTR*EPSMCH,21,3,10,0.00015904720105723027,99.99999999999861,,,,True,2.8824310878758297,0.0,False,True
pvl_delta,100,446,Wood,122.40084724707955,-122.40084724707955,252.8016944941591,263.22237523811145,138.62943611198907,16.22858886490951,False,1,0,1,True,CONVERGENCE: RELATIVE REDUCTION OF F <= FACTR*EPSMCH,375,49,32,0.6627516388606779,,0.6479685421150237,1e-06,0.8740726587349559,True,0.0,0.0,True,True
q_learning,100,446,Wood,138.62943611198918,-138.62943611198918,281.25887222397836,286.46921259595456,138.62943611198907,-1.1368683772161603e-13,True,2,0,2,True,CONVERGENCE: NORM OF PROJECTED GRADIENT <= PGTOL,3,0,2,0.0,0.0,,,,True,28.45717772981925,23.246837357843106,False,False
pvl_delta,100,447,Wood,116.80527938693724,-116.80527938693724,241.6105587738745,252.03123951782686,138.62943611198907,21.82415672505182,False,1,1,2,True,CONVERGENCE: NORM OF PROJECTED GRADIENT <= PGTOL,815,104,32,0.999999,,0.5274409929179555,1e-06,0.9032999213817003,True,0.0,0.0,True,True
q_learning,100,447,Wood,134.93887569724063,-134.93887569724063,273.87775139448127,279.08809176645747,138.62943611198907,3.6905604147484325,False,0,1,1,True,CONVERGENCE: NORM OF PROJECTED GRADIENT <= PGTOL,18,3,2,1.0,0.10951957615454984,,,,True,32.26719262060678,27.056852248630605,False,False
pvl_delta,100,448,Wood,105.78373316521518,-105.78373316521518,219.56746633043036,229.98814707438274,138.62943611198907,32.84570294677388,False,0,0,0,True,CONVERGENCE: NORM OF PROJECTED GRADIENT <= PGTOL,615,83,32,0.148963103510677,,0.4091634142597065,0.723340078488912,1.524541610330208,True,0.0,0.0,True,True
q_learning,100,448,Wood,136.66282865715758,-136.66282865715758,277.32565731431515,282.53599768629135,138.62943611198907,1.9666074548314896,False,0,1,1,True,CONVERGENCE: NORM OF PROJECTED GRADIENT <= PGTOL,15,3,2,1.0,0.09587606589751031,,,,True,57.75819098388479,52.547850611908615,False,False
pvl_delta,100,449,Wood,75.62399596799042,-75.62399596799042,159.24799193598085,169.66867267993322,138.62943611198907,63.00544014399864,False,0,0,0,True,CONVERGENCE: RELATIVE REDUCTION OF F <= FACTR*EPSMCH,190,27,32,0.24870378758458178,,0.5740346923574016,0.6063844397317322,1.844437642349747,True,0.0,0.0,True,True
q_learning,100,449,Wood,91.39242453964702,-91.39242453964702,186.78484907929405,191.99518945127022,138.62943611198907,47.23701157234204,False,0,0,0,True,CONVERGENCE: RELATIVE REDUCTION OF F <= FACTR*EPSMCH,54,15,8,0.05241298102868819,8.626451457363093,,,,True,27.5368571433132,22.326516771336998,False,False
pvl_delta,100,450,Wood,137.53514902896111,-137.53514902896111,283.07029805792223,293.4909788018746,138.62943611198907,1.0942870830279503,False,0,0,0,True,CONVERGENCE: RELATIVE REDUCTION OF F <= FACTR*EPSMCH,445,50,32,4.6185849781401e-05,,0.46214849805237496,4.437308214605647,4.808629315701463,True,2.8919719551497565,8.102312327125901,False,False
q_learning,100,450,Wood,138.08916305138624,-138.08916305138624,280.1783261027725,285.3886664747487,138.62943611198907,0.5402730606028285,False,0,1,1,True,CONVERGENCE: RELATIVE REDUCTION OF F <= FACTR*EPSMCH,24,3,10,0.00017902879777095132,99.99999999999996,,,,True,0.0,0.0,True,True
pvl_delta,100,451,Wood,130.54585853958454,-130.54585853958454,269.0917170791691,279.51239782312143,138.62943611198907,8.083577572404522,False,0,0,0,True,CONVERGENCE: RELATIVE REDUCTION OF F <= FACTR*EPSMCH,85,14,32,0.2055205534205439,,0.7754084400537049,0.47191483571629983,1.033716879184579,True,0.0,0.0,True,True
q_learning,100,451,Wood,135.3011213479859,-135.3011213479859,274.6022426959718,279.812583067948,138.62943611198907,3.328314764003153,False,0,0,0,True,CONVERGENCE: NORM OF PROJECTED GRADIENT <= PGTOL,27,7,10,0.29460184124038946,0.32823627456102666,,,,True,5.510525616802738,0.3001852448265936,False,False
pvl_delta,100,452,Wood,137.80273393529873,-137.80273393529873,283.60546787059747,294.0261486145498,138.62943611198907,0.8267021766903326,False,0,2,2,True,CONVERGENCE: RELATIVE REDUCTION OF F <= FACTR*EPSMCH,760,88,32,2.4903609088778273e-05,,0.12742795467431448,10.0,5.0,True,2.3465956466191074,7.556936018595252,False,False
q_learning,100,452,Wood,138.62943611198918,-138.62943611198918,281.25887222397836,286.46921259595456,138.62943611198907,-1.1368683772161603e-13,True,2,0,2,True,CONVERGENCE: NORM OF PROJECTED GRADIENT <= PGTOL,3,0,2,0.0,0.0,,,,True,0.0,0.0,True,True
pvl_delta,100,453,Wood,74.62399172265143,-74.62399172265143,157.24798344530285,167.66866418925522,138.62943611198907,64.00544438933764,False,0,0,0,True,CONVERGENCE: NORM OF PROJECTED GRADIENT <= PGTOL,225,36,32,0.41937540398629347,,0.6149270019904383,1.9790049960380622,1.0168981622432534,True,0.0,0.0,True,True
q_learning,100,453,Wood,80.01938642499016,-80.01938642499016,164.03877284998032,169.2491132219565,138.62943611198907,58.610049686998906,False,0,0,0,True,CONVERGENCE: NORM OF PROJECTED GRADIENT <= PGTOL,36,9,7,0.5138751635496297,2.2883249468469735,,,,True,6.790789404677469,1.5804490327012672,False,False
pvl_delta,100,454,Wood,129.73871722399477,-129.73871722399477,267.47743444798954,277.8981151919419,138.62943611198907,8.890718887994296,False,0,0,0,True,CONVERGENCE: RELATIVE REDUCTION OF F <= FACTR*EPSMCH,575,79,32,0.22106844025872116,,0.43631282299459545,0.2528863025887234,1.0589110532551491,True,0.0,0.0,True,True
q_learning,100,454,Wood,137.87250868406971,-137.87250868406971,279.74501736813943,284.95535774011563,138.62943611198907,0.7569274279193507,False,0,0,0,True,CONVERGENCE: RELATIVE REDUCTION OF F <= FACTR*EPSMCH,27,7,3,0.48056061261758726,0.13998780900282604,,,,True,12.267582920149891,7.057242548173747,False,False
pvl_delta,100,455,Wood,130.84154521133306,-130.84154521133306,269.6830904226661,280.10377116661846,138.62943611198907,7.787890900656009,False,0,1,1,True,CONVERGENCE: RELATIVE REDUCTION OF F <= FACTR*EPSMCH,170,27,32,0.999999,,0.3831465762995365,0.6527964775658718,0.40778101685486856,True,0.0,4.1234749483001565,True,False
q_learning,100,455,Wood,133.38497792317105,-133.38497792317105,270.7699558463421,275.9802962183183,138.62943611198907,5.244458188818015,False,0,1,1,True,CONVERGENCE: NORM OF PROJECTED GRADIENT <= PGTOL,54,14,10,1.0,0.16681775869890283,,,,True,1.086865423675988,0.0,False,True
pvl_delta,100,456,Wood,73.93507086113952,-73.93507086113952,155.87014172227904,166.29082246623142,138.62943611198907,64.69436525084954,False,0,0,0,True,CONVERGENCE: NORM OF PROJECTED GRADIENT <= PGTOL,215,30,32,0.5612387344634047,,0.6115570934721368,0.13422330578206443,1.5541843440350314,True,0.0,0.0,True,True
q_learning,100,456,Wood,120.10950275817002,-120.10950275817002,244.21900551634005,249.42934588831622,138.62943611198907,18.51993335381904,False,0,0,0,True,CONVERGENCE: NORM OF PROJECTED GRADIENT <= PGTOL,33,9,4,0.9753735414296373,0.3117658167019053,,,,True,88.348863794061,83.1385234220848,False,False
pvl_delta,100,457,Wood,107.36612134471201,-107.36612134471201,222.73224268942403,233.1529234333764,138.62943611198907,31.263314767277052,False,1,0,1,True,CONVERGENCE: NORM OF PROJECTED GRADIENT <= PGTOL,555,63,32,0.777275769724613,,0.3740148537105486,1e-06,1.124460390352577,True,0.0,0.0,True,True
q_learning,100,457,Wood,136.21462797845217,-136.21462797845217,276.42925595690434,281.63959632888054,138.62943611198907,2.4148081335368943,False,0,1,1,True,CONVERGENCE: RELATIVE REDUCTION OF F <= FACTR*EPSMCH,15,3,2,1.0,0.1023604466893867,,,,True,53.697013267480315,48.48667289550414,False,False
pvl_delta,100,458,Wood,123.13609354205755,-123.13609354205755,254.2721870841151,264.69286782806745,138.62943611198907,15.493342569931514,False,1,0,1,True,CONVERGENCE: NORM OF PROJECTED GRADIENT <= PGTOL,200,27,32,0.1383899657567632,,0.36205740405072745,1e-06,1.1213291129444254,True,0.0,0.0,True,True
q_learning,100,458,Wood,138.4012038718355,-138.4012038718355,280.802407743671,286.0127481156472,138.62943611198907,0.22823224015357368,False,0,1,1,True,CONVERGENCE: RELATIVE REDUCTION OF F <= FACTR*EPSMCH,36,10,3,1.0,0.027222361686551757,,,,True,26.53022065955588,21.319880287579736,False,False
pvl_delta,100,459,Wood,89.6466017072089,-89.6466017072089,187.2932034144178,197.71388415837018,138.62943611198907,48.982834404780164,False,0,0,0,True,CONVERGENCE: RELATIVE REDUCTION OF F <= FACTR*EPSMCH,165,21,32,0.10737645610016604,,0.9083294035710208,1.1443117177110813,2.0446523459328394,True,2.8427635671416738,8.053103939117875,False,False
q_learning,100,459,Wood,90.22521992363806,-90.22521992363806,184.45043984727613,189.6607802192523,138.62943611198907,48.404216188351,False,0,0,0,True,CONVERGENCE: NORM OF PROJECTED GRADIENT <= PGTOL,87,12,8,0.10382235128009122,8.092912358226116,,,,True,0.0,0.0,True,True
pvl_delta,100,460,Wood,106.09094092981803,-106.09094092981803,220.18188185963606,230.60256260358844,138.62943611198907,32.53849518217103,False,0,0,0,True,CONVERGENCE: RELATIVE REDUCTION OF F <= FACTR*EPSMCH,565,76,32,0.1574410271001526,,0.6400786353351543,0.1916401381203108,1.3615556316228472,True,0.0,0.0,True,True
q_learning,100,460,Wood,138.4173163830303,-138.4173163830303,280.8346327660606,286.0449731380368,138.62943611198907,0.2121197289587542,False,0,1,1,True,CONVERGENCE: RELATIVE REDUCTION OF F <= FACTR*EPSMCH,42,11,3,1.0,0.023179025617495692,,,,True,60.65275090642456,55.442410534448385,False,False
pvl_delta,100,461,Wood,106.09094092981803,-106.09094092981803,220.18188185963606,230.60256260358844,138.62943611198907,32.53849518217103,False,0,0,0,True,CONVERGENCE: RELATIVE REDUCTION OF F <= FACTR*EPSMCH,565,76,32,0.1574410271001526,,0.6400786353351543,0.1916401381203108,1.3615556316228472,True,0.0,0.0,True,True
q_learning,100,461,Wood,138.4173163830303,-138.4173163830303,280.8346327660606,286.0449731380368,138.62943611198907,0.2121197289587542,False,0,1,1,True,CONVERGENCE: RELATIVE REDUCTION OF F <= FACTR*EPSMCH,42,11,3,1.0,0.023179025617495692,,,,True,60.65275090642456,55.442410534448385,False,False
pvl_delta,100,462,Wood,109.78814071492482,-109.78814071492482,227.57628142984964,237.99696217380202,138.62943611198907,28.841295397064243,False,0,0,0,True,CONVERGENCE: RELATIVE REDUCTION OF F <= FACTR*EPSMCH,75,12,32,0.40795998894666036,,0.4024783689639397,0.3042338177607658,1.3906835280877763,True,0.0,0.0,True,True
q_learning,100,462,Wood,133.11443879538177,-133.11443879538177,270.22887759076355,275.43921796273975,138.62943611198907,5.5149973166072925,False,0,1,1,True,CONVERGENCE: RELATIVE REDUCTION OF F <= FACTR*EPSMCH,24,5,2,1.0,0.14311759252677309,,,,True,42.6525961609139,37.44225578893773,False,False
pvl_delta,100,463,Wood,130.0776901663679,-130.0776901663679,268.1553803327358,278.5760610766881,138.62943611198907,8.551745945621178,False,0,0,0,True,CONVERGENCE: RELATIVE REDUCTION OF F <= FACTR*EPSMCH,215,16,32,0.909878792120878,,0.7668967286118288,0.22181541115344344,0.525869101010235,True,0.0,0.0,True,True
q_learning,100,463,Wood,135.67955343435574,-135.67955343435574,275.3591068687115,280.5694472406877,138.62943611198907,2.949882677633326,False,0,1,1,True,CONVERGENCE: NORM OF PROJECTED GRADIENT <= PGTOL,18,4,10,1.0,0.08310025216694122,,,,True,7.203726535975704,1.9933861639995598,False,False
pvl_delta,100,464,Wood,103.52317937703491,-103.52317937703491,215.04635875406981,225.4670394980222,138.62943611198907,35.10625673495416,False,1,1,2,True,CONVERGENCE: NORM OF PROJECTED GRADIENT <= PGTOL,555,75,32,0.999999,,0.40501625756160514,1e-06,1.0076735711978857,True,0.0,0.0,True,True
q_learning,100,464,Wood,132.63087115281323,-132.63087115281323,269.26174230562646,274.47208267760266,138.62943611198907,5.998564959175837,False,0,1,1,True,CONVERGENCE: RELATIVE REDUCTION OF F <= FACTR*EPSMCH,18,4,2,1.0,0.17703346218396077,,,,True,54.21538355155664,49.00504317958047,False,False
pvl_delta,100,465,Wood,70.98853166601596,-70.98853166601596,149.97706333203192,160.3977440759843,138.62943611198907,67.6409044459731,False,0,0,0,True,CONVERGENCE: NORM OF PROJECTED GRADIENT <= PGTOL,410,52,32,0.46614262032299586,,0.8081233789031322,0.13730680237157553,1.763445605053899,True,0.0,0.0,True,True
q_learning,100,465,Wood,87.62650757331309,-87.62650757331309,179.25301514662618,184.46335551860236,138.62943611198907,51.002928538675974,False,0,0,0,True,CONVERGENCE: NORM OF PROJECTED GRADIENT <= PGTOL,102,23,7,0.1402672191123289,8.596849075252607,,,,True,29.275951814594265,24.065611442618064,False,False
pvl_delta,100,466,Wood,138.49711747763823,-138.49711747763823,284.99423495527645,295.4149156992288,138.62943611198907,0.13231863435083824,False,1,0,1,True,CONVERGENCE: RELATIVE REDUCTION OF F <= FACTR*EPSMCH,160,22,32,0.5058140121034549,,1e-06,9.266467957453148,0.018415300768735685,True,3.735362731298096,8.94570310327424,False,False
q_learning,100,466,Wood,138.62943611198918,-138.62943611198918,281.25887222397836,286.46921259595456,138.62943611198907,-1.1368683772161603e-13,True,2,0,2,True,CONVERGENCE: NORM OF PROJECTED GRADIENT <= PGTOL,3,0,2,0.0,0.0,,,,True,0.0,0.0,True,True
pvl_delta,100,467,Wood,113.50716526651868,-113.50716526651868,235.01433053303737,245.43501127698974,138.62943611198907,25.122270845470382,False,0,0,0,True,CONVERGENCE: RELATIVE REDUCTION OF F <= FACTR*EPSMCH,195,24,32,0.03249786303491585,,0.5856783197820651,0.1907593116088492,1.9233266782769036,True,0.0,0.0,True,True
q_learning,100,467,Wood,137.82057133207888,-137.82057133207888,279.64114266415777,284.85148303613397,138.62943611198907,0.8088647799101807,False,0,0,0,True,CONVERGENCE: RELATIVE REDUCTION OF F <= FACTR*EPSMCH,27,6,3,0.7001561152254744,0.07389271576216555,,,,True,44.6268121311204,39.41647175914423,False,False
pvl_delta,100,468,Wood,48.02870579030606,-48.02870579030606,104.05741158061213,114.4780923245645,138.62943611198907,90.600730321683,False,1,0,1,True,CONVERGENCE: RELATIVE REDUCTION OF F <= FACTR*EPSMCH,275,32,32,0.19612649159282342,,1e-06,2.1878854663161693,2.010712972833571,True,0.0,0.0,True,True
q_learning,100,468,Wood,104.05979147232509,-104.05979147232509,212.11958294465018,217.32992331662635,138.62943611198907,34.56964463966398,False,0,1,1,True,CONVERGENCE: RELATIVE REDUCTION OF F <= FACTR*EPSMCH,144,30,9,0.0018963869329894638,100.0,,,,True,108.06217136403805,102.85183099206185,False,False
pvl_delta,100,469,Wood,137.70540546036028,-137.70540546036028,283.41081092072056,293.8314916646729,138.62943611198907,0.9240306516287831,False,1,1,2,True,CONVERGENCE: RELATIVE REDUCTION OF F <= FACTR*EPSMCH,815,101,32,9.163737136517235e-05,,2.0,1e-06,4.980777066358777,True,2.1519386967422065,7.362279068718351,False,False
q_learning,100,469,Wood,138.62943611198918,-138.62943611198918,281.25887222397836,286.46921259595456,138.62943611198907,-1.1368683772161603e-13,True,2,0,2,True,CONVERGENCE: NORM OF PROJECTED GRADIENT <= PGTOL,3,0,2,0.0,0.0,,,,True,0.0,0.0,True,True
pvl_delta,100,470,Worthy,119.58954755938177,-119.58954755938177,247.17909511876354,257.5997758627159,138.62943611198907,19.039888552607295,False,0,0,0,True,CONVERGENCE: NORM OF PROJECTED GRADIENT <= PGTOL,140,21,32,0.8583670348021958,,0.3064286540753275,0.0020260500580763,0.9512502692819268,True,0.0,0.0,True,True
q_learning,100,470,Worthy,134.48761601005884,-134.48761601005884,272.9752320201177,278.1855723920939,138.62943611198907,4.141820101930222,False,0,1,1,True,CONVERGENCE: RELATIVE REDUCTION OF F <= FACTR*EPSMCH,18,4,2,1.0,0.17565218018544065,,,,True,25.796136901354146,20.585796529378,False,False
pvl_delta,100,471,Worthy,44.716135522508665,-44.716135522508665,97.43227104501733,107.8529517889697,138.62943611198907,93.9133005894804,False,0,0,0,True,CONVERGENCE: RELATIVE REDUCTION OF F <= FACTR*EPSMCH,860,122,32,0.3485101911902611,,1.5690125482253794,0.04329042015047844,2.2602813234173116,True,0.0,0.0,True,True
q_learning,100,471,Worthy,70.59748457325915,-70.59748457325915,145.1949691465183,150.40530951849448,138.62943611198907,68.03195153872991,False,0,0,0,True,CONVERGENCE: NORM OF PROJECTED GRADIENT <= PGTOL,57,12,7,0.10387322878072178,9.667175904226726,,,,True,47.76269810150097,42.55235772952477,False,False
pvl_delta,100,472,Worthy,125.53558740914544,-125.53558740914544,259.07117481829084,269.49185556224325,138.62943611198907,13.09384870284363,False,1,1,2,True,CONVERGENCE: NORM OF PROJECTED GRADIENT <= PGTOL,180,30,32,0.999999,,1e-06,0.5032103793889867,0.5697365001048852,True,0.0,0.0,True,True
q_learning,100,472,Worthy,132.92219689916743,-132.92219689916743,269.84439379833486,275.05473417031106,138.62943611198907,5.707239212821634,False,0,1,1,True,CONVERGENCE: RELATIVE REDUCTION OF F <= FACTR*EPSMCH,18,4,10,1.0,0.1854198980108632,,,,True,10.773218980044021,5.56287860806782,False,False
pvl_delta,100,473,Worthy,114.47922477660391,-114.47922477660391,236.95844955320783,247.3791302971602,138.62943611198907,24.15021133538515,False,1,0,1,True,CONVERGENCE: NORM OF PROJECTED GRADIENT <= PGTOL,155,24,32,0.4593482654167761,,1e-06,0.13405559269171813,1.167873255041076,True,0.0,0.0,True,True
q_learning,100,473,Worthy,134.01371092631902,-134.01371092631902,272.02742185263804,277.23776222461424,138.62943611198907,4.615725185670044,False,0,1,1,True,CONVERGENCE: NORM OF PROJECTED GRADIENT <= PGTOL,21,5,2,1.0,0.2000559185703022,,,,True,35.068972299430214,29.85863192745404,False,False
pvl_delta,100,474,Worthy,104.69712660508958,-104.69712660508958,217.39425321017916,227.81493395413153,138.62943611198907,33.932309506899486,False,0,0,0,True,CONVERGENCE: RELATIVE REDUCTION OF F <= FACTR*EPSMCH,835,111,32,0.6118335116655134,,1.107607081645134,0.006022188399573015,1.2399111809527936,True,0.0,0.0,True,True
q_learning,100,474,Worthy,137.6284248364812,-137.6284248364812,279.2568496729624,284.4671900449386,138.62943611198907,1.0010112755078637,False,0,1,1,True,CONVERGENCE: RELATIVE REDUCTION OF F <= FACTR*EPSMCH,18,4,2,1.0,0.06805114005193906,,,,True,61.862596462783245,56.65225609080707,False,False
pvl_delta,100,475,Worthy,112.08889769321047,-112.08889769321047,232.17779538642094,242.5984761303733,138.62943611198907,26.540538418778596,False,2,0,2,True,CONVERGENCE: RELATIVE REDUCTION OF F <= FACTR*EPSMCH,130,21,32,0.9707519583505099,,1e-06,1e-06,0.9654036664295654,True,0.0,0.0,True,True
q_learning,100,475,Worthy,133.54623298660198,-133.54623298660198,271.09246597320396,276.30280634518016,138.62943611198907,5.083203125387087,False,0,1,1,True,CONVERGENCE: RELATIVE REDUCTION OF F <= FACTR*EPSMCH,27,7,2,1.0,0.18614415835147136,,,,True,38.91467058678302,33.704330214806845,False,False
pvl_delta,100,476,Worthy,110.01213886281906,-110.01213886281906,228.02427772563811,238.4449584695905,138.62943611198907,28.617297249170008,False,0,0,0,True,CONVERGENCE: RELATIVE REDUCTION OF F <= FACTR*EPSMCH,520,62,32,0.8824510984393474,,0.5587622352121882,0.00014598798378347426,1.1220190601827915,True,0.0,0.0,True,True
q_learning,100,476,Worthy,131.47493106448516,-131.47493106448516,266.9498621289703,272.1602025009465,138.62943611198907,7.154505047503903,False,0,1,1,True,CONVERGENCE: RELATIVE REDUCTION OF F <= FACTR*EPSMCH,15,3,2,1.0,0.22817166534760486,,,,True,38.92558440333221,33.715244031356036,False,False
pvl_delta,100,477,Worthy,129.2428967714549,-129.2428967714549,266.4857935429098,276.90647428686214,138.62943611198907,9.38653934053417,False,0,0,0,True,CONVERGENCE: RELATIVE REDUCTION OF F <= FACTR*EPSMCH,160,22,32,0.423698679651847,,0.5690735110902542,0.5041878820971354,0.7780802250152842,True,0.0,0.06371821796142285,True,False
q_learning,100,477,Worthy,133.81620784846226,-133.81620784846226,271.6324156969245,276.8427560689007,138.62943611198907,4.81322826352681,False,0,0,0,True,CONVERGENCE: RELATIVE REDUCTION OF F <= FACTR*EPSMCH,45,11,10,0.8506953122107053,0.1917109656630468,,,,True,5.146622154014722,0.0,False,True
pvl_delta,100,478,Worthy,122.89706879526972,-122.89706879526972,253.79413759053944,264.2148183344918,138.62943611198907,15.732367316719348,False,1,0,1,True,CONVERGENCE: RELATIVE REDUCTION OF F <= FACTR*EPSMCH,495,64,32,0.8195057311935038,,1.1573519950745381,1e-06,0.9128519155366392,True,0.0,0.0,True,True
q_learning,100,478,Worthy,136.36216258421413,-136.36216258421413,276.72432516842827,281.93466554040447,138.62943611198907,2.2672735277749325,False,0,1,1,True,CONVERGENCE: RELATIVE REDUCTION OF F <= FACTR*EPSMCH,15,2,2,1.0,0.10911406744304865,,,,True,22.93018757788883,17.719847205912686,False,False
pvl_delta,100,479,Worthy,134.87566709972478,-134.87566709972478,277.75133419944956,288.1720149434019,138.62943611198907,3.7537690122642857,False,0,1,1,True,CONVERGENCE: RELATIVE REDUCTION OF F <= FACTR*EPSMCH,290,46,32,0.408996039795483,,0.30014743310399744,10.0,0.09488348628949408,True,1.9225281561443808,7.132868528120525,False,False
q_learning,100,479,Worthy,135.9144030216526,-135.9144030216526,275.8288060433052,281.0391464152814,138.62943611198907,2.715033090336476,False,0,1,1,True,CONVERGENCE: RELATIVE REDUCTION OF F <= FACTR*EPSMCH,348,84,10,0.00047252573615794917,100.0,,,,True,0.0,0.0,True,True
pvl_delta,100,480,Worthy,132.09366918834,-132.09366918834,272.18733837668,282.6080191206323,138.62943611198907,6.535766923649078,False,1,1,2,True,CONVERGENCE: RELATIVE REDUCTION OF F <= FACTR*EPSMCH,540,70,32,0.999999,,0.8652409117655664,1e-06,0.6220834817758077,True,0.0,0.0,True,True
q_learning,100,480,Worthy,137.8393168821247,-137.8393168821247,279.6786337642494,284.8889741362256,138.62943611198907,0.7901192298643593,False,0,1,1,True,CONVERGENCE: NORM OF PROJECTED GRADIENT <= PGTOL,18,4,2,1.0,0.0700674680124362,,,,True,7.491295387569437,2.2809550155932925,False,False
pvl_delta,100,481,Worthy,85.46129257927564,-85.46129257927564,178.92258515855127,189.34326590250365,138.62943611198907,53.16814353271343,False,0,1,1,True,CONVERGENCE: RELATIVE REDUCTION OF F <= FACTR*EPSMCH,395,50,32,0.0020935110677763142,,0.8384231393420697,0.841949525416284,5.0,True,0.0,0.0,True,True
q_learning,100,481,Worthy,101.08234318680745,-101.08234318680745,206.1646863736149,211.37502674559107,138.62943611198907,37.547092925181616,False,0,1,1,True,CONVERGENCE: NORM OF PROJECTED GRADIENT <= PGTOL,144,30,9,0.002304776755017048,100.0,,,,True,27.242101215063627,22.031760843087426,False,False
pvl_delta,100,482,Worthy,134.15440823587485,-134.15440823587485,276.3088164717497,286.72949721570205,138.62943611198907,4.475027876114211,False,1,1,2,True,CONVERGENCE: RELATIVE REDUCTION OF F <= FACTR*EPSMCH,135,11,32,0.999999,,1e-06,0.8182235780813484,0.33630255144928306,True,0.0,2.654721694492366,True,False
q_learning,100,482,Worthy,137.43221757461674,-137.43221757461674,278.8644351492335,284.0747755212097,138.62943611198907,1.197218537372322,False,0,1,1,True,CONVERGENCE: NORM OF PROJECTED GRADIENT <= PGTOL,18,4,2,1.0,0.08542289775896862,,,,True,2.5556186774837784,0.0,False,True
pvl_delta,100,483,Worthy,133.706862714726,-133.706862714726,275.413725429452,285.8344061734043,138.62943611198907,4.922573397263079,False,0,0,0,True,CONVERGENCE: RELATIVE REDUCTION OF F <= FACTR*EPSMCH,135,22,32,0.23721984460654172,,0.4117918339085478,0.3010022051570523,0.8704351261063195,True,0.0,0.0,True,True
q_learning,100,483,Worthy,138.35914455528948,-138.35914455528948,280.71828911057895,285.92862948255515,138.62943611198907,0.2702915566995898,False,0,0,0,True,CONVERGENCE: RELATIVE REDUCTION OF F <= FACTR*EPSMCH,30,7,3,0.5347445236222905,0.07009299459964854,,,,True,5.304563681126979,0.09422330915083421,False,False
pvl_delta,100,484,Worthy,130.35365590761225,-130.35365590761225,268.7073118152245,279.12799255917685,138.62943611198907,8.275780204376815,False,0,1,1,True,CONVERGENCE: RELATIVE REDUCTION OF F <= FACTR*EPSMCH,205,34,32,0.06895490307398539,,0.2601876834961234,10.0,0.40839349149340604,True,0.0,0.07575355825849783,True,False
q_learning,100,484,Worthy,134.92094931447107,-134.92094931447107,273.84189862894215,279.05223900091835,138.62943611198907,3.708486797517992,False,0,0,0,True,CONVERGENCE: NORM OF PROJECTED GRADIENT <= PGTOL,96,25,10,0.28532703754892114,0.41453955364070133,,,,True,5.134586813717647,0.0,False,True
pvl_delta,100,485,Worthy,137.70441221674986,-137.70441221674986,283.4088244334997,293.82950517745206,138.62943611198907,0.9250238952392067,False,0,1,1,True,CONVERGENCE: RELATIVE REDUCTION OF F <= FACTR*EPSMCH,175,15,32,0.999999,,0.6087822731704801,0.41019545322318934,0.1938905956551009,True,2.7714074262042914,7.981747798180436,False,False
q_learning,100,485,Worthy,138.3187085036477,-138.3187085036477,280.6374170072954,285.8477573792716,138.62943611198907,0.3107276083413524,False,0,0,0,True,CONVERGENCE: NORM OF PROJECTED GRADIENT <= PGTOL,33,9,10,0.8088150507025431,0.053033868992364695,,,,True,0.0,0.0,True,True
pvl_delta,100,486,Worthy,130.27527239656337,-130.27527239656337,268.55054479312673,278.9712255370791,138.62943611198907,8.354163715425699,False,0,0,0,True,CONVERGENCE: RELATIVE REDUCTION OF F <= FACTR*EPSMCH,450,53,32,0.11876608836929223,,0.6209336993042606,0.3576951146008444,1.1078945761277423,True,0.0,0.0,True,True
q_learning,100,486,Worthy,137.97779777465308,-137.97779777465308,279.95559554930617,285.16593592128237,138.62943611198907,0.6516383373359815,False,0,1,1,True,CONVERGENCE: RELATIVE REDUCTION OF F <= FACTR*EPSMCH,24,6,2,1.0,0.0630676388099244,,,,True,11.405050756179435,6.19471038420329,False,False
pvl_delta,100,487,Worthy,135.22341618053895,-135.22341618053895,278.4468323610779,288.86751310503024,138.62943611198907,3.4060199314501176,False,1,0,1,True,CONVERGENCE: RELATIVE REDUCTION OF F <= FACTR*EPSMCH,175,28,32,0.9349247035828834,,1e-06,0.14288431503291643,0.426250228608382,True,1.4522118950774257,6.66255226705357,False,False
q_learning,100,487,Worthy,136.49731023300023,-136.49731023300023,276.99462046600047,282.20496083797667,138.62943611198907,2.1321258789888304,False,0,0,0,True,CONVERGENCE: RELATIVE REDUCTION OF F <= FACTR*EPSMCH,96,26,10,0.02326841908469651,1.937639985289106,,,,True,0.0,0.0,True,True
pvl_delta,100,488,Worthy,137.66980064582052,-137.66980064582052,283.33960129164103,293.7602820355934,138.62943611198907,0.9596354661685496,False,1,0,1,True,CONVERGENCE: RELATIVE REDUCTION OF F <= FACTR*EPSMCH,175,24,32,0.5783231084728494,,1e-06,0.48692116976988553,0.31065965939679513,True,2.6610633218977,7.8714036938738445,False,False
q_learning,100,488,Worthy,138.33926898487167,-138.33926898487167,280.67853796974333,285.88887834171953,138.62943611198907,0.29016712711739956,False,0,0,0,True,CONVERGENCE: NORM OF PROJECTED GRADIENT <= PGTOL,30,8,10,0.7229083536546751,0.05551514152980031,,,,True,0.0,0.0,True,True
pvl_delta,100,489,Worthy,73.55687420725788,-73.55687420725788,155.11374841451575,165.53442915846813,138.62943611198907,65.07256190473119,False,1,0,1,True,CONVERGENCE: NORM OF PROJECTED GRADIENT <= PGTOL,475,64,32,0.35487383095585023,,0.5871535424182027,1e-06,1.5114507657103196,True,0.0,0.0,True,True
q_learning,100,489,Worthy,138.62943611198918,-138.62943611198918,281.25887222397836,286.46921259595456,138.62943611198907,-1.1368683772161603e-13,True,2,0,2,True,CONVERGENCE: NORM OF PROJECTED GRADIENT <= PGTOL,3,0,2,0.0,0.0,,,,True,126.1451238094626,120.93478343748643,False,False
pvl_delta,100,490,Worthy,133.1689952346658,-133.1689952346658,274.3379904693316,284.75867121328395,138.62943611198907,5.460440877323265,False,0,1,1,True,CONVERGENCE: RELATIVE REDUCTION OF F <= FACTR*EPSMCH,210,28,32,0.999999,,0.8594070317699717,0.05008858885753085,0.5567715284395329,True,0.0,2.7277667413517293,True,False
q_learning,100,490,Worthy,136.410282049978,-136.410282049978,276.820564099956,282.0309044719322,138.62943611198907,2.2191540620110572,False,0,1,1,True,CONVERGENCE: RELATIVE REDUCTION OF F <= FACTR*EPSMCH,15,3,2,1.0,0.09696718866625723,,,,True,2.4825736306244153,0.0,False,True
pvl_delta,100,491,Worthy,138.01370906972073,-138.01370906972073,284.02741813944147,294.4480988833938,138.62943611198907,0.6157270422683325,False,0,1,1,True,CONVERGENCE: RELATIVE REDUCTION OF F <= FACTR*EPSMCH,150,26,32,0.5112442709366946,,0.2957329407910849,10.0,0.03521992258117157,True,3.1950247734852155,8.40536514546136,False,False
q_learning,100,491,Worthy,138.41619668297812,-138.41619668297812,280.83239336595625,286.04273373793245,138.62943611198907,0.21323942901094028,False,0,0,0,True,CONVERGENCE: RELATIVE REDUCTION OF F <= FACTR*EPSMCH,102,22,10,0.3547818393517284,0.08990006047993099,,,,True,0.0,0.0,True,True
pvl_delta,100,492,Worthy,135.6120720435157,-135.6120720435157,279.2241440870314,289.64482483098374,138.62943611198907,3.01736406847337,False,1,1,2,True,CONVERGENCE: RELATIVE REDUCTION OF F <= FACTR*EPSMCH,200,31,32,0.07263215023420233,,1e-06,10.0,0.22705398104765287,True,0.0,3.1756122350291776,True,False
q_learning,100,492,Worthy,138.62943611198918,-138.62943611198918,281.25887222397836,286.46921259595456,138.62943611198907,-1.1368683772161603e-13,True,2,0,2,True,CONVERGENCE: NORM OF PROJECTED GRADIENT <= PGTOL,3,0,2,0.0,0.0,,,,True,2.034728136946967,0.0,False,True
pvl_delta,100,493,Worthy,129.63174502623988,-129.63174502623988,267.26349005247977,277.6841707964321,138.62943611198907,8.997691085749182,False,1,1,2,True,CONVERGENCE: RELATIVE REDUCTION OF F <= FACTR*EPSMCH,130,20,32,0.999999,,0.8982455086706245,1e-06,0.6938752889383755,True,0.0,0.0,True,True
q_learning,100,493,Worthy,137.24578884174852,-137.24578884174852,278.49157768349704,283.70191805547324,138.62943611198907,1.3836472702405445,False,0,1,1,True,CONVERGENCE: RELATIVE REDUCTION OF F <= FACTR*EPSMCH,9,1,2,1.0,0.09996501094386587,,,,True,11.228087631017274,6.01774725904113,False,False
pvl_delta,100,494,Worthy,135.2848468981662,-135.2848468981662,278.5696937963324,288.99037454028473,138.62943611198907,3.3445892138228714,False,0,0,0,True,CONVERGENCE: RELATIVE REDUCTION OF F <= FACTR*EPSMCH,190,29,32,0.4599989904956585,,0.1279422460264433,9.877711373673906,0.09237927686931027,True,0.35050686920197904,5.560847241178124,False,False
q_learning,100,494,Worthy,137.1095934635652,-137.1095934635652,278.2191869271304,283.4295272991066,138.62943611198907,1.519842648423861,False,0,0,0,True,CONVERGENCE: NORM OF PROJECTED GRADIENT <= PGTOL,39,9,3,0.5240681533905455,0.1759570696880592,,,,True,0.0,0.0,True,True
pvl_delta,100,495,Worthy,56.10245816624469,-56.10245816624469,120.20491633248938,130.62559707644175,138.62943611198907,82.52697794574438,False,1,1,2,True,CONVERGENCE: RELATIVE REDUCTION OF F <= FACTR*EPSMCH,180,16,32,0.00191215956647579,,1e-06,0.49944705917107596,5.0,True,0.0,0.0,True,True
q_learning,100,495,Worthy,86.36965315097807,-86.36965315097807,176.73930630195613,181.9496466739323,138.62943611198907,52.259782961011,False,0,1,1,True,CONVERGENCE: RELATIVE REDUCTION OF F <= FACTR*EPSMCH,123,23,7,0.0034673904147468344,100.0,,,,True,56.53438996946676,51.32404959749056,False,False
pvl_delta,100,496,Worthy,135.30681374148594,-135.30681374148594,278.6136274829719,289.0343082269242,138.62943611198907,3.322622370503126,False,1,1,2,True,CONVERGENCE: RELATIVE REDUCTION OF F <= FACTR*EPSMCH,120,14,32,0.999999,,1e-06,0.6060821551120483,0.32780563396312684,True,0.0,4.436744790915611,True,False
q_learning,100,496,Worthy,137.6936115320162,-137.6936115320162,279.3872230640324,284.5975634360086,138.62943611198907,0.9358245799728593,False,0,0,0,True,CONVERGENCE: RELATIVE REDUCTION OF F <= FACTR*EPSMCH,33,9,10,0.9556007035954227,0.07913723077085547,,,,True,0.7735955810605333,0.0,False,True
pvl_delta,100,497,Worthy,114.57881622881456,-114.57881622881456,237.15763245762912,247.5783132015815,138.62943611198907,24.050619883174505,False,0,0,0,True,CONVERGENCE: RELATIVE REDUCTION OF F <= FACTR*EPSMCH,625,80,32,0.8137699562153012,,1.4012854517760485,0.01171327811140305,1.0563751099696266,True,0.0,0.0,True,True
q_learning,100,497,Worthy,133.60329103701713,-133.60329103701713,271.20658207403426,276.41692244601046,138.62943611198907,5.026145074971936,False,0,1,1,True,CONVERGENCE: RELATIVE REDUCTION OF F <= FACTR*EPSMCH,24,5,2,1.0,0.14765476467250088,,,,True,34.04894961640514,28.838609244428966,False,False
pvl_delta,100,498,Worthy,106.5269387539936,-106.5269387539936,221.0538775079872,231.47455825193958,138.62943611198907,32.10249735799546,False,1,0,1,True,CONVERGENCE: NORM OF PROJECTED GRADIENT <= PGTOL,145,24,32,0.5375066855758135,,1e-06,0.10073538372789816,1.307550131292781,True,0.0,0.0,True,True
q_learning,100,498,Worthy,126.88061395105778,-126.88061395105778,257.7612279021156,262.97156827409174,138.62943611198907,11.748822160931283,False,0,1,1,True,CONVERGENCE: RELATIVE REDUCTION OF F <= FACTR*EPSMCH,36,8,10,1.0,0.29213956606806907,,,,True,36.70735039412838,31.497010022152153,False,False
pvl_delta,100,499,Worthy,138.31337563369846,-138.31337563369846,284.6267512673969,295.04743201134926,138.62943611198907,0.3160604782906091,False,1,1,2,True,CONVERGENCE: RELATIVE REDUCTION OF F <= FACTR*EPSMCH,175,29,32,0.999999,,1.2991485276988826,1e-06,0.1820502601615009,True,3.4549553473247556,8.6652957193009,False,False
q_learning,100,499,Worthy,138.58589796003608,-138.58589796003608,281.17179592007216,286.38213629204836,138.62943611198907,0.043538151952986937,False,0,1,1,True,CONVERGENCE: NORM OF PROJECTED GRADIENT <= PGTOL,33,9,3,1.0,0.016610537206165295,,,,True,0.0,0.0,True,True
pvl_delta,100,500,Worthy,129.60056125314958,-129.60056125314958,267.20112250629916,277.6218032502515,138.62943611198907,9.028874858839487,False,1,1,2,True,CONVERGENCE: RELATIVE REDUCTION OF F <= FACTR*EPSMCH,120,19,32,0.999999,,1e-06,0.46619069266213164,0.5301906328857293,True,0.0,0.0,True,True
q_learning,100,500,Worthy,137.53962391355952,-137.53962391355952,279.07924782711905,284.28958819909525,138.62943611198907,1.0898121984295415,False,0,1,1,True,CONVERGENCE: RELATIVE REDUCTION OF F <= FACTR*EPSMCH,15,3,10,1.0,0.10506441417461507,,,,True,11.87812532081989,6.667784948843746,False,False
pvl_delta,100,501,Worthy,130.18965689987957,-130.18965689987957,268.37931379975913,278.7999945437115,138.62943611198907,8.4397792121095,False,0,1,1,True,CONVERGENCE: RELATIVE REDUCTION OF F <= FACTR*EPSMCH,940,126,32,9.275012424701097e-05,,0.8547819001387442,10.0,4.818167859512784,True,2.088538563971838,7.298878935947982,False,False
q_learning,100,501,Worthy,131.14538761789365,-131.14538761789365,266.2907752357873,271.5011156077635,138.62943611198907,7.484048494095418,False,0,0,0,True,CONVERGENCE: RELATIVE REDUCTION OF F <= FACTR*EPSMCH,54,14,10,0.05619670311702919,2.803906972027975,,,,True,0.0,0.0,True,True
pvl_delta,100,502,Worthy,133.71208590696935,-133.71208590696935,275.4241718139387,285.84485255789104,138.62943611198907,4.917350205019716,False,0,0,0,True,CONVERGENCE: RELATIVE REDUCTION OF F <= FACTR*EPSMCH,195,21,32,0.6529219934736327,,1.5570818479904542,0.02990957105464557,0.6106044631188496,True,0.0,1.4210574384115944,True,False
q_learning,100,502,Worthy,137.60672737375162,-137.60672737375162,279.21345474750325,284.42379511947945,138.62943611198907,1.0227087382374407,False,0,0,0,True,CONVERGENCE: NORM OF PROJECTED GRADIENT <= PGTOL,30,7,2,0.9404103499367896,0.08193793878453232,,,,True,3.78928293356455,0.0,False,True
pvl_delta,100,503,Worthy,138.62943611198918,-138.62943611198918,285.25887222397836,295.6795529679307,138.62943611198907,-1.1368683772161603e-13,True,4,0,4,True,CONVERGENCE: NORM OF PROJECTED GRADIENT <= PGTOL,10,1,32,1e-06,,1e-06,1e-06,0.0,True,4.0,9.210340371976145,False,False
q_learning,100,503,Worthy,138.62943611198918,-138.62943611198918,281.25887222397836,286.46921259595456,138.62943611198907,-1.1368683772161603e-13,True,2,0,2,True,CONVERGENCE: NORM OF PROJECTED GRADIENT <= PGTOL,3,0,2,0.0,0.0,,,,True,0.0,0.0,True,True
pvl_delta,100,504,Worthy,77.1262079685833,-77.1262079685833,162.2524159371666,172.67309668111898,138.62943611198907,61.503228143405764,False,0,1,1,True,CONVERGENCE: RELATIVE REDUCTION OF F <= FACTR*EPSMCH,135,18,32,0.999999,,0.27008243535598075,0.07384315500668985,1.2986241272284196,True,0.0,0.0,True,True
q_learning,100,504,Worthy,115.73952949129709,-115.73952949129709,235.47905898259418,240.68939935457036,138.62943611198907,22.889906620691974,False,0,1,1,True,CONVERGENCE: NORM OF PROJECTED GRADIENT <= PGTOL,42,10,9,1.0,0.44186686433821526,,,,True,73.22664304542758,68.01630267345138,False,False
