n_trials,subject_id,source_study,q_negative_log_likelihood,pvl_negative_log_likelihood,nll_q_minus_pvl,q_aic,pvl_aic,aic_q_minus_pvl,q_bic,pvl_bic,bic_q_minus_pvl,q_nll_improvement_over_uniform,pvl_nll_improvement_over_uniform,uniform_improvement_pvl_minus_q,q_best_aic,pvl_best_aic,q_best_bic,pvl_best_bic
95,1,Fridberg,45.37089438744249,40.26370920171179,5.1071851857307,94.74178877488498,88.52741840342358,6.214370371461399,99.84954255808606,98.74292596982576,1.1066165882602945,86.3270699189471,91.4342551046778,5.1071851857307,False,True,False,True
95,2,Fridberg,129.4816449807581,125.50870326443123,3.972941716326858,262.9632899615162,259.01740652886247,3.9458834326537158,268.07104374471726,269.2329140952646,-1.1618703505473604,2.2163193256315026,6.1892610419583605,3.972941716326858,False,True,True,False
95,3,Fridberg,131.46991462681368,115.67059213378076,15.799322493032918,266.9398292536273,239.34118426756152,27.59864498606578,272.0475830368284,249.55669183396367,22.49089120286476,0.2280496795759177,16.027372172608835,15.799322493032918,False,True,False,True
95,4,Fridberg,131.2505108968527,113.34271847960504,17.90779241724765,266.5010217937054,234.6854369592101,31.81558483449527,271.60877557690645,244.90094452561223,26.70783105129422,0.4474534095369051,18.35524582678454,17.907792417247634,False,True,False,True
95,5,Fridberg,124.31303813079138,113.8412066201304,10.47183151066099,252.6260762615828,235.6824132402608,16.94366302132201,257.7338300447839,245.8979208066629,11.835909238120962,7.38492617559821,17.8567576862592,10.47183151066099,False,True,False,True
95,6,Fridberg,112.28825509627222,102.19900250158128,10.089252594690947,228.57651019254445,212.39800500316252,16.178505189381923,233.68426397574552,222.6135125695648,11.070751406180733,19.40970921011737,29.498961804808303,10.089252594690933,False,True,False,True
95,7,Fridberg,131.69376245527528,124.7583838614024,6.935378593872883,267.3875249105505,257.51676772280484,9.870757187745653,272.49527869375163,267.732275289207,4.763003404544634,0.0042018511143169,6.939580444987186,6.935378593872869,False,True,False,True
95,8,Fridberg,127.1330278621737,112.5806140968496,14.552413765324104,258.26605572434744,233.1612281936992,25.104827530648237,263.3738095075485,243.37673576010133,19.99707374744719,4.564936444215888,19.117350209540007,14.552413765324118,False,True,False,True
95,9,Fridberg,130.94966015817033,116.80174432576976,14.147915832400571,265.89932031634066,241.60348865153952,24.295831664801142,271.00707409954174,251.81899621794167,19.188077881600066,0.7483041482192618,14.896219980619833,14.147915832400571,False,True,False,True
95,10,Fridberg,103.84236753853033,91.951809216342,11.890558322188326,211.68473507706065,191.90361843268403,19.781116644376624,216.7924888602617,202.11912599908612,14.673362861175576,27.85559676785928,39.74615509004758,11.890558322188301,False,True,False,True
95,11,Fridberg,131.63057336548124,114.64336623339288,16.987207132088358,267.2611467309625,237.2867324667857,29.974414264176772,272.3689005141636,247.5022400331879,24.866660480975725,0.0673909409083535,17.054598072996725,16.987207132088372,False,True,False,True
95,12,Fridberg,130.60024288399396,118.91252215268386,11.687720731310094,265.2004857679879,245.82504430536773,19.375441462620188,270.308239551189,256.0405518717699,14.267687679419112,1.0977214223956366,12.78544215370573,11.687720731310094,False,True,False,True
95,13,Fridberg,128.13594301762575,113.50361691861804,14.632326099007713,260.2718860352515,235.0072338372361,25.264652198015398,265.3796398184526,245.22274140363825,20.15689841481432,3.5620212887638445,18.194347387771543,14.632326099007699,False,True,False,True
95,14,Fridberg,131.38525760814446,125.0615429958008,6.32371461234365,266.7705152162889,258.1230859916016,8.6474292246873,271.87826899949,268.33859355800377,3.5396754414862244,0.3127066982451367,6.636421310588787,6.32371461234365,False,True,False,True
95,15,Fridberg,119.1928155645165,118.77931985624592,0.4134957082705739,242.385631129033,245.55863971249184,-3.173008583458852,247.4933849122341,255.774147278894,-8.2807623666599,12.5051487418731,12.918644450143674,0.4134957082705739,True,False,True,False
100,1,Horstmann,137.88073704041278,128.05975738335317,9.82097965705961,279.7614740808256,264.11951476670635,15.641959314119276,284.97181445280177,274.5401955106587,10.431618942143075,0.7486990715762829,10.569678728635893,9.82097965705961,False,True,False,True
100,2,Horstmann,137.2597352530418,129.5576922883703,7.702042964671506,278.5194705060836,267.1153845767406,11.404085929343012,283.7298108780598,277.53606532069296,6.193745557366867,1.3697008589472546,9.07174382361876,7.702042964671506,False,True,False,True
100,3,Horstmann,137.2351210368572,123.57198784063053,13.663133196226681,278.4702420737144,255.14397568126105,23.326266392453363,283.6805824456906,265.5646564252134,18.115926020477218,1.394315075131857,15.057448271358552,13.663133196226696,False,True,False,True
100,4,Horstmann,136.5793969801816,133.84789495013115,2.73150203005045,277.1587939603632,275.6957899002623,1.4630040601009,282.3691343323394,286.11647064421464,-3.7473363118752445,2.050039131807466,4.781541161857916,2.73150203005045,False,True,True,False
100,5,Horstmann,134.6079682972235,122.32312122585392,12.284847071369569,273.21593659444693,252.64624245170785,20.56969414273908,278.4262769664232,263.0669231956602,15.359353770762993,4.0214678147656,16.30631488613514,12.28484707136954,False,True,False,True
100,6,Horstmann,138.52413478095008,81.29523914761413,57.22889563333595,281.04826956190016,170.59047829522825,110.4577912666719,286.2586099338764,181.01115903918063,105.24745089469579,0.1053013310389872,57.33419696437494,57.22889563333595,False,True,False,True
100,7,Horstmann,134.74407430261118,120.6077709726718,14.13630332993938,273.4881486052224,249.2155419453436,24.272606659878818,278.69848897719856,259.63622268929595,19.062266287902617,3.885361809377883,18.021665139317264,14.13630332993938,False,True,False,True
100,8,Horstmann,137.80559270343937,137.39274250051113,0.41285020292824015,279.61118540687875,282.78548500102227,-3.1742995941435197,284.82152577885495,293.2061657449746,-8.384639966119664,0.823843408549692,1.236693611477932,0.41285020292824015,True,False,True,False
100,9,Horstmann,130.09829722862426,109.40651777437034,20.69177945425392,264.1965944572485,226.8130355487407,37.38355890850784,269.4069348292247,237.23371629269303,32.17321853653169,8.531138883364804,29.22291833761872,20.691779454253915,False,True,False,True
100,10,Horstmann,131.91990374425046,109.980346917096,21.939556827154462,267.8398074885009,227.96069383419203,39.879113654308895,273.0501478604771,238.3813745781444,34.66877328233272,6.709532367738603,28.64908919489305,21.939556827154448,False,True,False,True
100,11,Horstmann,137.97773838772784,136.00194233829956,1.9757960494282827,279.9554767754557,280.0038846765991,-0.04840790114343463,285.1658171474319,290.42456542055146,-5.258748273119579,0.6516977242612256,2.6274937736895083,1.9757960494282827,True,False,True,False
100,12,Horstmann,135.58910141636252,130.95641221623114,4.632689200131381,275.17820283272505,269.9128244324623,5.265378400262762,280.38854320470125,280.33350517641463,0.05503802828661719,3.040334695626541,7.673023895757922,4.632689200131381,False,True,False,True
100,13,Horstmann,116.8941383036942,85.75444557212442,31.13969273156978,237.7882766073884,179.50889114424885,58.27938546313956,242.99861697936456,189.9295718882012,53.06904509116336,21.73529780829486,52.87499053986464,31.13969273156978,False,True,False,True
100,14,Horstmann,128.75004718262744,117.9633067092074,10.78674047342004,261.5000943652549,243.9266134184148,17.57348094684008,266.7104347372311,254.3472941623672,12.363140574863877,9.879388929361625,20.666129402781664,10.78674047342004,False,True,False,True
100,15,Horstmann,135.47937855853613,131.91838355903752,3.560994999498604,274.95875711707225,271.83676711807504,3.1219899989972077,280.16909748904845,282.2574478620274,-2.0883503729789368,3.150057553452939,6.711052552951543,3.560994999498604,False,True,True,False
100,16,Horstmann,127.07148797153664,109.74745750046952,17.32403047106712,258.1429759430732,227.49491500093905,30.64806094213418,263.3533163150494,237.9155957448914,25.437720570158035,11.55794814045244,28.88197861151956,17.32403047106712,False,True,False,True
100,17,Horstmann,138.62943611198918,92.64094992635968,45.9884861856295,281.2588722239784,193.2818998527193,87.97697237125911,286.46921259595456,203.7025805966717,82.76663199928285,-1.1368683772161605e-13,45.9884861856294,45.98848618562951,False,True,False,True
100,18,Horstmann,123.12286535843688,62.86111513830309,60.26175022013379,250.24573071687377,133.72223027660618,116.52350044026758,255.45607108885,144.14291102055853,111.31316006829147,15.506570753552182,75.76832097368597,60.26175022013379,False,True,False,True
100,19,Horstmann,137.57827864079815,129.45816636490903,8.120112275889113,279.15655728159635,266.91633272981807,12.240224551778283,284.3668976535725,277.3370134737704,7.029884179802082,1.0511574711908906,9.171269747080032,8.120112275889142,False,True,False,True
100,20,Horstmann,134.0302609545096,114.00463901307153,20.025621941438075,272.0605219090192,236.00927802614305,36.05124388287615,277.2708622809954,246.4299587700954,30.840903510900006,4.599175157479465,24.62479709891756,20.025621941438096,False,True,False,True
100,21,Horstmann,138.62943611198918,138.62943610587652,6.11265704719699e-09,281.2588722239784,285.25887221175304,-3.999999987774629,286.46921259595456,295.6795529557054,-9.21034035975083,-1.1368683772161605e-13,6.112543360359268e-09,6.11265704719699e-09,True,False,True,False
100,22,Horstmann,137.41039914481695,122.89015979709508,14.52023934772187,278.8207982896339,253.78031959419013,25.040478695443767,284.0311386616101,264.2010003381425,19.830138323467622,1.2190369671721155,15.739276314894,14.520239347721883,False,True,False,True
100,23,Horstmann,137.9033153675719,117.88270170048392,20.020613667087986,279.80663073514387,243.76540340096784,36.04122733417603,285.01697110712007,254.18608414492024,30.830886962199827,0.7261207444171305,20.746734411505145,20.020613667088014,False,True,False,True
100,24,Horstmann,137.66955494685553,133.64734623543666,4.02220871141887,279.33910989371105,275.2946924708733,4.044417422837739,284.54945026568726,285.71537321482566,-1.1659229491384053,0.9598811651335382,4.982089876552408,4.02220871141887,False,True,True,False
100,25,Horstmann,102.64589651291944,98.85264104728388,3.7932554656355535,209.29179302583887,205.7052820945677,3.586510931271164,214.50213339781504,216.1259628385201,-1.623829440705066,35.98353959906963,39.7767950647052,3.7932554656355677,False,True,True,False
100,26,Horstmann,107.05077748290329,103.55761453725154,3.493162945651747,218.10155496580657,215.11522907450308,2.986325891303494,223.3118953377828,225.53590981845545,-2.2240144806726505,31.57865862908578,35.07182157473753,3.493162945651747,False,True,True,False
100,27,Horstmann,138.62943611198918,138.6294361118124,1.7678303265711293e-10,281.2588722239784,285.2588722236248,-3.999999999646377,286.46921259595456,295.67955296757714,-9.210340371622578,-1.1368683772161605e-13,1.7666934581939128e-10,1.767830326571129e-10,True,False,True,False
100,28,Horstmann,121.1167017356068,107.40115526586034,13.715546469746457,246.2334034712136,222.80231053172068,23.431092939492913,251.44374384318976,233.22299127567305,18.220752567516712,17.51273437638227,31.22828084612873,13.71554646974646,False,True,False,True
100,29,Horstmann,138.62943611198918,138.6294359286406,1.833485896440834e-07,281.2588722239784,285.2588718572812,-3.999999633302764,286.46921259595456,295.6795526012335,-9.210340005278965,-1.1368683772161605e-13,1.8334847595724568e-07,1.833485896440834e-07,True,False,True,False
100,30,Horstmann,136.53697486692272,122.90705277246792,13.629922094454798,277.07394973384544,253.81410554493584,23.259844188909597,282.28429010582164,264.2347862888882,18.049503816933452,2.092461245066346,15.722383339521144,13.629922094454798,False,True,False,True
100,31,Horstmann,121.37494722320908,116.95737268771347,4.4175745354956035,246.74989444641807,241.91474537542692,4.83514907099115,251.96023481839435,252.3354261193793,-0.37519130098493747,17.25448888877999,21.67206342427557,4.417574535495582,False,True,True,False
100,32,Horstmann,136.36621512666275,131.96209655080497,4.40411857585778,276.7324302533255,271.92419310160994,4.808237151715559,281.9427706253017,282.3448738455623,-0.4021032202605852,2.263220985326313,6.667339561184093,4.40411857585778,False,True,True,False
100,33,Horstmann,107.97952904914877,64.26654492890515,43.71298412024362,219.9590580982976,136.5330898578103,83.4259682404873,225.1693984702737,146.95377060176267,78.21562786851104,30.6499070628403,74.36289118308392,43.71298412024362,False,True,False,True
100,34,Horstmann,135.6574718413813,104.74701598572072,30.910455855660572,275.3149436827626,217.49403197144144,57.820911711321145,280.5252840547388,227.9147127153938,52.610571339345,2.9719642706077707,33.88242012626836,30.910455855660587,False,True,False,True
100,35,Horstmann,138.62943611198918,138.62943611198918,0.0,281.2588722239784,285.2588722239784,-4.0,286.46921259595456,295.6795529679307,-9.210340371976145,-1.1368683772161605e-13,-1.1368683772161605e-13,0.0,True,False,True,False
100,36,Horstmann,138.62943611198918,122.26459997493966,16.364836137049522,281.2588722239784,252.5291999498793,28.7296722740991,286.46921259595456,262.9498806938317,23.51933190212287,-1.1368683772161605e-13,16.36483613704941,16.364836137049522,False,True,False,True
100,37,Horstmann,138.1359019146853,133.1432960434305,4.992605871254796,280.2718038293706,274.286592086861,5.985211742509591,285.4821442013468,284.70727283081334,0.7748713705334467,0.4935341973037737,5.486140068558569,4.992605871254796,False,True,False,True
100,38,Horstmann,137.31327440229657,78.1782565341141,59.13501786818247,278.62654880459314,164.3565130682282,114.27003573636495,283.83688917656934,174.77719381218057,109.05969536438877,1.3161617096924942,60.45117957787497,59.13501786818247,False,True,False,True
100,39,Horstmann,136.22130969640284,110.65778065763814,25.5635290387647,276.4426193928057,229.31556131527628,47.1270580775294,281.6529597647819,239.73624205922863,41.91671770555325,2.4081264155862243,27.971655454350923,25.5635290387647,False,True,False,True
100,40,Horstmann,133.64581176580944,109.90923839008018,23.736573375729265,271.2916235316189,227.81847678016035,43.47314675145853,276.5019639035951,238.2391575241128,38.26280637948227,4.983624346179624,28.72019772190889,23.736573375729265,False,True,False,True
100,41,Horstmann,120.92293500907893,120.01890492742513,0.9040300816538007,245.84587001815785,248.03780985485025,-2.1919398366923986,251.056210390134,258.4584905988026,-7.4022802086686,17.706501102910153,18.61053118456394,0.9040300816537865,True,False,True,False
100,42,Horstmann,136.9356953904188,136.70547413924393,0.2302212511748678,277.8713907808376,281.41094827848787,-3.5395574976502644,283.0817311528138,291.8316290224402,-8.749897869626409,1.693740721570265,1.9239619727451327,0.2302212511748678,True,False,True,False
100,43,Horstmann,134.00272090302113,121.81828983754303,12.184431065478094,272.00544180604226,251.6365796750861,20.36886213095616,277.21578217801846,262.05726041903847,15.158521758979987,4.626715208967937,16.811146274446017,12.18443106547808,False,True,False,True
100,44,Horstmann,118.89090904928209,87.27221799298655,31.618691056295532,241.78181809856417,182.5444359859731,59.237382112591064,246.99215847054035,192.96511672992548,54.02704174061486,19.73852706270698,51.35721811900251,31.618691056295532,False,True,False,True
100,45,Horstmann,137.8461683499034,120.13588860764618,17.710279742257214,279.6923366998068,248.2717772152924,31.4205594845144,284.902677071783,258.69245795924473,26.210219112538255,0.7832677620856714,18.493547504342885,17.710279742257214,False,True,False,True
100,46,Horstmann,83.94122765623992,59.46315560801121,24.478072048228704,171.88245531247983,126.92631121602244,44.95614409645739,177.092795684456,137.3469919599748,39.74580372448122,54.68820845574915,79.16628050397784,24.478072048228697,False,True,False,True
100,47,Horstmann,137.40465456602234,129.61943099162332,7.785223574399026,278.8093091320447,267.23886198324664,11.570447148798053,284.0196495040209,277.659542727199,6.360106776821908,1.2247815459667208,9.010005120365747,7.785223574399026,False,True,False,True
100,48,Horstmann,126.18801032954651,112.0834794698148,14.10453085973171,256.37602065909306,232.1669589396296,24.20906171946345,261.58636103106926,242.58763968358195,18.998721347487304,12.441425782442536,26.545956642174275,14.104530859731739,False,True,False,True
100,49,Horstmann,137.9379162522387,128.64694538983338,9.290970862405317,279.87583250447733,265.29389077966675,14.581941724810576,285.0861728764536,275.7145715236191,9.371601352834489,0.6915198597504002,9.982490722155688,9.290970862405288,False,True,False,True
100,50,Horstmann,130.10379046440434,89.18293715679914,40.9208533076052,264.2075809288087,186.36587431359828,77.8417066152104,269.4179213007849,196.78655505755063,72.63136624323425,8.525645647584724,49.44649895518992,40.92085330760519,False,True,False,True
100,51,Horstmann,136.76276431413226,127.7224137505106,9.040350563621658,277.5255286282645,263.4448275010212,14.080701127243287,282.7358690002407,273.8655082449736,8.870360755267086,1.86667179785681,10.907022361478454,9.040350563621644,False,True,False,True
100,52,Horstmann,130.1300509999155,94.436319581892,35.69373141802352,264.260101999831,196.872639163784,67.38746283604704,269.4704423718072,207.2933199077364,62.177122464070834,8.499385112073554,44.19311653009706,35.6937314180235,False,True,False,True
100,53,Horstmann,138.62943611198918,123.06032620806688,15.569109903922296,281.2588722239784,254.12065241613377,27.13821980784465,286.46921259595456,264.54133316008614,21.92787943586842,-1.1368683772161605e-13,15.569109903922184,15.569109903922298,False,True,False,True
100,54,Horstmann,123.47187055788528,79.27747880509597,44.194391752789315,250.9437411157705,166.5549576101919,84.3887835055786,256.15408148774674,176.9756383541443,79.17844313360243,15.157565554103796,59.3519573068931,44.1943917527893,False,True,False,True
100,55,Horstmann,121.97006791802174,98.51970493697615,23.450362981045586,247.94013583604348,205.0394098739524,42.90072596209109,253.15047620801963,215.4600906179047,37.690385590114914,16.659368193967325,40.1097311750129,23.450362981045572,False,True,False,True
100,56,Horstmann,131.64454614982102,128.255714083006,3.388832066815013,267.28909229964205,264.511428166012,2.777664133630026,272.49943267161825,274.9321089099644,-2.4326762383461755,6.98488996216804,10.373722028983051,3.388832066815011,False,True,True,False
100,57,Horstmann,136.93681570748214,127.82241667824444,9.114399029237703,277.8736314149643,263.6448333564889,14.228798058475377,283.0839717869405,274.06551410044125,9.018457686499232,1.6926204045069255,10.807019433744614,9.114399029237688,False,True,False,True
100,58,Horstmann,133.3451558947752,104.13952989492296,29.20562599985223,270.6903117895504,216.279059789846,54.411251999704376,275.9006521615266,226.69974053379832,49.20091162772826,5.284280217213876,34.48990621706609,29.205625999852217,False,True,False,True
100,59,Horstmann,134.74130112329632,115.01904771766692,19.722253405629402,273.48260224659265,238.03809543533384,35.444506811258805,278.69294261856885,248.4587761792862,30.23416643928266,3.888134988692741,23.61038839432216,19.72225340562942,False,True,False,True
100,60,Horstmann,137.56799377573148,112.3153013405092,25.252692435222286,279.13598755146296,232.6306026810184,46.50538487044457,284.3463279234392,243.0512834249708,41.29504449846843,1.0614423362575849,26.31413477147987,25.252692435222286,False,True,False,True
100,61,Horstmann,122.35272108270723,108.81227439894492,13.540446683762312,248.7054421654145,225.62454879788984,23.080893367524652,253.91578253739067,236.0452295418422,17.87055299554848,16.276715029281817,29.81716171304416,13.540446683762344,False,True,False,True
100,62,Horstmann,83.16649725699419,72.18901198064239,10.9774852763518,170.33299451398838,152.37802396128478,17.9549705527036,175.54333488596455,162.79870470523716,12.744630180727398,55.46293885499488,66.44042413134667,10.977485276351793,False,True,False,True
100,63,Horstmann,136.94572628010948,135.21318083886504,1.73254544124444,277.89145256021897,278.4263616777301,-0.5349091175111198,283.1017929321952,288.84704242168243,-5.7452494894872075,1.6837098318795825,3.4162552731240226,1.73254544124444,True,False,True,False
100,64,Horstmann,118.67391473176356,111.96773141106026,6.706183320703303,241.3478294635271,231.9354628221205,9.412366641406578,246.5581698355033,242.3561435660729,4.202026269430405,19.95552138022552,26.66170470092881,6.706183320703289,False,True,False,True
100,65,Horstmann,136.82133944019617,125.38030097656888,11.441038463627294,277.64267888039234,258.7606019531378,18.88207692725456,282.85301925236854,269.1812826970901,13.671736555278414,1.808096671792896,13.249135135420175,11.44103846362728,False,True,False,True
100,66,Horstmann,136.80855907317894,124.0970544269558,12.711504646223148,277.6171181463579,256.1941088539116,21.423009292446295,282.8274585183341,266.61478959786393,16.21266892047015,1.8208770388101243,14.532381685033272,12.711504646223148,False,True,False,True
100,67,Horstmann,137.2808212095129,125.43141956282616,11.849401646686744,278.5616424190258,258.8628391256524,19.69880329337343,283.771982791002,269.2835198696047,14.488462921397343,1.3486149024761571,13.1980165491629,11.849401646686742,False,True,False,True
100,68,Horstmann,135.7636390049525,120.9928836956703,14.770755309282194,275.527278009905,249.9857673913406,25.541510618564388,280.7376183818812,260.406448135293,20.331170246588215,2.8657971070365704,17.636552416318764,14.770755309282194,False,True,False,True
100,69,Horstmann,86.31720972321692,77.99029136350437,8.32691835971255,176.63441944643384,163.98058272700874,12.653836719425101,181.84475981841,174.4012634709611,7.4434963474488995,52.31222638877215,60.639144748484696,8.326918359712543,False,True,False,True
100,70,Horstmann,125.5288864845578,106.87220847715896,18.65667800739884,255.0577729691156,221.7444169543179,33.313356014797705,260.2681133410918,232.16509769827027,28.103015642821532,13.100549627431263,31.75722763483012,18.656678007398856,False,True,False,True
100,71,Horstmann,136.70736608317813,131.5686651637156,5.138700919462536,277.41473216635626,271.1373303274312,6.277401838925073,282.62507253833246,281.55801107138353,1.0670614669489282,1.922070028810936,7.060770948273472,5.138700919462536,False,True,False,True
100,72,Horstmann,101.75624063967147,98.14286619662651,3.613374443044961,207.5124812793429,204.28573239325303,3.226748886089865,212.72282165131912,214.70641313720543,-1.9835914858863077,36.87319547231759,40.48656991536254,3.613374443044947,False,True,True,False
100,73,Horstmann,137.69495818971944,135.89140477355554,1.8035534161639077,279.3899163794389,279.78280954711107,-0.3928931676721845,284.6002567514151,290.2034902910634,-5.603233539648329,0.9344779222696218,2.738031338433529,1.8035534161639073,True,False,True,False
100,74,Horstmann,108.11848002990077,70.79502729269302,37.323452737207745,220.2369600598015,149.59005458538604,70.64690547441546,225.44730043177768,160.01073532933842,65.43656510243926,30.51095608208832,67.83440881929604,37.323452737207724,False,True,False,True
100,75,Horstmann,97.67960074810507,31.44805766274772,66.23154308535736,199.35920149621012,70.89611532549543,128.4630861707147,204.56954186818635,81.3167960694478,123.25274579873854,40.94983536388398,107.18137844924136,66.23154308535739,False,True,False,True
100,76,Horstmann,138.62943611198918,124.18981463659054,14.439621475398638,281.2588722239784,256.3796292731811,24.879242950797334,286.46921259595456,266.8003100171334,19.668902578821132,-1.1368683772161605e-13,14.439621475398525,14.439621475398638,False,True,False,True
100,77,Horstmann,138.48076953540473,108.25589520422166,30.224874331183074,280.96153907080947,224.5117904084433,56.449748662366176,286.17187944278567,234.9324711523957,51.239408290389974,0.1486665765843327,30.373540907767406,30.224874331183074,False,True,False,True
100,78,Horstmann,98.12366799662256,67.87894733588708,30.24472066073548,200.2473359932452,143.75789467177415,56.48944132147105,205.4576763652213,154.17857541572653,51.27910094949476,40.50576811536649,70.75048877610199,30.244720660735496,False,True,False,True
100,79,Horstmann,133.08826313390537,128.16011161168612,4.9281515222192525,270.17652626781074,264.32022322337224,5.856303044438505,275.38686663978694,274.7409039673246,0.6459626724623604,5.541172978083694,10.469324500302946,4.9281515222192525,False,True,False,True
100,80,Horstmann,137.90032394957217,134.37095671610348,3.5293672334686903,279.80064789914434,276.74191343220696,3.0587344669373806,285.01098827112054,287.1625941761593,-2.151605905038764,0.7291121624168966,4.258479395885587,3.5293672334686903,False,True,True,False
100,81,Horstmann,133.4431708660229,104.10166318495637,29.341507681066545,270.8863417320458,216.2033263699128,54.683015362133034,276.096682104022,226.6240071138651,49.47267499015692,5.186265245966155,34.5277729270327,29.341507681066545,False,True,False,True
100,82,Horstmann,133.33212675574524,113.8547410280962,19.477385727649036,270.6642535114905,235.70948205619243,34.954771455298044,275.8745938834667,246.1301628001448,29.74443108332187,5.297309356243829,24.77469508389285,19.477385727649022,False,True,False,True
100,83,Horstmann,135.0999552222113,128.7561215413345,6.3438336808767986,274.1999104444226,265.512243082669,8.687667361753597,279.4102508163988,275.93292382662133,3.4773269897774526,3.5294808897777727,9.873314570654571,6.3438336808767986,False,True,False,True
100,84,Horstmann,125.6910532785926,94.65203085429296,31.039022424299645,255.3821065571852,197.3040617085859,58.07804484859932,260.5924469291614,207.7247424525383,52.86770447662309,12.93838283339646,43.97740525769612,31.03902242429966,False,True,False,True
100,85,Horstmann,133.73857105001977,73.15734361648839,60.58122743353138,271.47714210003954,154.31468723297678,117.16245486706276,276.68748247201574,164.73536797692915,111.95211449508659,4.8908650619692935,65.47209249550068,60.58122743353138,False,True,False,True
100,86,Horstmann,132.5541714433379,116.50019921151724,16.053972231820666,269.1083428866758,241.00039842303448,28.10794446364133,274.318683258652,251.42107916698689,22.89760409166513,6.075264668651158,22.129236900471824,16.053972231820666,False,True,False,True
100,87,Horstmann,32.54437378053888,23.79408204874848,8.750291731790405,69.08874756107777,55.58816409749696,13.50058346358081,74.29908793305395,66.00884484144933,8.290243091604623,106.0850623314502,114.8353540632406,8.750291731790398,False,True,False,True
100,88,Horstmann,134.3209614115597,100.11417331872356,34.206788092836135,272.64192282311933,208.22834663744712,64.41357618567221,277.8522631950956,218.6490273813995,59.2032358136961,4.3084747004294,38.51526279326551,34.206788092836106,False,True,False,True
100,89,Horstmann,131.30779303870696,127.2264688777668,4.081324160940156,266.6155860774139,262.4529377555336,4.16264832188034,271.8259264493901,272.873618499486,-1.0476920500958613,7.321643073282104,11.402967234222274,4.08132416094017,False,True,True,False
100,90,Horstmann,138.62943611198918,110.3596172028383,28.269818909150885,281.2588722239784,228.7192344056766,52.53963781830183,286.46921259595456,239.13991514962896,47.3292974463256,-1.1368683772161605e-13,28.26981890915077,28.269818909150885,False,True,False,True
100,91,Horstmann,39.06782752413788,30.2035833171509,8.864244206986982,82.13565504827577,68.4071666343018,13.728488413973963,87.34599542025195,78.82784737825418,8.518148041997776,99.56160858785118,108.42585279483816,8.864244206986982,False,True,False,True
100,92,Horstmann,137.49726182818463,129.97687620227032,7.520385625914315,278.99452365636927,267.95375240454064,11.04077125182863,284.20486402834547,278.374433148493,5.830430879852486,1.1321742838044315,8.652559909718747,7.520385625914315,False,True,False,True
100,93,Horstmann,136.598061147802,134.43904471461715,2.15901643318486,277.196122295604,276.8780894292343,0.3180328663697196,282.40646266758023,287.29877017318665,-4.892307505606425,2.0313749641870515,4.190391397371911,2.15901643318486,False,True,True,False
100,94,Horstmann,133.17712744228035,131.90927619576686,1.2678512465134872,270.3542548845607,271.81855239153373,-1.4642975069730255,275.5645952565369,282.2392331354861,-6.67463787894917,5.452308669708714,6.720159916222201,1.2678512465134872,True,False,True,False
100,95,Horstmann,135.9054873499933,116.73313292692804,19.172354423065272,275.8109746999866,241.4662658538561,34.344708846130516,281.0213150719628,251.88694659780847,29.134368474154343,2.723948761995757,21.89630318506101,19.172354423065254,False,True,False,True
100,96,Horstmann,131.15480313868414,119.56806602675194,11.586737111932209,266.3096062773683,247.13613205350387,19.173474223864417,271.5199466493445,257.55681279745625,13.963133851888244,7.474632973304921,19.06137008523713,11.586737111932209,False,True,False,True
100,97,Horstmann,131.84530123447468,108.67836712297478,23.1669341114999,267.6906024689493,225.35673424594955,42.33386822299974,272.90094284092555,235.777414989902,37.12352785102354,6.78413487751439,29.95106898901429,23.1669341114999,False,True,False,True
100,98,Horstmann,119.81457621636238,72.7459046755485,47.06867154081388,243.6291524327248,153.491809351097,90.13734308162779,248.8394928047009,163.91249009504938,84.92700270965153,18.81485989562668,65.88353143644056,47.06867154081388,False,True,False,True
100,99,Horstmann,138.62943611198918,134.50019874395068,4.129237368038503,281.2588722239784,277.0003974879013,4.258474736077119,286.46921259595456,287.4210782318537,-0.9518656358991393,-1.1368683772161605e-13,4.129237368038389,4.129237368038503,False,True,True,False
100,100,Horstmann,134.27803966408104,124.59758024272996,9.680459421351074,272.55607932816207,257.19516048545995,15.36091884270212,277.7664197001383,267.6158412294123,10.150578470725975,4.35139644790803,14.031855869259104,9.680459421351074,False,True,False,True
100,101,Horstmann,130.64997847583166,111.35311157047552,19.29686690535614,265.2999569516633,230.70622314095107,34.59373381071225,270.5102973236395,241.12690388490344,29.38339343873608,7.979457636157406,27.27632454151353,19.296866905356126,False,True,False,True
100,102,Horstmann,40.58201259655184,21.10863983625968,19.47337276029216,85.16402519310368,50.21727967251936,34.94674552058432,90.37436556507988,60.63796041647173,29.736405148608156,98.04742351543725,117.52079627572938,19.473372760292136,False,True,False,True
100,103,Horstmann,134.71949478814997,60.295906023204445,74.42358876494552,273.43898957629995,128.5918120464089,144.84717752989104,278.64932994827615,139.01249279036125,139.6368371579149,3.909941323839092,78.33353008878461,74.42358876494552,False,True,False,True
100,104,Horstmann,126.20537613347948,102.7962246364324,23.409151497047077,256.410752266959,213.59244927286483,42.818302994094154,261.6210926389352,224.0131300168172,37.60796262211798,12.424059978509575,35.83321147555665,23.409151497047077,False,True,False,True
100,105,Horstmann,125.54021536471076,109.02025148384826,16.519963880862505,255.0804307294215,226.0405029676965,29.039927761724982,260.2907711013977,236.46118371164889,23.82958738974881,13.089220747278318,29.60918462814081,16.51996388086249,False,True,False,True
100,106,Horstmann,135.49966873688987,115.07226075835628,20.427407978533594,274.99933747377975,238.14452151671256,36.85481595706719,280.20967784575595,248.56520226066493,31.644475585091016,3.129767375099192,23.557175353632783,20.42740797853359,False,True,False,True
100,107,Horstmann,127.32626427094404,100.53243373143808,26.79383053950596,258.6525285418881,209.06486746287607,49.58766107901204,263.8628689138643,219.48554820682853,44.37732070703578,11.303171841045014,38.09700238055099,26.793830539505976,False,True,False,True
100,108,Horstmann,134.90494195196496,132.24278610273043,2.662155849234523,273.8098839039299,272.48557220546087,1.324311698469046,279.0202242759061,282.9062529494132,-3.8860286735070986,3.724494160024108,6.386650009258631,2.6621558492345225,False,True,True,False
100,109,Horstmann,104.7389852322952,98.85974801172306,5.879237220572151,213.4779704645904,205.7194960234461,7.758474441144301,218.68831083656656,216.1401767673985,2.5481340691680714,33.89045087969387,39.76968810026601,5.879237220572136,False,True,False,True
100,110,Horstmann,126.49597039091324,119.211836426424,7.284133964489243,256.9919407818265,246.423672852848,10.568267928978486,262.2022811538027,256.8443535968003,5.35792755700237,12.133465721075822,19.41759968556508,7.284133964489257,False,True,False,True
100,111,Horstmann,122.09015227804548,81.09668616951535,40.99346610853013,248.18030455609096,170.1933723390307,77.98693221706026,253.3906449280672,180.61405308298308,72.77659184508411,16.539283833943585,57.532749942473714,40.99346610853013,False,True,False,True
100,112,Horstmann,138.62943611198918,98.30457075690865,40.32486535508053,281.2588722239784,204.6091415138173,76.64973071016112,286.46921259595456,215.02982225776964,71.43939033818492,-1.1368683772161605e-13,40.32486535508043,40.32486535508055,False,True,False,True
100,113,Horstmann,134.34006951161396,117.33985296960113,17.000216542012836,272.6801390232279,242.67970593920225,30.000433084025673,277.8904793952041,253.1003866831546,24.79009271204953,4.289366600375104,21.289583142387954,17.00021654201285,False,True,False,True
100,114,Horstmann,119.34626830724024,96.76243505720365,22.58383325003659,242.6925366144805,201.5248701144073,41.16766650007321,247.90287698645668,211.94555085835967,35.95732612809701,19.28316780474881,41.86700105478542,22.58383325003661,False,True,False,True
100,115,Horstmann,130.86811163881666,128.1395469997424,2.72856463907425,265.7362232776333,264.2790939994848,1.4571292781485,270.9465636496095,274.6997747434372,-3.7532110938277015,7.761324473172408,10.489889112246658,2.72856463907425,False,True,True,False
100,116,Horstmann,136.9871977072761,132.74479941188812,4.2423982953879715,277.9743954145522,273.48959882377625,4.484796590775943,283.1847357865284,283.9102795677286,-0.7255437812002015,1.6422384047129697,5.884636700100941,4.2423982953879715,False,True,True,False
100,117,Horstmann,135.41293234167316,115.1218384220054,20.29109391966776,274.8258646833463,238.2436768440108,36.58218783933552,280.0362050553225,248.6643575879632,31.371847467359316,3.21650377031591,23.50759768998367,20.29109391966776,False,True,False,True
100,118,Horstmann,135.5539569830905,79.02904645356634,56.52491052952416,275.107913966181,166.05809290713268,109.04982105904833,280.3182543381572,176.47877365108505,103.83948068707215,3.0754791288985643,59.60038965842273,56.52491052952416,False,True,False,True
100,119,Horstmann,137.0523232097852,88.95176280229236,48.10056040749282,278.1046464195704,185.9035256045848,92.20112081498559,283.3149867915466,196.3242063485371,86.99078044300947,1.5771129022038792,49.6776733096967,48.10056040749282,False,True,False,True
100,120,Horstmann,134.32695366416107,125.7828081776204,8.544145486540671,272.65390732832213,259.5656163552408,13.088290973081314,277.86424770029834,269.9862970991932,7.877950601105113,4.302482447827998,12.84662793436867,8.544145486540671,False,True,False,True
100,121,Horstmann,129.66716540993727,107.30610278012897,22.361062629808302,263.33433081987454,222.612205560258,40.72212525961655,268.54467119185074,233.0328863042103,35.51178488764043,8.962270702051796,31.3233333318601,22.361062629808302,False,True,False,True
100,122,Horstmann,131.99595288552663,127.85634505267308,4.139607832853557,267.99190577105327,263.71269010534616,4.279215665707113,273.20224614302947,274.1333708492985,-0.9311247062690313,6.633483226462431,10.773091059315988,4.139607832853557,False,True,True,False
100,123,Horstmann,137.75905371062467,136.03620552701693,1.7228481836077378,279.51810742124934,280.07241105403386,-0.5543036327845243,284.72844779322554,290.4930917979862,-5.764644004760669,0.8703824013643953,2.593230584972133,1.7228481836077378,True,False,True,False
100,124,Horstmann,130.2005100758067,90.4350773471455,39.76543272866121,264.4010201516134,188.870154694291,75.53086545732242,269.6113605235896,199.29083543824336,70.32052508534625,8.42892603618236,48.19435876484357,39.76543272866121,False,True,False,True
100,125,Horstmann,130.1818059455244,125.5546147633572,4.627191182167195,264.3636118910488,259.10922952671444,5.254382364334333,269.573952263025,269.5299102706668,0.04404199235818851,8.447630166464677,13.074821348631858,4.627191182167181,False,True,False,True
100,126,Horstmann,131.2910980319702,121.58463600965668,9.706462022313517,266.5821960639404,251.16927201931333,15.412924044627061,271.7925364359166,261.5899527632657,10.20258367265086,7.338338080018872,17.044800102332374,9.706462022313502,False,True,False,True
100,127,Horstmann,137.3728055068307,120.22949489374226,17.143310613088445,278.7456110136614,248.4589897874845,30.28662122617689,283.9559513856376,258.8796705314369,25.076280854200718,1.2566306051583638,18.39994121824681,17.143310613088445,False,True,False,True
100,128,Horstmann,72.54879586399247,70.22709795173995,2.3216979122525174,149.09759172798493,148.4541959034799,0.6433958245050349,154.3079320999611,158.87487664743227,-4.5669445474711665,66.0806402479966,68.40233816024912,2.3216979122525174,False,True,True,False
100,129,Horstmann,134.28297098618694,131.04900998861177,3.233960997575167,272.5659419723739,270.09801997722354,2.467921995150334,277.7762823443501,280.5187007211759,-2.7424183768258104,4.346465125802126,7.580426123377293,3.233960997575167,False,True,True,False
100,130,Horstmann,102.4538501312942,75.2777563008254,27.1760938304688,208.9077002625884,158.5555126016508,50.3521876609376,214.1180406345645,168.97619334560318,45.141847288961316,36.17558598069488,63.35167981116366,27.17609383046878,False,True,False,True
100,131,Horstmann,134.07502881756463,120.40951223058026,13.665516586984367,272.15005763512926,248.81902446116047,23.33103317396879,277.36039800710546,259.2397052051129,18.12069280199256,4.554407294424436,18.219923881408803,13.665516586984367,False,True,False,True
100,132,Horstmann,130.40855807294392,129.13675965594985,1.2717984169940735,264.81711614588784,266.2735193118997,-1.456403166011853,270.02745651786404,276.69420005585204,-6.666743537987998,8.220878039045147,9.49267645603922,1.2717984169940735,True,False,True,False
100,133,Horstmann,118.08871364251924,83.04443136119681,35.044282281322424,240.17742728503848,174.08886272239363,66.08856456264485,245.38776765701465,184.509543466346,60.87822419066865,20.540722469469827,55.58500475079225,35.044282281322424,False,True,False,True
100,134,Horstmann,138.62943611198918,137.13225720790663,1.4971789040825456,281.2588722239784,282.26451441581327,-1.005642191834852,286.46921259595456,292.6851951597656,-6.215982563811053,-1.1368683772161605e-13,1.497178904082432,1.4971789040825456,True,False,True,False
100,135,Horstmann,81.78375280691253,79.85799221603757,1.9257605908749582,167.56750561382506,167.71598443207515,-0.14847881825008358,172.77784598580124,178.13666517602752,-5.358819190226285,56.84568330507653,58.77144389595149,1.9257605908749653,True,False,True,False
100,136,Horstmann,122.46089983234182,114.06323313533352,8.397666697008304,248.92179966468365,236.12646627066704,12.795333394016609,254.13214003665985,246.5471470146194,7.584993022040436,16.168536279647242,24.566202976655543,8.397666697008301,False,True,False,True
100,137,Horstmann,129.1739916113429,112.22906423763364,16.944927373709262,262.3479832226858,232.4581284752673,29.889854747418497,267.558323594662,242.87880921921968,24.679514375442324,9.455444500646166,26.40037187435541,16.944927373709245,False,True,False,True
100,138,Horstmann,130.31774279509935,127.07433136557906,3.243411429520293,264.6354855901987,262.1486627311581,2.4868228590406147,269.8458259621749,272.5693434751105,-2.7235175129355866,8.311693316889716,11.55510474641001,3.243411429520293,False,True,True,False
100,139,Horstmann,136.23248579382852,121.25371767663816,14.978768117190356,276.46497158765703,250.50743535327635,25.957536234380683,281.67531195963323,260.9281160972287,20.74719586240451,2.396950318160549,17.37571843535089,14.978768117190342,False,True,False,True
100,140,Horstmann,129.99515816824197,79.00947297171118,50.985685196530795,263.99031633648394,166.01894594342235,97.97137039306159,269.20065670846014,176.43962668737473,92.76103002108542,8.634277943747094,59.61996314027789,50.985685196530795,False,True,False,True
100,141,Horstmann,138.478995543268,106.48688543309596,31.99211011017205,280.957991086536,220.9737708661919,59.98422022034413,286.1683314585122,231.39445161014427,54.773879848367955,0.1504405687210521,32.14255067889312,31.99211011017207,False,True,False,True
100,142,Horstmann,104.97519683728642,104.03712369653717,0.9380731407492533,213.95039367457284,216.0742473930744,-2.1238537185015502,219.160734046549,226.4949281370267,-7.334194090477695,33.65423927470265,34.5923124154519,0.9380731407492533,True,False,True,False
100,143,Horstmann,135.24141682573477,131.91965226919135,3.321764556543428,274.48283365146955,271.83930453838275,2.6435291130867995,279.6931740234457,282.2599852823351,-2.566811258889402,3.388019286254292,6.709783842797691,3.321764556543399,False,True,True,False
100,144,Horstmann,130.3806069959923,93.86117893025668,36.519428065735625,264.7612139919846,195.7223578605133,69.0388561314713,269.9715543639608,206.1430386044657,63.82851575949513,8.248829115996756,44.7682571817324,36.519428065735646,False,True,False,True
100,145,Horstmann,138.62943611198918,89.42504291953931,49.20439319244987,281.2588722239784,186.85008583907864,94.40878638489977,286.46921259595456,197.270766583031,89.19844601292357,-1.1368683772161605e-13,49.20439319244976,49.20439319244987,False,True,False,True
100,146,Horstmann,137.3749379339709,131.1051880459424,6.269749888028485,278.7498758679418,270.2103760918848,8.53949977605697,283.960216239918,280.6310568358372,3.3291594040807695,1.2544981780181672,7.524248066046653,6.269749888028485,False,True,False,True
100,147,Horstmann,131.67817220377626,126.57009167132108,5.108080532455176,267.3563444075525,261.14018334264216,6.216161064910352,272.5666847795287,271.5608640865945,1.0058206929342077,6.951263908212809,12.059344440667983,5.108080532455174,False,True,False,True
100,148,Horstmann,135.25242442846888,130.19878571459432,5.053638713874562,274.50484885693777,268.39757142918864,6.107277427749125,279.715189228914,278.818252173141,0.8969370557730372,3.3770116835201804,8.430650397394743,5.053638713874562,False,True,False,True
100,149,Horstmann,108.1052789940738,102.120151317865,5.985127676208805,220.2105579881476,212.24030263573,7.97025535241761,225.42089836012377,222.6609833796824,2.75991498044138,30.524157117915266,36.50928479412407,5.985127676208805,False,True,False,True
100,150,Horstmann,137.6163211503506,136.65428311938922,0.9620380309613665,279.2326423007012,281.30856623877844,-2.075923938077267,284.4429826726774,291.7292469827308,-7.2862643100534115,1.013114961638479,1.9751529925998448,0.9620380309613659,True,False,True,False
100,151,Horstmann,127.44302733778537,105.916099676002,21.52692766178336,258.88605467557073,219.832199352004,39.05385532356672,264.09639504754693,230.2528800959564,33.84351495159052,11.1864087742037,32.71333643598706,21.52692766178336,False,True,False,True
100,152,Horstmann,138.62943611198918,116.06494290458495,22.564493207404226,281.2588722239784,240.1298858091699,41.12898641480851,286.46921259595456,250.55056655312228,35.91864604283228,-1.1368683772161605e-13,22.564493207404112,22.564493207404226,False,True,False,True
100,153,Horstmann,136.79210276394792,118.70126721897311,18.09083554497481,277.58420552789585,245.40253443794623,32.18167108994962,282.79454589987205,255.8232151818986,26.971330717973444,1.8373333480411416,19.92816889301595,18.09083554497481,False,True,False,True
100,154,Horstmann,133.45629119231302,100.05508275388956,33.40120843842345,270.91258238462603,208.1101655077792,62.80241687684685,276.12292275660224,218.5308462517315,57.59207650487073,5.173144919676048,38.5743533580995,33.40120843842345,False,True,False,True
100,155,Horstmann,131.34131191864913,78.52240900957898,52.81890290907015,266.68262383729825,165.04481801915796,101.6378058181403,271.89296420927445,175.46549876311033,96.42746544616412,7.288124193339939,60.107027102410086,52.81890290907015,False,True,False,True
100,156,Horstmann,138.62943611198918,138.53855140296827,0.09088470902091217,281.2588722239784,285.07710280593653,-3.818230581958119,286.46921259595456,295.4977835498889,-9.02857095393432,-1.1368683772161605e-13,0.0908847090207984,0.09088470902091209,True,False,True,False
100,157,Horstmann,108.5308847098786,102.7390204148534,5.791864295025206,221.0617694197572,213.4780408297068,7.583728590050413,226.27210979173336,223.8987215736592,2.3733882180741546,30.09855140211046,35.89041569713568,5.791864295025221,False,True,False,True
100,158,Horstmann,138.62943611198918,69.1170659365088,69.51237017548038,281.2588722239784,146.2341318730176,135.02474035096083,286.46921259595456,156.65481261696996,129.8143999789846,-1.1368683772161605e-13,69.51237017548027,69.51237017548038,False,True,False,True
100,159,Horstmann,135.49084534534694,128.38184521203402,7.109000133312918,274.9816906906939,264.76369042406805,10.218000266625836,280.1920310626701,275.1843711680204,5.0076598946496915,3.1385907666421247,10.247590899955044,7.10900013331292,False,True,False,True
100,160,Horstmann,114.86571702801643,47.77313236300786,67.09258466500857,233.73143405603287,103.54626472601572,130.18516933001715,238.94177442800904,113.9669454699681,124.97482895804094,23.76371908397263,90.8563037489812,67.09258466500857,False,True,False,True
100,161,Horstmann,133.5961355014787,100.99979100470514,32.596344496773554,271.1922710029574,209.9995820094103,61.19268899354711,276.4026113749336,220.42026275336264,55.982348621570964,5.033300610510366,37.62964510728392,32.596344496773554,False,True,False,True
100,162,Horstmann,77.902753567486,66.85966370496185,11.043089862524155,159.805507134972,141.7193274099237,18.08617972504831,165.01584750694818,152.14000815387607,12.87583935307211,60.72668254450306,71.76977240702722,11.043089862524155,False,True,False,True
100,163,Kjome,138.5489013239004,137.51654526314758,1.032356060752818,281.0978026478008,283.03309052629515,-1.9352878784943641,286.308143019777,293.4537712702475,-7.145628250470509,0.0805347880886699,1.112890848841488,1.032356060752818,True,False,True,False
100,164,Kjome,135.8461112456614,131.6258270603025,4.220284185358906,275.6922224913228,271.251654120605,4.440568370717813,280.902562863299,281.67233486455734,-0.7697720012583318,2.7833248663276606,7.003609051686567,4.220284185358906,False,True,True,False
100,165,Kjome,136.59170343658155,122.81411729290764,13.777586143673915,277.1834068731631,253.6282345858153,23.5551722873478,282.3937472451393,264.0489153297677,18.34483191537163,2.037732675407512,15.815318819081412,13.7775861436739,False,True,False,True
100,166,Kjome,131.97577658022465,118.7269811322426,13.248795447982047,267.9515531604493,245.4539622644852,22.497590895964095,273.1618935324255,255.8746430084376,17.287250523987893,6.6536595317644185,19.902454979746462,13.248795447982044,False,True,False,True
100,167,Kjome,123.74258327697628,68.61256845399176,55.13001482298452,251.48516655395252,145.2251369079835,106.26002964596901,256.6955069259288,155.6458176519359,101.0496892739929,14.886852835012776,70.01686765799731,55.130014822984535,False,True,False,True
100,168,Kjome,126.24700949613845,120.9747887936682,5.27222070247025,256.4940189922769,249.9495775873364,6.5444414049405,261.7043593642531,260.3702583312888,1.33410103296427,12.38242661585062,17.65464731832087,5.272220702470248,False,True,False,True
100,169,Kjome,131.66138362910957,72.46258561724264,59.19879801186693,267.3227672582192,152.92517123448528,114.39759602373391,272.53310763019533,163.34585197843765,109.18725565175768,6.9680524828795,66.16685049474643,59.19879801186693,False,True,False,True
100,170,Kjome,124.27340939576784,93.39763540497248,30.875773990795366,252.54681879153569,194.79527080994492,57.75154798159076,257.75715916351186,205.21595155389736,52.5412076096145,14.356026716221225,45.231800707016575,30.875773990795352,False,True,False,True
100,171,Kjome,136.999725784378,130.24795399024612,6.7517717941318836,277.999451568756,268.49590798049223,9.503543588263767,283.2097919407322,278.9165887244446,4.293203216287623,1.6297103276110647,8.381482121742948,6.7517717941318836,False,True,False,True
100,172,Kjome,131.98003961356082,115.41427302312098,16.565766590439836,267.96007922712164,238.828546046242,29.131533180879643,273.17041959909784,249.2492267901944,23.92119280890344,6.649396498428246,23.21516308886808,16.565766590439836,False,True,False,True
100,173,Kjome,116.6575924700265,109.46415370748952,7.193438762536985,237.315184940053,226.92830741497903,10.38687752507397,242.5255253120292,237.34898815893143,5.176537153097769,21.971843641962565,29.165282404499536,7.193438762536971,False,True,False,True
100,174,Kjome,136.77533630949625,132.19214289452205,4.583193414974204,277.55067261899245,272.3842857890441,5.166386829948351,282.76101299096865,282.80496653299645,-0.043953542027793446,1.85409980249284,6.437293217467015,4.5831934149741755,False,True,True,False
100,175,Kjome,138.62943611198918,127.50146206012124,11.127974051867938,281.2588722239784,263.0029241202425,18.255948103735932,286.46921259595456,273.42360486419483,13.04560773175973,-1.1368683772161605e-13,11.127974051867838,11.127974051867952,False,True,False,True
100,176,Kjome,118.27675941584044,116.2704532395119,2.0063061763285504,240.5535188316809,240.5409064790238,0.0126123526571007,245.76385920365703,250.96158722297616,-5.197728019319129,20.35267669614862,22.35898287247717,2.0063061763285504,False,True,True,False
100,177,Kjome,121.65421977305382,112.79957069101188,8.854649082041945,247.30843954610765,233.59914138202373,13.709298164083918,252.51877991808385,244.0198221259761,8.498957792107745,16.97521633893524,25.8298654209772,8.85464908204196,False,True,False,True
100,178,Kjome,123.63000653741132,121.85552135983043,1.7744851775808854,251.26001307482264,251.7110427196609,-0.4510296448382576,256.4703534467988,262.13172346361324,-5.6613700168144305,14.999429574577746,16.773914752158618,1.7744851775808712,True,False,True,False
100,179,Kjome,135.8461112456614,131.6258270603025,4.220284185358906,275.6922224913228,271.251654120605,4.440568370717813,280.902562863299,281.67233486455734,-0.7697720012583318,2.7833248663276606,7.003609051686567,4.220284185358906,False,True,True,False
100,180,Kjome,128.12808337561685,127.5911951535229,0.5368882220939497,260.2561667512337,263.1823903070458,-2.9262235558121006,265.4665071232099,273.6030710509981,-8.136563927788188,10.501352736372212,11.038240958466162,0.5368882220939497,True,False,True,False
100,181,Kjome,138.62943611198918,138.62943611195405,3.512923285597935e-11,281.2588722239784,285.2588722239081,-3.9999999999296847,286.46921259595456,295.67955296786045,-9.210340371905886,-1.1368683772161605e-13,3.501554601825774e-11,3.512923285597935e-11,True,False,True,False
100,182,Maia,121.86869300448818,120.88315490161884,0.9855381028693415,247.7373860089764,249.76630980323768,-2.0289237942612885,252.94772638095253,260.18699054719,-7.23926416623749,16.760743107500886,17.746281210370228,0.9855381028693415,True,False,True,False
100,183,Maia,124.17143951418883,121.14796624628868,3.023473267900158,252.34287902837767,250.29593249257732,2.0469465358003447,257.55321940035384,260.7166132365297,-3.163393836175885,14.457996597800232,17.481469865700376,3.023473267900144,False,True,True,False
100,184,Maia,124.83025643036262,124.68695025319325,0.14330617716937866,253.66051286072525,257.37390050638646,-3.7133876456612143,258.87085323270145,267.7945812503388,-8.923728017637359,13.79917968162644,13.942485858795834,0.14330617716939464,True,False,True,False
100,185,Maia,127.60628506355155,115.0893932483393,12.516891815212247,259.2125701271032,238.1787864966786,21.033783630424608,264.4229104990793,248.599467240631,15.823443258448322,11.023151048437498,23.54004286364976,12.516891815212261,False,True,False,True
100,186,Maia,136.56422955176242,135.12121708281677,1.4430124689456534,277.12845910352485,278.24243416563354,-1.1139750621086932,282.33879947550105,288.6631149095859,-6.324315434084838,2.065206560226642,3.5082190291722952,1.4430124689456534,True,False,True,False
100,187,Maia,120.20864043207236,105.48012821684152,14.728512215230836,244.41728086414471,218.96025643368304,25.457024430461672,249.6276212361209,229.38093717763545,20.246684058485442,18.420795679916708,33.149307895147544,14.728512215230836,False,True,False,True
100,188,Maia,98.94671371762352,89.6632051112592,9.283508606364322,201.89342743524705,187.3264102225184,14.567017212728643,207.1037678072232,197.7470909664708,9.356676840752385,39.68272239436554,48.96623100072986,9.283508606364322,False,True,False,True
100,189,Maia,137.93671339996828,120.59254261755612,17.344170782412164,279.87342679993657,249.18508523511224,30.688341564824327,285.0837671719128,259.6057659790646,25.47800119284824,0.6927227120207817,18.036893494432945,17.344170782412164,False,True,False,True
100,190,Maia,138.62943611198918,121.5816825729805,17.04775353900868,281.2588722239784,251.163365145961,30.09550707801742,286.46921259595456,261.58404588991334,24.88516670604122,-1.1368683772161605e-13,17.047753539008568,17.04775353900868,False,True,False,True
100,191,Maia,137.97688103681915,134.30855330408286,3.6683277327362873,279.9537620736383,276.6171066081657,3.3366554654725746,285.1641024456145,287.0377873521181,-1.87368490650357,0.6525550751699143,4.320882807906202,3.6683277327362873,False,True,True,False
100,192,Maia,135.7714283903231,121.50875803447089,14.262670355852222,275.5428567806462,251.0175160689417,24.52534071170453,280.7531971526224,261.4381968128941,19.31500033972833,2.858007721665956,17.120678077518193,14.262670355852237,False,True,False,True
100,193,Maia,75.99100849018836,73.47085238161615,2.520156108572209,155.98201698037673,154.9417047632323,1.0403122171444181,161.1923573523529,165.36238550718468,-4.170028154831783,62.6384276218007,65.15858373037291,2.520156108572209,False,True,True,False
100,194,Maia,22.364410383313803,17.737015283581158,4.627395099732645,48.72882076662761,43.47403056716232,5.254790199465283,53.939161138603794,53.89471131111468,0.044449827489110305,116.26502572867524,120.89242082840792,4.627395099732681,False,True,False,True
100,195,Maia,100.4043022012355,94.0793229527995,6.324979248435994,204.808604402471,196.158645905599,8.649958496871989,210.0189447744472,206.57932664955132,3.4396181248958726,38.22513391075357,44.55011315918957,6.3249792484360015,False,True,False,True
100,196,Maia,100.5214426945092,92.92653994364846,7.59490275086074,205.0428853890184,193.85307988729693,11.18980550172148,210.25322576099447,204.2737606312493,5.979465129745165,38.10799341747988,45.7028961683406,7.594902750860719,False,True,False,True
100,197,Maia,138.49256431075258,122.2305032479836,16.26206106276898,280.9851286215052,252.4610064959672,28.524122125538014,286.19546899348137,262.8816872399196,23.313781753561784,0.1368718012364809,16.398932864005474,16.262061062768993,False,True,False,True
100,198,Maia,113.50120982389726,46.52505618102803,66.97615364286924,231.0024196477945,101.05011236205604,129.95230728573847,236.21276001977068,111.4707931060084,124.74196691376228,25.12822628809181,92.10437993096104,66.97615364286924,False,True,False,True
100,199,Maia,137.94783233720486,134.5745847265494,3.3732476106554543,279.8956646744097,277.1491694530988,2.7464952213109086,285.1060050463859,287.56985019705115,-2.463845150665236,0.6816037747842074,4.054851385439662,3.3732476106554543,False,True,True,False
100,200,Maia,102.0616504578651,90.40036267167083,11.661287786194265,208.1233009157302,188.80072534334167,19.32257557238853,213.3336412877064,199.22140608729404,14.112235200412357,36.567785654123966,48.22907344031823,11.661287786194265,False,True,False,True
100,201,Maia,136.93524836701914,134.86303732019067,2.072211046828471,277.8704967340383,277.72607464038134,0.14442209365694225,283.0808371060145,288.1467553843337,-5.065918278319202,1.6941877449699234,3.7663987917983945,2.072211046828471,False,True,True,False
100,202,Maia,131.8496318551973,122.03435092506788,9.815280930129404,267.6992637103946,252.0687018501357,15.630561860258865,272.9096040823708,262.4893825940881,10.420221488282664,6.779804256791778,16.595085186921196,9.815280930129418,False,True,False,True
100,203,Maia,136.74397596182297,133.35169088754807,3.392285074274895,277.48795192364594,274.70338177509615,2.78457014854979,282.69829229562214,285.1240625190485,-2.4257702234263547,1.8854601501660968,5.277745224440992,3.392285074274896,False,True,True,False
100,204,Maia,90.47138052108927,89.18869540486989,1.2826851162193833,184.94276104217852,186.37739080973972,-1.434629767561205,190.15310141415475,196.79807155369213,-6.644970139537378,48.15805559089978,49.440740707119176,1.2826851162193975,True,False,True,False
100,205,Maia,138.3088852137198,135.51948197117656,2.7894032425432442,280.6177704274396,279.0389639423531,1.5788064850864885,285.8281107994158,289.45964468630547,-3.631533886889656,0.3205508982692606,3.109954140812505,2.7894032425432442,False,True,True,False
100,206,Maia,79.86173301442068,73.84390119497944,6.017831819441241,163.72346602884136,155.68780238995888,8.035663638882482,168.93380640081753,166.10848313391125,2.825323266906281,58.76770309756839,64.78553491700963,6.017831819441234,False,True,False,True
100,207,Maia,105.12820310929835,94.3368175220336,10.791385587264756,214.2564062185967,196.6736350440672,17.582771174529512,219.46674659057288,207.0943157880196,12.372430802553282,33.50123300269071,44.29261858995547,10.791385587264756,False,True,False,True
100,208,Maia,127.38055144824985,121.49140529396382,5.889146154286024,258.76110289649966,250.98281058792764,7.77829230857202,263.97144326847587,261.40349133188,2.5679519365958754,11.248884663739233,17.138030818025243,5.88914615428601,False,True,False,True
100,209,Maia,135.3927434467059,131.2857676274122,4.1069758192936945,274.7854868934118,270.5715352548244,4.213951638587389,279.995827265388,280.9922159987768,-0.9963887333888124,3.236692665283158,7.343668484576852,4.106975819293694,False,True,True,False
100,210,Maia,47.93329358147895,47.01287992831971,0.9204136531592368,99.8665871629579,102.02575985663944,-2.1591726936815405,105.07692753493409,112.4464406005918,-7.3695130656577135,90.69614253051012,91.61655618366936,0.920413653159244,True,False,True,False
100,211,Maia,138.62943611198918,132.22121065072432,6.408225461264863,281.2588722239784,272.44242130144863,8.816450922529782,286.46921259595456,282.863102045401,3.6061105505535807,-1.1368683772161605e-13,6.408225461264749,6.408225461264863,False,True,False,True
100,212,Maia,138.20366535237804,123.57315440229314,14.630510950084897,280.4073307047561,255.14630880458628,25.261021900169794,285.6176710767323,265.56698954853863,20.05068152819365,0.4257707596110265,15.056281709695924,14.630510950084897,False,True,False,True
100,213,Maia,136.34453328211072,129.10904149944554,7.235491782665179,276.68906656422143,266.2180829988911,10.470983565330357,281.89940693619764,276.6387637428434,5.260643193354213,2.284902829878348,9.520394612543528,7.23549178266518,False,True,False,True
100,214,Maia,59.26670548804243,53.341222166909645,5.925483321132788,122.53341097608488,114.68244433381928,7.850966642265604,127.74375134806104,125.10312507777168,2.64062627028936,79.36273062394663,85.28821394507942,5.925483321132788,False,True,False,True
100,215,Maia,58.628381382939565,46.42013042419256,12.208250958747008,121.25676276587912,100.84026084838511,20.416501917494003,126.46710313785532,111.26094159233747,15.206161545517844,80.0010547290495,92.2093056877965,12.208250958747001,False,True,False,True
100,216,Maia,138.35345569177116,128.56148956939396,9.791966122377204,280.7069113835423,265.1229791387879,15.583932244754408,285.9172517555185,275.54365988274026,10.373591872778263,0.2759804202179055,10.06794654259511,9.791966122377204,False,True,False,True
100,217,Maia,137.00758917424108,133.09840926025913,3.9091799139819443,278.0151783484821,274.19681852051826,3.8183598279638318,283.22551872045835,284.6174992644706,-1.391980544012256,1.6218469377479892,5.5310268517299335,3.9091799139819443,False,True,True,False
100,218,Maia,131.2794602152208,114.44546500858142,16.833995206639386,266.5589204304416,236.89093001716284,29.667990413278773,271.7692608024178,247.3116107611152,24.457650041302628,7.349975896768257,24.183971103407643,16.833995206639386,False,True,False,True
100,219,Maia,117.80424538625182,116.67793915388556,1.126306232366261,239.60849077250364,241.3558783077711,-1.7473875352674497,244.81883114447984,251.77655905172347,-6.957727907243623,20.825190725737244,21.95149695810352,1.1263062323662751,True,False,True,False
100,220,Maia,96.9158546787228,86.99831218966006,9.91754248906274,197.8317093574456,181.9966243793201,15.83508497812548,203.04204972942176,192.41730512327248,10.624744606149278,41.71358143326627,51.63112392232901,9.91754248906274,False,True,False,True
100,221,Maia,132.53180149093006,122.95073376594512,9.581067724984948,269.06360298186013,253.90146753189023,15.162135449969895,274.2739433538364,264.3221482758426,9.95179507799378,6.097634621059001,15.678702346043949,9.581067724984948,False,True,False,True
100,222,SteingroverInPrep,136.7147910043767,134.7388463167395,1.9759446876371953,277.4295820087534,277.477692633479,-0.04811062472560934,282.6399223807296,287.89837337743137,-5.258450996701754,1.9146451076123585,3.8905897952495536,1.975944687637195,True,False,True,False
100,223,SteingroverInPrep,135.4560743452641,130.15883453243816,5.29723981282595,274.9121486905282,268.3176690648763,6.5944796256519,280.1224890625044,278.7383498088287,1.3841392536757553,3.173361766724952,8.470601579550902,5.29723981282595,False,True,False,True
100,224,SteingroverInPrep,124.35501284999206,110.60133108640716,13.753681763584908,252.71002569998413,229.2026621728143,23.507363527169815,257.9203660719603,239.6233429167667,18.297023155193614,14.274423261997,28.028105025581908,13.753681763584908,False,True,False,True
100,225,SteingroverInPrep,53.40817742320357,50.18658718408102,3.2215902391225484,110.81635484640714,108.37317436816204,2.4431804782450968,116.02669521838332,118.7938551121144,-2.767159893731076,85.2212586887855,88.44284892790805,3.2215902391225484,False,True,True,False
100,226,SteingroverInPrep,137.2153334323839,111.0978481628632,26.117485269520685,278.4306668647678,230.1956963257264,48.23497053904137,283.641007236744,240.61637706967875,43.024630167065226,1.414102679605179,27.53158794912588,26.1174852695207,False,True,False,True
100,227,SteingroverInPrep,123.75948999694864,96.63123847270388,27.12825152424476,251.5189799938973,201.26247694540777,50.25650304848952,256.7293203658735,211.6831576893601,45.046162676513404,14.86994611504042,41.99819763928518,27.12825152424476,False,True,False,True
100,228,SteingroverInPrep,132.45478821157056,106.8031874911758,25.651600720394754,268.9095764231411,221.6063749823516,47.30320144078951,274.1199167951173,232.027055726304,42.092861068813306,6.174647900418506,31.82624862081326,25.651600720394754,False,True,False,True
100,229,SteingroverInPrep,127.1425950113328,82.85168938961797,44.29090562171483,258.2851900226656,173.70337877923595,84.58181124342963,263.4955303946418,184.12405952318832,79.37147087145345,11.486841100656264,55.77774672237109,44.29090562171483,False,True,False,True
100,230,SteingroverInPrep,50.50403342465009,44.41611716964486,6.087916255005226,105.00806684930018,96.83223433928973,8.175832510010451,110.21840722127637,107.2529150832421,2.9654921380342643,88.12540268733898,94.2133189423442,6.087916255005226,False,True,False,True
100,231,SteingroverInPrep,86.5539184688482,73.10073801265008,13.453180456198112,177.1078369376964,154.20147602530017,22.906360912396224,182.31817730967256,164.62215676925254,17.696020540420022,52.07551764314087,65.52869809933898,13.453180456198112,False,True,False,True
100,232,SteingroverInPrep,130.68257817096676,57.82929433346466,72.8532838375021,265.3651563419335,123.65858866692932,141.7065676750042,270.57549671390973,134.0792694108817,136.49622730302804,7.946857941022301,80.8001417785244,72.8532838375021,False,True,False,True
100,233,SteingroverInPrep,129.2336900925751,128.81119210400885,0.4224979885662492,262.4673801851502,265.6223842080177,-3.1550040228675016,267.6777205571264,276.04306495197005,-8.365344394843646,9.395746019413965,9.818244007980212,0.42249798856624743,True,False,True,False
100,234,SteingroverInPrep,117.72711871867337,82.48207472097478,35.24504399769859,239.4542374373467,172.96414944194956,66.49008799539715,244.66457780932288,183.384830185902,61.27974762342089,20.902317393315712,56.147361391014286,35.24504399769857,False,True,False,True
100,235,SteingroverInPrep,116.82661284694744,90.92682882817816,25.89978401876928,237.65322569389485,189.85365765635632,47.799568037538535,242.86356606587103,200.2743384003087,42.58922766556233,21.80282326504164,47.702607283810906,25.899784018769267,False,True,False,True
100,236,SteingroverInPrep,138.62943611198918,125.42799139165122,13.20144472033796,281.2588722239784,258.85598278330247,22.40288944067595,286.46921259595456,269.2766635272548,17.192549068699748,-1.1368683772161605e-13,13.201444720337848,13.201444720337962,False,True,False,True
100,237,SteingroverInPrep,100.53707770077172,79.32430573777076,21.21277196300096,205.07415540154344,166.64861147554151,38.42554392600192,210.2844957735196,177.0692922194939,33.21520355402572,38.09235841121735,59.30513037421831,21.21277196300096,False,True,False,True
100,238,SteingroverInPrep,137.62255184048098,118.31087170214305,19.311680138337934,279.245103680962,244.6217434042861,34.623360276675925,284.45544405293816,255.04242414823844,29.413019904699723,1.0068842715080848,20.31856440984604,19.311680138337955,False,True,False,True
100,239,SteingroverInPrep,138.31703994767224,125.0659411122523,13.251098835419938,280.6340798953445,258.1318822245046,22.502197670839905,285.8444202673207,268.552562968457,17.291857298863704,0.3123961643168229,13.56349499973676,13.251098835419937,False,True,False,True
100,240,SteingroverInPrep,102.78585736145052,79.1988711125052,23.586986248945323,209.57171472290105,166.3977422250104,43.173972497890645,214.7820550948772,176.81842296896278,37.963632125914415,35.84357875053854,59.43056499948386,23.586986248945323,False,True,False,True
100,241,SteingroverInPrep,137.88506072319322,130.58279938808818,7.302261335105044,279.77012144638644,269.16559877617635,10.604522670210088,284.98046181836264,279.5862795201287,5.394182298233943,0.7443753887958451,8.046636723900889,7.302261335105044,False,True,False,True
100,242,SteingroverInPrep,138.62893211957086,138.5390245259817,0.08990759358917444,281.2578642391417,285.0780490519634,-3.820184812821651,286.4682046111179,295.4987297959157,-9.030525184797796,0.0005039924182028,0.0904115860073773,0.0899075935891745,True,False,True,False
100,243,SteingroverInPrep,138.3265894451931,119.57867430260464,18.747915142588454,280.6531788903862,247.1573486052093,33.49583028517688,285.8635192623624,257.5780293491617,28.285489913200706,0.3028466667959719,19.05076180938441,18.74791514258844,False,True,False,True
100,244,SteingroverInPrep,137.10164606261085,64.66981575808784,72.43183030452302,278.20329212522165,137.33963151617567,140.86366060904598,283.41363249719785,147.76031226012805,135.6533202370698,1.5277900493782397,73.95962035390123,72.43183030452299,False,True,False,True
100,245,SteingroverInPrep,135.56156050432946,110.57672715842666,24.9848333459028,275.1231210086589,229.15345431685333,45.9696666918056,280.3334613806352,239.5741350608057,40.75932631982948,3.0678756076596017,28.0527089535624,24.9848333459028,False,True,False,True
100,246,SteingroverInPrep,116.27454465010256,114.69755812149118,1.5769865286113713,236.5490893002052,237.3951162429824,-0.8460269427772005,241.7594296721813,247.81579698693477,-6.056367314753459,22.354891461886496,23.93187799049788,1.5769865286113856,True,False,True,False
100,247,SteingroverInPrep,123.88334510421964,87.07747363635835,36.805871467861294,251.7666902084393,182.1549472727167,69.61174293572259,256.9770305804155,192.57562801666907,64.40140256374642,14.746091007769422,51.55196247563072,36.805871467861294,False,True,False,True
100,248,SteingroverInPrep,63.351462982565,59.91747393020136,3.4339890523636427,130.70292596513,127.83494786040272,2.867978104727271,135.91326633710617,138.25562860435508,-2.342362267248916,75.27797312942407,78.7119621817877,3.4339890523636285,False,True,True,False
100,249,SteingroverInPrep,136.0039224163544,113.55490494249428,22.44901747386014,276.0078448327088,235.1098098849885,40.89803494772033,281.218185204685,245.53049062894087,35.68769457574416,2.625513695634652,25.07453116949479,22.44901747386014,False,True,False,True
100,250,SteingroverInPrep,134.0997985598369,123.57818678732886,10.521611772508038,272.1995971196738,255.1563735746577,17.043223545016104,277.40993749165,265.57705431861007,11.832883173039932,4.529637552152167,15.051249324660205,10.521611772508038,False,True,False,True
100,251,SteingroverInPrep,137.18362728636097,107.83164590927164,29.35198137708933,278.36725457272195,223.66329181854329,54.70396275417866,283.5775949446981,234.08397256249563,49.49362238220246,1.4458088256280917,30.79779020271744,29.35198137708935,False,True,False,True
100,252,SteingroverInPrep,126.79450735988976,117.49417261625383,9.30033474363593,257.58901471977947,242.9883452325077,14.600669487271773,262.7993550917557,253.40902597646007,9.3903291152956,11.834928752099316,21.135263495735217,9.3003347436359,False,True,False,True
100,253,SteingroverInPrep,135.2610341252001,82.0543518695761,53.206682255624,274.5220682504002,172.1087037391522,102.413364511248,279.7324086223764,182.52938448310456,97.20302413927183,3.3684019867889674,56.57508424241297,53.206682255624,False,True,False,True
100,254,SteingroverInPrep,66.486138644546,52.867244927390885,13.618893717155117,136.972277289092,113.73448985478176,23.23778743431025,142.18261766106818,124.15517059873414,18.027447062334033,72.14329746744306,85.76219118459818,13.618893717155117,False,True,False,True
100,255,SteingroverInPrep,138.62943611198918,136.55997274365183,2.0694633683373524,281.2588722239784,281.1199454873037,0.1389267366747049,286.46921259595456,291.54062623125606,-5.0714136353014965,-1.1368683772161605e-13,2.0694633683372103,2.069463368337324,False,True,True,False
100,256,SteingroverInPrep,97.63608859557982,87.5111862529444,10.124902342635423,199.27217719115964,183.0223725058888,16.249804685270846,204.4825175631358,193.4430532498412,11.039464313294587,40.99334751640925,51.11824985904467,10.124902342635416,False,True,False,True
100,257,SteingroverInPrep,133.34924776169456,88.04875788837789,45.300489873316664,270.6984955233891,184.09751577675576,86.60097974663336,275.9088358953653,194.51819652070816,81.39063937465716,5.280188350294509,50.58067822361117,45.300489873316664,False,True,False,True
100,258,SteingroverInPrep,44.12332820257135,40.81446376784474,3.3088644347266083,92.2466564051427,89.62892753568948,2.6177288694532166,97.45699677711887,100.04960827964186,-2.592611502522985,94.50610790941772,97.81497234414432,3.308864434726601,False,True,True,False
100,259,SteingroverInPrep,127.89358796046945,107.4322886666757,20.461299293793743,259.78717592093886,222.8645773333514,36.92259858758746,264.99751629291507,233.28525807730372,31.712258215611342,10.735848151519631,31.19714744531336,20.46129929379373,False,True,False,True
100,260,SteingroverInPrep,126.60235519952356,111.79156310316466,14.810792096358895,257.20471039904714,231.58312620632933,25.62158419271782,262.4150507710233,242.0038069502817,20.41124382074159,12.027080912465507,26.837873008824403,14.810792096358895,False,True,False,True
100,261,SteingroverInPrep,135.03058982578315,77.60620510921066,57.42438471657249,274.0611796515663,163.21241021842133,110.84876943314498,279.2715200235425,173.6330909623737,105.63842906116881,3.5988462862059123,61.0232310027784,57.42438471657249,False,True,False,True
100,262,SteingroverInPrep,97.87944108972911,90.5313735397453,7.34806754998381,199.75888217945823,189.0627470794906,10.69613509996762,204.9692225514344,199.48342782344292,5.485794727991475,40.74999502225995,48.09806257224376,7.34806754998381,False,True,False,True
100,263,SteingroverInPrep,124.0970487557286,101.155493088686,22.941555667042593,252.1940975114572,210.310986177372,41.883111334085186,257.4044378834334,220.7316669213244,36.672770962108984,14.532387356260472,37.473943023303065,22.941555667042593,False,True,False,True
100,264,SteingroverInPrep,138.62943611198918,138.16112853039533,0.468307581593848,281.2588722239784,284.32225706079066,-3.063384836812247,286.46921259595456,294.742937804743,-8.273725208788449,-1.1368683772161605e-13,0.4683075815937343,0.468307581593848,True,False,True,False
100,265,SteingroverInPrep,137.32452614195643,126.5699855835391,10.754540558417332,278.64905228391285,261.1399711670782,17.509081116834636,283.85939265588905,271.56065191103056,12.298740744858492,1.3049099700326394,12.059450528449972,10.754540558417332,False,True,False,True
100,266,SteingroverInPrep,135.7424254100794,91.31845502240316,44.423970387676235,275.4848508201588,190.6369100448063,84.84794077535247,280.695191192135,201.0575907887587,79.6376004033763,2.8870107019096736,47.31098108958591,44.423970387676235,False,True,False,True
100,267,SteingroverInPrep,122.80393158825828,116.08650239449727,6.7174291937610064,249.60786317651656,240.1730047889945,9.43485838752207,254.8182035484928,250.5936855329469,4.224518015545897,15.825504523730784,22.542933717491792,6.717429193761008,False,True,False,True
100,268,SteingroverInPrep,138.62943611198918,138.6294361119475,4.1666226024972275e-11,281.2588722239784,285.258872223895,-3.9999999999166107,286.46921259595456,295.67955296784737,-9.210340371892812,-1.1368683772161605e-13,4.155253918725066e-11,4.1666226024972275e-11,True,False,True,False
100,269,SteingroverInPrep,41.51952130392822,33.924625842629695,7.5948954612985276,87.03904260785644,75.84925168525939,11.189790922597055,92.24938297983265,86.26993242921176,5.979450550620882,97.10991480806084,104.70481026935936,7.5948954612985204,False,True,False,True
100,270,SteingroverInPrep,132.05194394369948,64.2370794814981,67.81486446220138,268.10388788739897,136.4741589629962,131.62972892440277,273.3142282593752,146.89483970694857,126.41938855242665,6.577492168289581,74.39235663049097,67.81486446220138,False,True,False,True
100,271,SteingroverInPrep,136.42344369047515,124.08407344964252,12.339370240832636,276.8468873809503,256.16814689928503,20.678740481665272,282.0572277529265,266.5888276432374,15.468400109689128,2.205992421513912,14.545362662346548,12.339370240832636,False,True,False,True
100,272,SteingroverInPrep,81.31649425925676,66.64315775115742,14.67333650809934,166.6329885185135,141.28631550231484,25.34667301619868,171.8433288904897,151.7069962462672,20.136332644222477,57.31294185273231,71.98627836083165,14.67333650809934,False,True,False,True
100,273,SteingroverInPrep,126.52280632104444,115.4628229187936,11.059983402250836,257.0456126420889,238.9256458375872,18.119966804501672,262.2559530140651,249.3463265815396,12.90962643252547,12.106629790944623,23.16661319319546,11.059983402250836,False,True,False,True
100,274,SteingroverInPrep,138.46138005853098,131.61407190406646,6.847308154464514,280.922760117062,271.2281438081329,9.694616308929085,286.13310048903816,281.6488245520853,4.4842759369528835,0.1680560534580877,7.015364207922602,6.847308154464514,False,True,False,True
100,275,SteingroverInPrep,131.66644348856178,124.10081891700004,7.565624571561742,267.3328869771236,256.20163783400005,11.131249143123569,272.54322734909977,266.6223185779524,5.920908771147367,6.962992623427283,14.52861719498904,7.565624571561758,False,True,False,True
100,276,SteingroverInPrep,118.5932041161768,84.14243640071422,34.45076771546259,241.1864082323536,176.28487280142843,64.90153543092518,246.39674860432976,186.7055535453808,59.69119505894895,20.03623199581228,54.48699971127485,34.45076771546257,False,True,False,True
100,277,SteingroverInPrep,126.02452975577852,104.00296120543968,22.02156855033884,256.04905951155706,216.00592241087932,40.04313710067774,261.25939988353326,226.42660315483167,34.832796728701595,12.604906356210536,34.626474906549376,22.02156855033884,False,True,False,True
100,278,SteingroverInPrep,124.6303252913586,105.63102725030926,18.999298041049343,253.2606505827172,219.2620545006185,33.998596082098715,258.4709909546934,229.6827352445709,28.788255710122485,13.999110820630476,32.998408861679806,18.99929804104933,False,True,False,True
100,279,SteingroverInPrep,134.64603155858308,126.8007028569558,7.845328701627281,273.2920631171661,261.6014057139116,11.690657403254477,278.50240348914235,272.022086457864,6.480317031278332,3.9834045534059896,11.828733255033256,7.845328701627267,False,True,False,True
100,280,SteingroverInPrep,131.35880017833412,125.66987194934924,5.688928228984878,266.71760035666824,259.3397438986985,7.377856457969756,271.92794072864444,269.76042464265083,2.1675160859936113,7.270635933654944,12.959564162639822,5.688928228984878,False,True,False,True
100,281,SteingroverInPrep,134.84727796571454,120.97815952708616,13.869118438628377,273.6945559314291,249.9563190541723,23.73823687725678,278.9048963034053,260.37699979812464,18.527896505280637,3.7821581462745257,17.651276584902917,13.86911843862839,False,True,False,True
100,282,SteingroverInPrep,134.80503834331583,111.40962155261964,23.39541679069619,273.61007668663166,230.8192431052393,42.79083358139235,278.82041705860786,241.23992384919168,37.580493209416176,3.824397768673237,27.21981455936941,23.395416790696174,False,True,False,True
100,283,SteingroverInPrep,121.2702541177153,88.94295155669919,32.32730256101611,246.5405082354306,185.8859031133984,60.654605122032194,251.7508486074068,196.3065838573508,55.44426475005599,17.35918199427377,49.68648455528988,32.32730256101611,False,True,False,True
100,284,SteingroverInPrep,125.94148872253018,112.90553673480076,13.035951987729419,255.8829774450604,233.8110734696015,22.071903975458895,261.09331781703656,244.23175421355387,16.861563603482693,12.687947389458884,25.72389937718832,13.035951987729437,False,True,False,True
100,285,SteingroverInPrep,127.5551837530292,126.5535322677952,1.0016514852339924,259.1103675060584,261.10706453559044,-1.9966970295320152,264.32070787803457,271.5277452795428,-7.207037401508217,11.074252358959868,12.07590384419386,1.0016514852339924,True,False,True,False
100,286,SteingroverInPrep,138.06257316165102,128.06597512217394,9.996598039477078,280.12514632330203,264.1319502443479,15.993196078954156,285.33548669527823,274.5526309883002,10.782855706978012,0.5668629503380487,10.563460989815129,9.99659803947708,False,True,False,True
100,287,SteingroverInPrep,61.85808038803212,50.49850582545811,11.35957456257401,127.71616077606424,108.99701165091622,18.71914912514802,132.92650114804042,119.4176923948686,13.50880875317182,76.77135572395694,88.13093028653095,11.35957456257401,False,True,False,True
100,288,SteingroverInPrep,136.78462221314388,105.37136210241984,31.41326011072404,277.5692444262877,218.74272420483967,58.82652022144802,282.77958479826395,229.16340494879205,53.616179849471905,1.8448138988451888,33.25807400956923,31.41326011072404,False,True,False,True
100,289,SteingroverInPrep,134.02889872673458,130.41269105892582,3.616207667808766,272.0577974534692,268.82538211785163,3.2324153356175884,277.26813782544536,279.246062861804,-1.977925036358613,4.600537385254484,8.21674505306325,3.616207667808765,False,True,True,False
100,290,SteingroverInPrep,136.30899164531752,134.55289247989543,1.7560991654220857,276.61798329063504,277.10578495979087,-0.4878016691558287,281.82832366261124,287.5264657037432,-5.698142041131973,2.320444466671546,4.076543632093632,1.7560991654220857,True,False,True,False
100,291,SteingroverInPrep,93.62129637113556,68.82012146837778,24.80117490275778,191.2425927422711,145.64024293675556,45.60234980551556,196.4529331142473,156.06092368070793,40.39200943353936,45.00813974085351,69.80931464361129,24.80117490275778,False,True,False,True
100,292,Premkumar,138.62943611198918,100.59424658792936,38.03518952405982,281.2588722239784,209.1884931758587,72.07037904811972,286.46921259595456,219.60917391981107,66.86003867614349,-1.1368683772161605e-13,38.03518952405972,38.03518952405983,False,True,False,True
100,293,Premkumar,138.5252169105528,136.66231792056394,1.862898989988878,281.0504338211056,281.3246358411279,-0.27420202002224414,286.2607741930818,291.7453165850802,-5.4845423919984455,0.1042192014362797,1.9671181914251288,1.862898989988849,True,False,True,False
100,294,Premkumar,130.23029340260376,127.61233356886936,2.617959833734403,264.4605868052075,263.2246671377387,1.2359196674688064,269.6709271771837,273.64534788169107,-3.974420704507338,8.399142709385302,11.017102543119703,2.6179598337344014,False,True,True,False
100,295,Premkumar,110.59443851189098,106.62097175264256,3.9734667592484243,225.188877023782,221.24194350528512,3.946933518496877,230.3992173957581,231.6626242492375,-1.2634068534794096,28.03499760009808,32.008464359346505,3.9734667592484243,False,True,True,False
100,296,Premkumar,138.62943611198918,128.2115710952368,10.417865016752387,281.2588722239784,264.4231421904736,16.83573003350483,286.46921259595456,274.843822934426,11.625389661528573,-1.1368683772161605e-13,10.417865016752272,10.417865016752385,False,True,False,True
100,297,Premkumar,100.90514060587266,99.93845533983789,0.9666852660347729,205.8102812117453,207.87691067967577,-2.0666294679304826,211.0206215837215,218.2975914236281,-7.276969839906599,37.724295506116405,38.69098077215118,0.9666852660347729,True,False,True,False
100,298,Premkumar,131.12641229783372,83.48723649673148,47.63917580110224,266.25282459566745,174.97447299346297,91.27835160220448,271.46316496764365,185.3951537374153,86.06801123022834,7.503023814155341,55.14219961525758,47.63917580110224,False,True,False,True
100,299,Premkumar,101.79550804191004,99.68925172317851,2.106256318731525,207.59101608382008,207.37850344635703,0.21251263746304971,212.80135645579625,217.79918419030943,-4.99782773451318,36.83392807007903,38.940184388810536,2.1062563187315035,False,True,True,False
100,300,Premkumar,122.66623560541488,120.91945526943756,1.74678033597732,249.3324712108297,249.83891053887515,-0.5064393280454453,254.5428115828059,260.2595912828275,-5.71677970002159,15.963200506574196,17.709980842551502,1.7467803359773058,True,False,True,False
100,301,Premkumar,136.9631081831059,131.69868217585298,5.264426007252922,277.9262163662118,271.397364351706,6.528852014505787,283.136556738188,281.8180450956583,1.3185116425296997,1.6663279288831632,6.930753936136085,5.264426007252922,False,True,False,True
100,302,Premkumar,91.38454918684168,82.67403436996719,8.710514816874493,186.76909837368336,173.34806873993438,13.421029633748986,191.9794387456596,183.76874948388675,8.210689261772842,47.24488692514738,55.95540174202188,8.7105148168745,False,True,False,True
100,303,Premkumar,136.7714885231299,134.7283857954088,2.043102727721106,277.5429770462598,277.4567715908176,0.08620545544221159,282.753317418236,287.87745233476994,-5.124134916533933,1.8579475888591617,3.901050316580268,2.0431027277211062,False,True,True,False
100,304,Premkumar,116.4981964222156,105.50964321130596,10.988553210909643,236.99639284443123,219.019286422612,17.97710642181923,242.2067332164074,229.43996716656432,12.766766049843085,22.13123968977345,33.119792900683095,10.988553210909643,False,True,False,True
100,305,Premkumar,65.98318950751602,64.577034460904,1.4061550466120138,135.96637901503203,137.154068921808,-1.1876899067759723,141.1767193870082,147.57474966576038,-6.398030278752174,72.64624660447305,74.05240165108506,1.4061550466120138,True,False,True,False
100,306,Premkumar,114.42523258153108,91.543312625539,22.881919955992075,232.85046516306213,191.086625251078,41.76383991198412,238.0608055350384,201.5073059950304,36.553499540008005,24.20420353045797,47.08612348645006,22.881919955992092,False,True,False,True
100,307,Premkumar,109.98879758283137,103.635450539073,6.353347043758362,223.9775951656628,215.270901078146,8.70669408751678,229.1879355376389,225.6915818220984,3.4963537155404936,28.64063852915769,34.99398557291606,6.353347043758369,False,True,False,True
100,308,Premkumar,128.07008819992404,127.78849655366828,0.2815916462557624,260.1401763998481,263.57699310733653,-3.436816707488447,265.3505167718243,273.9976738512889,-8.647157079464591,10.559347912065022,10.840939558320798,0.2815916462557766,True,False,True,False
100,309,Premkumar,128.84157494345826,104.24653203597344,24.59504290748481,261.6831498869165,216.4930640719469,45.19008581496962,266.8934902588927,226.9137448158993,39.97974544299342,9.78786116853081,34.38290407601562,24.59504290748481,False,True,False,True
100,310,Premkumar,137.6724949591449,121.04518928045792,16.62730567868698,279.3449899182898,250.09037856091584,29.25461135737396,284.555330290266,260.5110593048682,24.044270985397816,0.9569411528441664,17.584246831531146,16.62730567868698,False,True,False,True
100,311,Premkumar,134.180122723505,125.43339045158083,8.746732271924174,272.36024544701,258.86678090316167,13.493464543848347,277.5705858189862,269.287461647114,8.283124171872203,4.449313388484057,13.196045660408233,8.746732271924175,False,True,False,True
100,312,Premkumar,128.05972158443132,127.11624802359871,0.9434735608326008,260.11944316886263,262.23249604719746,-2.113052878334827,265.32978354083883,272.6531767911498,-7.323393250310971,10.56971452755775,11.513188088390336,0.9434735608325866,True,False,True,False
100,313,Premkumar,131.09865560186947,128.65528277208097,2.443372829788501,266.19731120373893,265.31056554416193,0.8867456595770022,271.40765157571514,275.7312462881143,-4.323594712399142,7.530780510119598,9.9741533399081,2.443372829788501,False,True,True,False
100,314,Premkumar,99.77966821774704,96.37278322037996,3.4068849973670865,203.5593364354941,200.74556644076,2.8137699947340877,208.76967680747023,211.16624718471232,-2.396570377242085,38.84976789424202,42.25665289160909,3.4068849973670723,False,True,True,False
100,315,Premkumar,138.62943611198918,134.77166574478153,3.8577703672076495,281.2588722239784,277.54333148956306,3.715540734415356,286.46921259595456,287.9640122335154,-1.4947996375608454,-1.1368683772161605e-13,3.857770367207536,3.8577703672076495,False,True,True,False
100,316,Premkumar,102.0662206203798,88.3775705171268,13.688650103252996,208.1324412407596,184.7551410342536,23.377300206505993,213.3427816127358,195.175821778206,18.16695983452979,36.563215491609256,50.25186559486227,13.68865010325301,False,True,False,True
100,317,Wood,137.4474979362977,134.86836742002205,2.5791305162756544,278.8949958725954,277.7367348400441,1.1582610325513087,284.1053362445716,288.15741558399645,-4.052079339424836,1.1819381756913572,3.761068691967012,2.579130516275655,False,True,True,False
100,318,Wood,138.62943611198918,125.90209118909458,12.727344922894602,281.2588722239784,259.8041823781891,21.45468984578929,286.46921259595456,270.2248631221415,16.24434947381303,-1.1368683772161605e-13,12.727344922894488,12.727344922894602,False,True,False,True
100,319,Wood,138.62943611198918,134.01974967053806,4.609686441451117,281.2588722239784,276.0394993410761,5.219372882902292,286.46921259595456,286.46018008502847,0.009032510926090254,-1.1368683772161605e-13,4.609686441451004,4.609686441451117,False,True,False,True
100,320,Wood,138.37262532992582,137.32163480883102,1.0509905210948034,280.74525065985165,282.64326961766204,-1.8980189578103932,285.95559103182785,293.0639503616144,-7.108359329786538,0.2568107820632406,1.307801303158044,1.0509905210948034,True,False,True,False
100,321,Wood,138.14350666114345,130.7799598318033,7.363546829340152,280.2870133222869,269.5599196636066,10.727093658680303,285.4973536942631,279.98060040755894,5.516753286704159,0.4859294508456173,7.849476280185769,7.363546829340152,False,True,False,True
100,322,Wood,138.08159932045012,136.86383337099912,1.2177659494510067,280.16319864090025,281.72766674199823,-1.5644681010979866,285.37353901287645,292.1483474859506,-6.774808473074131,0.5478367915389413,1.765602740989948,1.2177659494510067,True,False,True,False
100,323,Wood,138.62943611198918,135.78714002936985,2.8422960826193275,281.2588722239784,279.5742800587397,1.684592165238712,286.46921259595456,289.99496080269205,-3.5257482067374895,-1.1368683772161605e-13,2.842296082619214,2.8422960826193275,False,True,True,False
100,324,Wood,138.60296038389362,136.75045922149118,1.852501162402433,281.20592076778723,281.5009184429824,-0.2949976751951908,286.41626113976344,291.9215991869347,-5.5053380471712785,0.0264757280954484,1.8789768904978807,1.8525011624024323,True,False,True,False
100,325,Wood,125.9484617168301,121.45472679977593,4.493734917054169,255.8969234336602,250.90945359955185,4.987469834108339,261.1072638056364,261.3301343435042,-0.22287053786777733,12.68097439515897,17.174709312213153,4.493734917054184,False,True,True,False
100,326,Wood,120.68803231336616,109.05379939967996,11.634232913686205,245.3760646267323,226.10759879935995,19.268465827372353,250.58640499870847,236.52827954331232,14.058125455396151,17.941403798622915,29.57563671230909,11.634232913686176,False,True,False,True
100,327,Wood,137.9799979854606,128.95437897566126,9.025619009799357,279.9599959709212,265.9087579513225,14.051238019598713,285.17033634289743,276.32943869527486,8.840897647622569,0.6494381265284517,9.675057136327808,9.025619009799357,False,True,False,True
100,328,Wood,138.62943611198918,138.6294361119756,1.3585577107733116e-11,281.2588722239784,285.2588722239512,-3.999999999972772,286.46921259595456,295.67955296790353,-9.210340371948973,-1.1368683772161605e-13,1.34718902700115e-11,1.3585577107733116e-11,True,False,True,False
100,329,Wood,137.05207647100525,122.04075841443353,15.011318056571724,278.1041529420105,252.08151682886705,26.02263611314345,283.3144933139867,262.5021975728194,20.812295741167304,1.5773596409838149,16.588677697555553,15.011318056571739,False,True,False,True
100,330,Wood,135.50925297329132,134.551479376455,0.9577735968363186,275.01850594658265,277.10295875291,-2.084452806327363,280.22884631855885,287.5236394968624,-7.294793178303564,3.1201831386977403,4.077956735534059,0.9577735968363186,True,False,True,False
100,331,Wood,137.5708704077785,136.61911400514686,0.951756402631645,279.141740815557,281.2382280102937,-2.09648719473671,284.3520811875332,291.65890875424606,-7.306827566712855,1.0585657042105652,2.01032210684221,0.951756402631645,True,False,True,False
100,332,Wood,110.56515431685838,103.14708187363672,7.418072443221661,225.1303086337168,214.29416374727344,10.83614488644335,230.3406490056929,224.7148444912258,5.62580451446712,28.06428179513068,35.48235423835236,7.4180724432216785,False,True,False,True
100,333,Wood,134.766741199907,133.4633789145936,1.3033622853133977,273.533482399814,274.9267578291872,-1.3932754293732046,278.7438227717902,285.3474385731395,-6.603615801349349,3.862694912082077,5.1660571973954745,1.3033622853133977,True,False,True,False
100,334,Wood,138.62943611198918,134.85674757020575,3.772688541783424,281.2588722239784,277.7134951404115,3.5453770835669047,286.46921259595456,288.13417588436386,-1.6649632884092966,-1.1368683772161605e-13,3.7726885417833103,3.772688541783424,False,True,True,False
100,335,Wood,134.02828642080527,133.0029245745384,1.0253618462668612,272.05657284161055,274.0058491490768,-1.9492763074662776,277.26691321358675,284.4265298930292,-7.159616679442479,4.601149691183792,5.626511537450654,1.0253618462668612,True,False,True,False
100,336,Wood,138.26796667897275,138.26356127016885,0.00440540880390472,280.5359333579455,284.5271225403377,-3.9911891823921906,285.7462737299217,294.94780328429005,-9.201529554368335,0.3614694330163104,0.3658748418202151,0.00440540880390472,True,False,True,False
100,337,Wood,138.59332217427075,136.13309164696702,2.460230527303736,281.1866443485415,280.26618329393403,0.9204610546074719,286.3969847205177,290.6868640378864,-4.289879317368673,0.0361139377183121,2.496344465022048,2.460230527303736,False,True,True,False
100,338,Wood,138.62943611198918,114.183848945292,24.44558716669718,281.2588722239784,236.367697890584,44.89117433339442,286.46921259595456,246.7883786345364,39.68083396141816,-1.1368683772161605e-13,24.445587166697067,24.44558716669718,False,True,False,True
100,339,Wood,122.51645543012536,105.03268916670324,17.483766263422126,249.03291086025072,218.06537833340647,30.967532526844252,254.2432512322269,228.48605907735885,25.75719215486805,16.112980681863704,33.59674694528583,17.483766263422126,False,True,False,True
100,340,Wood,138.62943611198918,138.0901873289078,0.5392487830813764,281.2588722239784,284.1803746578156,-2.9215024338371904,286.46921259595456,294.60105540176795,-8.131842805813392,-1.1368683772161605e-13,0.5392487830812627,0.5392487830813764,True,False,True,False
100,341,Wood,138.6134502246742,138.27180601279434,0.34164421187986704,281.2269004493484,284.5436120255887,-3.316711576240266,286.4372408213246,294.96429276954103,-8.52705194821641,0.015985887314855,0.3576300991947221,0.3416442118798671,True,False,True,False
100,342,Wood,135.48621465802128,134.3995166936917,1.0866979643295736,274.97242931604256,276.7990333873834,-1.826604071340853,280.1827696880188,287.21971413133576,-7.036944443316941,3.143221453967783,4.2299194182973565,1.0866979643295736,True,False,True,False
100,343,Wood,125.23945945538892,105.44773963605805,19.79171981933088,254.47891891077785,218.8954792721161,35.58343963866176,259.689259282754,229.31616001606844,30.373099266685557,13.389976656600156,33.181696475931034,19.79171981933088,False,True,False,True
100,344,Wood,121.72287470528028,121.44084423391205,0.28203047136823045,247.44574941056052,250.8816884678241,-3.4359390572635675,252.65608978253675,261.30236921177647,-8.646279429239712,16.906561406708775,17.18859187807702,0.28203047136824466,True,False,True,False
100,345,Wood,133.4232885814719,127.81564552390756,5.6076430575643315,270.84657716294373,263.6312910478151,7.215286115128606,276.05691753491993,274.05197179176747,2.0049457431524615,5.2061475305172,10.813790588081504,5.607643057564305,False,True,False,True
100,346,Wood,138.101175954888,133.19900812752513,4.9021678273628595,280.202351909776,274.39801625505027,5.804335654725719,285.4126922817522,284.8186969990026,0.5939952827495745,0.528260157101073,5.4304279844639325,4.9021678273628595,False,True,False,True
100,347,Wood,138.62943611198918,133.49960815776868,5.129827954220502,281.2588722239784,274.9992163155373,6.259655908441118,286.46921259595456,285.4198970594897,1.04931553646486,-1.1368683772161605e-13,5.129827954220389,5.129827954220502,False,True,False,True
100,348,Wood,138.62943611198918,133.5406985514134,5.088737560575765,281.2588722239784,275.0813971028268,6.177475121151588,286.46921259595456,285.5020778467792,0.9671347491753863,-1.1368683772161605e-13,5.088737560575652,5.088737560575765,False,True,False,True
100,349,Wood,108.61659081208812,79.82541032810704,28.79118048398108,221.23318162417627,167.65082065621408,53.58236096796219,226.44352199615244,178.07150140016643,48.372020595986015,30.01284529990093,58.804025783882025,28.791180483981094,False,True,False,True
100,350,Wood,116.08390590565756,113.21688825124532,2.867017654412237,236.16781181131515,234.43377650249064,1.7340353088245024,241.3781521832913,244.854457246443,-3.476305063151699,22.54553020633149,25.41254786074376,2.867017654412269,False,True,True,False
100,351,Wood,138.1789423079902,132.45943251981285,5.719509788177362,280.3578846159804,272.9188650396257,7.439019576354724,285.5682249879566,283.33954578357805,2.2286792043785795,0.4504938039988531,6.170003592176215,5.719509788177362,False,True,False,True
100,352,Wood,87.87516567732274,83.96691708897471,3.9082485883480302,179.75033135464548,175.93383417794942,3.8164971766960605,184.96067172662163,186.3545149219018,-1.3938431952801693,50.75427043466632,54.66251902301436,3.9082485883480444,False,True,True,False
100,353,Wood,126.77623926202568,123.48389018972247,3.2923490723032103,257.55247852405137,254.96778037944492,2.584698144606449,262.7628188960276,265.3884611233973,-2.625642227369667,11.853196849963382,15.145545922266578,3.292349072303196,False,True,True,False
100,354,Wood,132.588812783238,116.3460486841324,16.242764099105614,269.177625566476,240.6920973682648,28.485528198211227,274.3879659384522,251.1127781122172,23.275187826235026,6.040623328751053,22.283387427856667,16.242764099105614,False,True,False,True
100,355,Wood,137.97581516692284,136.64051187992288,1.3353032869999595,279.9516303338457,281.28102375984577,-1.329393426000081,285.1619707058219,291.7017045037981,-6.539733797976226,0.6536209450662227,1.9889242320661824,1.3353032869999597,True,False,True,False
100,356,Wood,138.62943611198918,138.62943611146656,5.226183930062689e-10,281.2588722239784,285.2588722229331,-3.9999999989547064,286.46921259595456,295.67955296688547,-9.210340370930908,-1.1368683772161605e-13,5.225047061685473e-10,5.226183930062689e-10,True,False,True,False
100,357,Wood,138.6064418821529,138.35315663122856,0.2532852509243355,281.2128837643058,284.7063132624571,-3.493429498151329,286.423224136282,295.12699400640946,-8.703769870127473,0.022994229836172,0.2762794807605075,0.2532852509243355,True,False,True,False
100,358,Wood,136.4320740856258,134.5086421139199,1.9234319717058952,276.8641481712516,277.0172842278398,-0.1531360565882096,282.0744885432278,287.43796497179216,-5.363476428564354,2.1973620263632654,4.120793998069161,1.9234319717058952,True,False,True,False
100,359,Wood,136.8619382019023,136.440957715387,0.4209804865153046,277.7238764038046,280.88191543077403,-3.1580390269694476,282.9342167757808,291.3025961747264,-8.368379398945592,1.7674979100867745,2.1884783966020507,0.4209804865152762,True,False,True,False
100,360,Wood,123.26877486220276,112.16671795666652,11.102056905536244,250.5375497244055,232.33343591333303,18.20411381107246,255.74789009638167,242.75411665728544,12.99377343909623,15.360661249786318,26.46271815532253,11.102056905536212,False,True,False,True
100,361,Wood,114.26831838054429,113.74229476025825,0.5260236202860398,232.53663676108857,235.4845895205165,-2.9479527594279205,237.74697713306475,245.90527026446884,-8.158293131404093,24.36111773144478,24.88714135173084,0.5260236202860611,True,False,True,False
100,362,Wood,105.69688984872889,99.2400119886926,6.456877860036286,215.3937796974577,206.4800239773852,8.913755720072487,220.60412006943392,216.9007047213376,3.703415348096314,32.93254626326019,39.38942412329647,6.456877860036279,False,True,False,True
100,363,Wood,136.42739268598692,115.36213430921944,21.065258376767474,276.85478537197383,238.72426861843888,38.13051675353495,282.06512574395003,249.14494936239123,32.920176381558804,2.202043426002149,23.26730180276964,21.065258376767492,False,True,False,True
100,364,Wood,138.62943611198918,138.62943611198918,0.0,281.2588722239784,285.2588722239784,-4.0,286.46921259595456,295.6795529679307,-9.210340371976145,-1.1368683772161605e-13,-1.1368683772161605e-13,0.0,True,False,True,False
100,365,Wood,137.99184509084975,136.33975009274505,1.652094998104701,279.9836901816995,280.6795001854901,-0.6958100037905979,285.1940305536757,291.10018092944244,-5.906150375766742,0.6375910211393148,2.289686019244016,1.652094998104701,True,False,True,False
100,366,Wood,138.62943611198918,137.43274132315898,1.1966947888302002,281.2588722239784,282.865482646318,-1.6066104223395996,286.46921259595456,293.2861633902703,-6.816950794315744,-1.1368683772161605e-13,1.1966947888300865,1.1966947888302002,True,False,True,False
100,367,Wood,104.63460797273564,76.06892147468234,28.565686498053296,213.2692159454713,160.13784294936468,53.13137299610662,218.47955631744748,170.55852369331706,47.92103262413042,33.994828139253414,62.56051463730672,28.565686498053303,False,True,False,True
100,368,Wood,138.16051486055014,130.3889856679533,7.77152919259683,280.3210297211003,268.7779713359066,11.54305838519366,285.5313700930765,279.19865207985896,6.332718013217516,0.4689212514389282,8.240450444035758,7.77152919259683,False,True,False,True
100,369,Wood,138.5382161562097,127.19200376465648,11.346212391553223,281.0764323124194,262.3840075293129,18.692424783106503,286.2867726843956,272.8046882732653,13.482084411130302,0.0912199557793655,11.437432347332589,11.346212391553223,False,True,False,True
100,370,Wood,138.62943611198918,138.25136863692688,0.378067475062295,281.2588722239784,284.50273727385377,-3.243865049875353,286.46921259595456,294.9234180178061,-8.454205421851555,-1.1368683772161605e-13,0.3780674750621813,0.378067475062295,True,False,True,False
100,371,Wood,124.70959641333032,110.94147287043864,13.768123542891672,253.41919282666063,229.8829457408773,23.536247085783344,258.62953319863686,240.3036264848297,18.32590671380717,13.919839698658734,27.68796324155042,13.768123542891686,False,True,False,True
100,372,Wood,136.66378209330006,132.55212010507898,4.111661988221073,277.3275641866001,273.104240210158,4.223323976442089,282.5379045585763,283.5249209541103,-0.987016395533999,1.9656540186890084,6.077316006910081,4.111661988221073,False,True,True,False
100,373,Wood,138.62943611198918,138.58732407802867,0.04211203396050678,281.2588722239784,285.17464815605734,-3.9157759320789296,286.46921259595456,295.5953289000097,-9.126116304055131,-1.1368683772161605e-13,0.042112033960393,0.04211203396050669,True,False,True,False
100,374,Wood,135.1459415306129,130.6754680561387,4.470473474474204,274.2918830612258,269.3509361122774,4.940946948948408,279.502223433202,279.77161685622974,-0.2693934230277364,3.4834945813761635,7.953968055850368,4.470473474474204,False,True,True,False
100,375,Wood,137.1089227408708,136.03976493429994,1.0691578065708711,278.2178454817416,280.0795298685999,-1.8616843868582578,283.4281858537178,290.5002106125522,-7.072024758834402,1.5205133711182557,2.5896711776891266,1.069157806570871,True,False,True,False
100,376,Wood,138.62943611198918,136.79762029930703,1.8318158126821515,281.2588722239784,281.59524059861405,-0.33636837463564007,286.46921259595456,292.0159213425664,-5.546708746611841,-1.1368683772161605e-13,1.8318158126820376,1.8318158126821513,True,False,True,False
100,377,Wood,73.61910159106931,62.17109767671988,11.448003914349428,151.23820318213862,132.34219535343976,18.896007828698856,156.4485435541148,142.76287609739214,13.685667456722655,65.01033452091976,76.45833843526918,11.448003914349428,False,True,False,True
100,378,Wood,136.1637264961282,122.09458182769949,14.069144668428706,276.3274529922564,252.1891636553989,24.138289336857497,281.5377933642326,262.6098443993513,18.927948964881296,2.465709615860874,16.534854284289594,14.06914466842872,False,True,False,True
100,379,Wood,109.66551045214582,97.82346338854904,11.84204706359678,223.33102090429165,203.6469267770981,19.68409412719356,228.54136127626785,214.0676075210505,14.47375375521736,28.96392565984324,40.80597272344002,11.84204706359678,False,True,False,True
100,380,Wood,124.89327276417188,118.36912849439446,6.524144269777423,253.78654552834377,244.7382569887889,9.048288539554875,258.99688590032,255.1589377327413,3.8379481675787304,13.736163347817184,20.26030761759461,6.524144269777425,False,True,False,True
100,381,Wood,110.48456946496896,103.57137370475564,6.913195760213313,224.969138929938,215.1427474095113,9.82639152042671,230.1794793019141,225.56342815346363,4.616051148450481,28.14486664702009,35.05806240723344,6.913195760213352,False,True,False,True
100,382,Wood,138.62943611198918,138.62943611161157,3.7761083149234764e-10,281.2588722239784,285.25887222322314,-3.9999999992447215,286.46921259595456,295.6795529671755,-9.210340371220923,-1.1368683772161605e-13,3.7749714465462603e-10,3.7761083149234764e-10,True,False,True,False
100,383,Wood,106.4871464330282,95.47721334708883,11.009933085939366,216.9742928660564,198.9544266941777,18.019866171878704,222.18463323803252,209.37510743813007,12.809525799902445,32.142289678960864,43.152222764900216,11.009933085939352,False,True,False,True
100,384,Wood,137.8169872988901,134.7043883351205,3.1125989637695852,279.6339745977802,277.408776670241,2.2251979275391705,284.8443149697564,287.82945741419337,-2.985142444436974,0.8124488130989675,3.9250477768685528,3.1125989637695852,False,True,True,False
100,385,Wood,117.4061665770067,114.61713225841338,2.7890343185933233,238.8123331540134,237.2342645168268,1.5780686371865897,244.0226735259896,247.6549452607792,-3.632271734789583,21.223269534982364,24.012303853575688,2.7890343185933233,False,True,True,False
100,386,Wood,137.42867165124366,136.2474734757799,1.1811981754637486,278.8573433024873,280.4949469515598,-1.6376036490725028,284.0676836744635,290.91562769551217,-6.847944021048647,1.200764460745404,2.3819626362091526,1.1811981754637486,True,False,True,False
100,387,Wood,132.42799062837238,122.129997515415,10.297993112957386,268.8559812567448,252.25999503083,16.595986225914828,274.06632162872097,262.68067577478234,11.385645853938627,6.201445483616681,16.499438596574066,10.297993112957386,False,True,False,True
100,388,Wood,137.48993314595154,129.47862817514394,8.0113049708076,278.9798662919031,266.9572563502879,12.022609941615201,284.1902066638793,277.3779370942402,6.8122695696390565,1.1395029660375258,9.150807936845126,8.0113049708076,False,True,False,True
100,389,Wood,138.62943611198918,114.35819075741068,24.271245354578497,281.2588722239784,236.71638151482136,44.54249070915705,286.46921259595456,247.1370622587737,39.33215033718085,-1.1368683772161605e-13,24.271245354578383,24.271245354578497,False,True,False,True
100,390,Wood,102.49319937815156,89.7618007964326,12.731398581718963,208.98639875630312,187.5236015928652,21.462797163437926,214.1967391282793,197.9442823368176,16.252456791461697,36.13623673383751,48.86763531555647,12.731398581718963,False,True,False,True
100,391,Wood,129.4941813049595,103.41149694597289,26.082684358986626,262.988362609919,214.8229938919457,48.16536871797331,268.1987029818952,225.2436746358981,42.955028345997135,9.135254807029554,35.217939166016194,26.08268435898664,False,True,False,True
100,392,Wood,137.35620402408966,136.7122436141123,0.6439604099773533,278.7124080481793,281.4244872282246,-2.7120791800452935,283.9227484201556,291.84516797217697,-7.922419552021381,1.2732320878994017,1.917192497876755,0.6439604099773533,True,False,True,False
100,393,Wood,136.15634345930306,135.950430129812,0.205913329491068,276.3126869186061,279.900860259624,-3.588173341017864,281.5230272905823,290.3215410035763,-8.798513712994009,2.473092652686006,2.679005982177074,0.205913329491068,True,False,True,False
100,394,Wood,116.52239121164352,104.99546052311354,11.526930688529987,237.04478242328705,217.99092104622707,19.053861377059974,242.2551227952632,228.41160179017945,13.843521005083744,22.107044900345542,33.63397558887553,11.526930688529987,False,True,False,True
100,395,Wood,137.11356226972984,122.3920813528137,14.721480916916136,278.2271245394597,252.7841627056274,25.44296183383227,283.4374649114359,263.20484344957976,20.232621461856127,1.515873842259225,16.23735475917536,14.721480916916136,False,True,False,True
100,396,Wood,131.62667293231536,128.19133302130462,3.435339911010743,267.2533458646307,264.38266604260923,2.8706798220214864,272.4636862366069,274.8033467865616,-2.339660549954658,7.002763179673707,10.43810309068445,3.435339911010743,False,True,True,False
100,397,Wood,138.62943611198918,138.62943611181865,1.7053025658242404e-10,281.2588722239784,285.2588722236373,-3.9999999996588826,286.46921259595456,295.67955296758964,-9.210340371635084,-1.1368683772161605e-13,1.7041656974470243e-10,1.7053025658242404e-10,True,False,True,False
100,398,Wood,138.62943611198918,138.62943611198918,0.0,281.2588722239784,285.2588722239784,-4.0,286.46921259595456,295.6795529679307,-9.210340371976145,-1.1368683772161605e-13,-1.1368683772161605e-13,0.0,True,False,True,False
100,399,Wood,115.75192908968523,108.031958008401,7.719971081284228,235.5038581793705,224.063916016802,11.439942162568485,240.71419855134667,234.4845967607544,6.229601790592255,22.877507022303817,30.59747810358808,7.719971081284264,False,True,False,True
100,400,Wood,127.8807107158638,118.25871852347755,9.621992192386244,259.7614214317276,244.5174370469552,15.243984384772432,264.97176180370377,254.9381177909075,10.033644012796259,10.748725396125266,20.370717588511496,9.62199219238623,False,True,False,True
100,401,Wood,127.5880381741671,96.83586973455182,30.752168439615275,259.17607634833416,201.67173946910364,57.50433687923052,264.3864167203104,212.092420213056,52.293996507254434,11.04139793782197,41.79356637743725,30.752168439615282,False,True,False,True
100,402,Wood,131.8756548453634,130.1174990624212,1.7581557829422252,267.7513096907268,268.2349981248424,-0.4836884341155496,272.96165006270303,278.6556788687947,-5.694028806091694,6.753781266625651,8.511937049567877,1.7581557829422252,True,False,True,False
100,403,Wood,136.9142172111641,131.83787373330648,5.07634347785762,277.8284344223282,271.67574746661296,6.1526869557152395,283.0387747943044,282.0964282105653,0.942346583739095,1.715218900824965,6.791562378682585,5.07634347785762,False,True,False,True
100,404,Wood,135.06599027378388,124.3417987620532,10.72419151173068,274.13198054756776,256.6835975241064,17.44838302346136,279.342320919544,267.10427826805875,12.238042651485273,3.5634458382051832,14.287637349935878,10.724191511730695,False,True,False,True
100,405,Wood,136.21147172328662,133.49149570250196,2.7199760207846566,276.42294344657324,274.982991405004,1.4399520415692564,281.63328381854944,285.4036721489563,-3.7703883304068313,2.417964388702444,5.137940409487101,2.7199760207846566,False,True,True,False
100,406,Wood,109.40969552061028,105.84439326031496,3.5653022602953257,222.8193910412205,219.68878652062995,3.130604520590566,228.0297314131967,230.10946726458232,-2.079735851385607,29.219740591378795,32.78504285167409,3.5653022602952973,False,True,True,False
100,407,Wood,132.3513995642152,118.97053600530607,13.380863558909127,268.7027991284304,245.9410720106121,22.76172711781831,273.9131395004066,256.3617527545645,17.55138674584208,6.2780365477738655,19.658900106682992,13.380863558909127,False,True,False,True
100,408,Wood,131.33613206843722,106.8214560391888,24.51467602924842,266.67226413687445,221.6429120783776,45.02935205849684,271.88260450885065,232.06359282233,39.81901168652064,7.293304043551842,31.807980072800262,24.51467602924842,False,True,False,True
100,409,Wood,132.655690019643,127.2306447882679,5.425045231375108,269.311380039286,262.4612895765358,6.850090462750188,274.5217204112622,272.88197032048816,1.6397500907740437,5.973746092346062,11.39879132372117,5.425045231375108,False,True,False,True
100,410,Wood,131.2449591285212,112.15444018127212,19.09051894724908,266.4899182570424,232.30888036254424,34.18103789449816,271.7002586290186,242.7295611064966,28.970697522522016,7.384476983467863,26.47499593071696,19.090518947249098,False,True,False,True
100,411,Wood,127.46067699954692,118.01526616461948,9.445410834927443,258.92135399909387,244.03053232923892,14.890821669854944,264.13169437107007,254.45121307319133,9.680481297878742,11.168759112442132,20.61416994736957,9.44541083492744,False,True,False,True
100,412,Wood,131.5796225350479,130.12469327859287,1.4549292564550171,267.1592450700958,268.24938655718574,-1.0901414870899657,272.369585442072,278.6700673011381,-6.30048185906611,7.049813576941176,8.504742833396193,1.4549292564550171,True,False,True,False
100,413,Wood,111.62720165439052,68.59577867848438,43.03142297590614,227.25440330878104,145.19155735696876,82.06284595181228,232.46474368075724,155.61223810092113,76.8525055798361,27.002234457598533,70.03365743350469,43.03142297590615,False,True,False,True
100,414,Wood,125.4809426747913,117.52442542849242,7.956517246298873,254.9618853495826,243.04885085698484,11.913034492597745,260.1722257215588,253.4695316009372,6.702694120621601,13.148493437197772,21.105010683496644,7.956517246298873,False,True,False,True
100,415,Wood,138.62943611198918,134.80706485285197,3.8223712591372134,281.2588722239784,277.614129705704,3.644742518274427,286.46921259595456,288.0348104496563,-1.5655978537017177,-1.1368683772161605e-13,3.8223712591371,3.822371259137214,False,True,True,False
100,416,Wood,137.92629807270023,116.70764377575333,21.21865429694691,279.85259614540047,241.41528755150665,38.43730859389382,285.06293651737667,251.83596829545905,33.226968221917616,0.7031380392888309,21.92179233623574,21.21865429694691,False,True,False,True
100,417,Wood,68.15264597225026,63.2374414148021,4.915204557448156,140.3052919445005,134.4748828296042,5.830409114896298,145.51563231647668,144.89556357355656,0.6200687429201253,70.47679013973881,75.39199469718696,4.915204557448149,False,True,False,True
100,418,Wood,134.52763584937335,129.75027882871268,4.7773570206606735,273.0552716987467,267.50055765742536,5.554714041321347,278.2656120707229,277.9212384013777,0.3443736693452024,4.101800262615711,8.879157283276385,4.7773570206606735,False,True,False,True
100,419,Wood,134.84550815375266,88.6080633651892,46.237444788563465,273.6910163075053,185.2161267303784,88.47488957712693,278.9013566794815,195.6368074743308,83.26454920515073,3.783927958236404,50.02137274679987,46.237444788563465,False,True,False,True
100,420,Wood,138.5845206648979,135.35502598172582,3.229494683172078,281.1690413297958,278.71005196345163,2.4589893663441558,286.379381701772,289.130732707404,-2.7513510056319888,0.0449154470911707,3.2744101302632487,3.229494683172078,False,True,True,False
100,421,Wood,134.20018407035,113.8438219773208,20.35636209302919,272.4003681407,235.68764395464163,36.71272418605835,277.6107085126762,246.108324698594,31.50238381408218,4.429252041639074,24.78561413466825,20.356362093029176,False,True,False,True
100,422,Wood,86.05758418870701,78.25550592026406,7.802078268442955,176.11516837741402,164.5110118405281,11.60415653688591,181.3255087493902,174.9316925844805,6.393816164909708,52.57185192328205,60.37393019172501,7.802078268442962,False,True,False,True
100,423,Wood,128.98117518674883,111.24545511460012,17.73572007214871,261.96235037349766,230.49091022920024,31.471440144297418,267.17269074547386,240.9115909731526,26.261099772321245,9.648260925240235,27.383980997388942,17.73572007214871,False,True,False,True
100,424,Wood,138.1358392507007,136.84513301169548,1.2907062390052317,280.2716785014014,281.69026602339096,-1.4185875219895365,285.4820188733776,292.1109467673433,-6.628927893965681,0.4935968612883528,1.7843031002935843,1.2907062390052315,True,False,True,False
100,425,Wood,129.46078914256256,108.2915281923093,21.16926095025326,262.9215782851251,224.5830563846186,38.33852190050652,268.1319186571013,235.00373712857092,33.128181528530405,9.168646969426504,30.337907919679765,21.16926095025326,False,True,False,True
100,426,Wood,138.62943611198918,135.1614416677322,3.4679944442569877,281.2588722239784,278.3228833354644,2.935988888514032,286.46921259595456,288.7435640794167,-2.274351483462169,-1.1368683772161605e-13,3.467994444256874,3.4679944442569877,False,True,True,False
100,427,Wood,138.59836688530456,138.34736114538129,0.25100573992327213,281.1967337706091,284.69472229076257,-3.4979885201534557,286.4070741425853,295.1154030347149,-8.7083288921296,0.031069226684508,0.2820749666077802,0.2510057399232722,True,False,True,False
100,428,Wood,138.44353088573504,132.57288332424525,5.87064756148979,280.8870617714701,273.14576664849045,7.741295122979636,286.0974021434463,283.5664473924428,2.5309547510034918,0.1859052262540217,6.05655278774384,5.870647561489818,False,True,False,True
100,429,Wood,136.47905072143465,123.98422270228195,12.494828019152692,276.9581014428693,255.9684454045639,20.989656038305384,282.1684418148455,266.38912614851625,15.77931566632924,2.150385390554419,14.645213409707113,12.494828019152694,False,True,False,True
100,430,Wood,125.76611896103005,105.51035524724053,20.25576371378952,255.5322379220601,219.02071049448105,36.51152742757904,260.74257829403626,229.4413912384334,31.301187055602867,12.863317150959034,33.119080864748554,20.25576371378952,False,True,False,True
100,431,Wood,131.52479247390752,130.93171023645272,0.5930822374548086,267.04958494781505,269.86342047290543,-2.813835525090383,272.25992531979125,280.2841012168578,-8.024175897066527,7.104643638081541,7.697725875536349,0.5930822374548086,True,False,True,False
100,432,Wood,134.74881409656763,129.80126013694664,4.94755395962099,273.49762819313526,267.6025202738933,5.89510791924198,278.70796856511146,278.0232010178456,0.6847675472658352,3.880622015421437,8.828175975042427,4.94755395962099,False,True,False,True
100,433,Wood,138.62943611198918,138.6294361119855,3.666400516522117e-12,281.2588722239784,285.258872223971,-3.9999999999926104,286.46921259595456,295.67955296792337,-9.210340371968812,-1.1368683772161605e-13,3.552713678800501e-12,3.666400516522117e-12,True,False,True,False
100,434,Wood,138.62943611198918,138.62943611198898,1.9895196601282805e-13,281.2588722239784,285.258872223978,-3.999999999999602,286.46921259595456,295.6795529679303,-9.210340371975747,-1.1368683772161605e-13,8.526512829121202e-14,1.9895196601282808e-13,True,False,True,False
100,435,Wood,138.62943611198918,102.9546286181424,35.674807493846785,281.2588722239784,213.9092572362848,67.34961498769363,286.46921259595456,224.3299379802372,62.13927461571737,-1.1368683772161605e-13,35.67480749384666,35.67480749384677,False,True,False,True
100,436,Wood,137.80725794113644,96.03619941781228,41.77105852332416,279.6145158822729,200.0723988356245,79.54211704664837,284.8248562542491,210.4930795795769,74.3317766746722,0.8221781708526237,42.5932366941768,41.77105852332418,False,True,False,True
100,437,Wood,131.57440495864446,103.39922498926428,28.17517996938018,267.14880991728893,214.79844997852857,52.35035993876036,272.3591502892652,225.2191307224809,47.140019566784275,7.055031153344601,35.23021112272478,28.17517996938018,False,True,False,True
100,438,Wood,135.75730550424078,128.30779553268073,7.4495099715600475,275.51461100848155,264.61559106536146,10.899019943120095,280.7249513804577,275.0362718093138,5.6886795711438936,2.8721306077482893,10.321640579308337,7.4495099715600475,False,True,False,True
100,439,Wood,134.08315285642712,115.74989667476456,18.333256181662563,272.16630571285424,239.4997933495291,32.666512363325126,277.37664608483044,249.9204740934815,27.456171991348953,4.546283255561946,22.87953943722451,18.333256181662563,False,True,False,True
100,440,Wood,136.53327214960697,131.41122940699333,5.122042742613644,277.06654429921394,270.82245881398666,6.244085485227288,282.27688467119015,281.243139557939,1.0337451132511433,2.096163962382093,7.218206704995737,5.122042742613644,False,True,False,True
100,441,Wood,136.07682143142063,125.33405206270038,10.742769368720246,276.1536428628413,258.6681041254008,17.485538737440493,281.3639832348175,269.0887848693531,12.275198365464405,2.5526146805684107,13.295384049288684,10.742769368720273,False,True,False,True
100,442,Wood,116.5448475329408,108.24688503746648,8.297962495474323,237.0896950658816,224.4937700749329,12.595924990948703,242.30003543785776,234.9144508188853,7.385584618972445,22.08458857904828,30.3825510745226,8.29796249547432,False,True,False,True
100,443,Wood,130.83139671467495,108.83652708565104,21.99486962902391,265.6627934293499,225.67305417130208,39.98973925804782,270.8731338013261,236.0937349152545,34.77939888607162,7.798039397314113,29.792909026338023,21.99486962902391,False,True,False,True
100,444,Wood,132.97273359816893,112.90209986622187,20.070633731947055,269.94546719633786,233.80419973244372,36.14126746389414,275.15580756831406,244.22488047639607,30.930927091917994,5.656702513820136,25.727336245767177,20.07063373194704,False,True,False,True
100,445,Wood,138.10064978847137,134.65943424453346,3.441215543937915,280.20129957694274,277.3188684890669,2.8824310878758297,285.41163994891895,287.73954923301926,-2.327909284100315,0.5287863235176928,3.970001867455608,3.4412155439379153,False,True,True,False
100,446,Wood,138.62943611198918,122.40084724707955,16.228588864909625,281.2588722239784,252.8016944941591,28.457177729819307,286.46921259595456,263.22237523811145,23.246837357843106,-1.1368683772161605e-13,16.22858886490951,16.228588864909625,False,True,False,True
100,447,Wood,134.93887569724063,116.80527938693724,18.13359631030339,273.87775139448127,241.6105587738745,32.26719262060678,279.08809176645747,252.0312395178269,27.056852248630577,3.690560414748433,21.82415672505182,18.13359631030339,False,True,False,True
100,448,Wood,136.66282865715758,105.78373316521518,30.879095491942394,277.32565731431515,219.5674663304304,57.75819098388476,282.5359976862913,229.9881470743828,52.5478506119085,1.9666074548314896,32.84570294677388,30.879095491942394,False,True,False,True
100,449,Wood,91.39242453964702,75.62399596799042,15.7684285716566,186.78484907929405,159.24799193598085,27.5368571433132,191.99518945127025,169.66867267993322,22.326516771337026,47.23701157234204,63.00544014399864,15.7684285716566,False,True,False,True
100,450,Wood,138.08916305138624,137.53514902896111,0.5540140224251218,280.1783261027725,283.07029805792223,-2.8919719551497565,285.3886664747487,293.4909788018746,-8.102312327125901,0.5402730606028285,1.0942870830279503,0.5540140224251218,True,False,True,False
100,451,Wood,135.3011213479859,130.54585853958454,4.755262808401369,274.6022426959718,269.0917170791691,5.510525616802738,279.812583067948,279.51239782312143,0.3001852448265936,3.328314764003153,8.083577572404522,4.755262808401369,False,True,False,True
100,452,Wood,138.62943611198918,137.80273393529873,0.8267021766904463,281.2588722239784,283.60546787059747,-2.3465956466190505,286.46921259595456,294.0261486145498,-7.556936018595252,-1.1368683772161605e-13,0.8267021766903326,0.8267021766904463,True,False,True,False
100,453,Wood,80.01938642499016,74.62399172265143,5.395394702338734,164.03877284998032,157.24798344530285,6.790789404677469,169.2491132219565,167.66866418925522,1.5804490327012672,58.610049686998906,64.00544438933764,5.395394702338734,False,True,False,True
100,454,Wood,137.87250868406971,129.73871722399477,8.133791460074946,279.74501736813943,267.47743444798954,12.267582920149891,284.95535774011563,277.8981151919419,7.057242548173747,0.7569274279193507,8.890718887994296,8.133791460074946,False,True,False,True
100,455,Wood,133.38497792317105,130.84154521133306,2.543432711837994,270.7699558463421,269.6830904226661,1.086865423675988,275.9802962183183,280.10377116661846,-4.1234749483001565,5.244458188818015,7.787890900656009,2.543432711837994,False,True,True,False
100,456,Wood,120.10950275817002,73.93507086113952,46.1744318970305,244.21900551634005,155.87014172227904,88.348863794061,249.42934588831625,166.29082246623142,83.13852342208483,18.51993335381904,64.69436525084954,46.1744318970305,False,True,False,True
100,457,Wood,136.21462797845217,107.366121344712,28.848506633740172,276.42925595690434,222.73224268942403,53.697013267480315,281.63959632888054,233.1529234333764,48.48667289550414,2.4148081335368943,31.26331476727705,28.848506633740154,False,True,False,True
100,458,Wood,138.4012038718355,123.13609354205757,15.265110329777926,280.802407743671,254.2721870841151,26.53022065955588,286.0127481156472,264.69286782806745,21.319880287579736,0.2282322401535736,15.493342569931514,15.26511032977794,False,True,False,True
100,459,Wood,90.22521992363806,89.6466017072089,0.5786182164291631,184.45043984727613,187.2932034144178,-2.8427635671416738,189.6607802192523,197.71388415837012,-8.053103939117818,48.404216188351,48.98283440478016,0.578618216429156,True,False,True,False
100,460,Wood,138.4173163830303,106.09094092981805,32.326375453212265,280.8346327660606,220.1818818596361,60.65275090642453,286.0449731380368,230.60256260358844,55.442410534448385,0.2121197289587542,32.53849518217103,32.32637545321228,False,True,False,True
100,461,Wood,138.4173163830303,106.09094092981805,32.326375453212265,280.8346327660606,220.1818818596361,60.65275090642453,286.0449731380368,230.60256260358844,55.442410534448385,0.2121197289587542,32.53849518217103,32.32637545321228,False,True,False,True
100,462,Wood,133.11443879538177,109.78814071492482,23.32629808045695,270.22887759076355,227.57628142984964,42.6525961609139,275.43921796273975,237.996962173802,37.44225578893776,5.5149973166072925,28.841295397064243,23.32629808045695,False,True,False,True
100,463,Wood,135.67955343435574,130.0776901663679,5.601863267987852,275.3591068687115,268.1553803327358,7.203726535975704,280.5694472406877,278.5760610766881,1.9933861639995598,2.949882677633326,8.551745945621178,5.601863267987852,False,True,False,True
100,464,Wood,132.63087115281323,103.52317937703492,29.107691775778306,269.26174230562646,215.0463587540698,54.21538355155667,274.47208267760266,225.4670394980222,49.00504317958047,5.998564959175837,35.10625673495416,29.10769177577832,False,True,False,True
100,465,Wood,87.62650757331309,70.98853166601596,16.637975907297132,179.25301514662618,149.97706333203192,29.275951814594265,184.4633555186024,160.3977440759843,24.06561144261812,51.00292853867597,67.6409044459731,16.63797590729714,False,True,False,True
100,466,Wood,138.62943611198918,138.49711747763823,0.13231863435095192,281.2588722239784,284.99423495527645,-3.7353627312980393,286.46921259595456,295.4149156992288,-8.94570310327424,-1.1368683772161605e-13,0.1323186343508382,0.1323186343509519,True,False,True,False
100,467,Wood,137.82057133207888,113.50716526651868,24.3134060655602,279.64114266415777,235.01433053303737,44.6268121311204,284.851483036134,245.4350112769897,39.416471759144315,0.8088647799101807,25.122270845470386,24.313406065560205,False,True,False,True
100,468,Wood,104.05979147232507,48.02870579030606,56.03108568201901,212.11958294465012,104.05741158061213,108.062171364038,217.32992331662635,114.4780923245645,102.85183099206185,34.56964463966398,90.600730321683,56.031085682019025,False,True,False,True
100,469,Wood,138.62943611198918,137.70540546036028,0.9240306516288967,281.2588722239784,283.41081092072056,-2.1519386967421497,286.46921259595456,293.8314916646729,-7.362279068718351,-1.1368683772161605e-13,0.9240306516287832,0.9240306516288969,True,False,True,False
100,470,Worthy,134.48761601005884,119.58954755938176,14.898068450677087,272.9752320201177,247.1790951187636,25.79613690135409,278.1855723920939,257.5997758627159,20.585796529378,4.141820101930222,19.03988855260729,14.89806845067707,False,True,False,True
100,471,Worthy,70.59748457325915,44.716135522508665,25.881349050750487,145.1949691465183,97.43227104501732,47.76269810150099,150.40530951849448,107.8529517889697,42.55235772952477,68.03195153872991,93.9133005894804,25.881349050750487,False,True,False,True
100,472,Worthy,132.92219689916743,125.53558740914544,7.386609490021996,269.84439379833486,259.07117481829084,10.773218980044021,275.05473417031106,269.49185556224325,5.56287860806782,5.707239212821634,13.09384870284363,7.386609490021996,False,True,False,True
100,473,Worthy,134.01371092631902,114.47922477660391,19.534486149715107,272.02742185263804,236.95844955320783,35.068972299430214,277.23776222461424,247.3791302971602,29.85863192745404,4.615725185670044,24.15021133538515,19.534486149715107,False,True,False,True
100,474,Worthy,137.6284248364812,104.69712660508958,32.93129823139162,279.2568496729624,217.3942532101792,61.862596462783216,284.4671900449386,227.8149339541316,56.652256090807015,1.0010112755078635,33.932309506899486,32.93129823139162,False,True,False,True
100,475,Worthy,133.54623298660198,112.08889769321048,21.457335293391495,271.092465973204,232.1777953864209,38.9146705867831,276.30280634518016,242.5984761303733,33.704330214806845,5.083203125387087,26.5405384187786,21.457335293391512,False,True,False,True
100,476,Worthy,131.47493106448516,110.01213886281906,21.462792201666105,266.9498621289703,228.0242777256381,38.92558440333224,272.1602025009465,238.4449584695905,33.715244031356036,7.154505047503903,28.617297249170008,21.462792201666105,False,True,False,True
100,477,Worthy,133.81620784846226,129.2428967714549,4.573311077007361,271.6324156969245,266.4857935429098,5.146622154014722,276.8427560689007,276.90647428686214,-0.06371821796142285,4.81322826352681,9.38653934053417,4.573311077007361,False,True,True,False
100,478,Worthy,136.36216258421413,122.89706879526972,13.465093788944415,276.72432516842827,253.79413759053944,22.93018757788883,281.93466554040447,264.2148183344918,17.719847205912686,2.2672735277749325,15.732367316719348,13.465093788944415,False,True,False,True
100,479,Worthy,135.9144030216526,134.87566709972478,1.0387359219278096,275.8288060433052,277.7513341994496,-1.9225281561444376,281.0391464152814,288.1720149434019,-7.132868528120525,2.715033090336476,3.7537690122642857,1.0387359219278096,True,False,True,False
100,480,Worthy,137.8393168821247,132.09366918834,5.7456476937847185,279.6786337642494,272.18733837668,7.491295387569437,284.8889741362256,282.6080191206323,2.2809550155932925,0.7901192298643593,6.535766923649078,5.7456476937847185,False,True,False,True
100,481,Worthy,101.08234318680744,85.46129257927564,15.6210506075318,206.1646863736149,178.92258515855127,27.242101215063627,211.37502674559107,189.34326590250365,22.031760843087426,37.547092925181616,53.16814353271343,15.621050607531814,False,True,False,True
100,482,Worthy,137.43221757461674,134.15440823587485,3.277809338741889,278.8644351492335,276.3088164717497,2.5556186774837784,284.0747755212097,286.72949721570205,-2.654721694492366,1.197218537372322,4.475027876114211,3.277809338741889,False,True,True,False
100,483,Worthy,138.35914455528948,133.706862714726,4.652281840563489,280.7182891105789,275.413725429452,5.304563681126922,285.92862948255515,285.8344061734043,0.09422330915083421,0.2702915566995898,4.922573397263079,4.652281840563489,False,True,False,True
100,484,Worthy,134.92094931447107,130.35365590761225,4.567293406858823,273.84189862894215,268.7073118152245,5.134586813717647,279.05223900091835,279.12799255917685,-0.07575355825849783,3.708486797517992,8.275780204376815,4.567293406858823,False,True,True,False
100,485,Worthy,138.3187085036477,137.70441221674986,0.6142962868978543,280.6374170072954,283.4088244334997,-2.7714074262042914,285.8477573792716,293.82950517745206,-7.981747798180436,0.3107276083413524,0.9250238952392068,0.6142962868978544,True,False,True,False
100,486,Worthy,137.97779777465308,130.27527239656337,7.702525378089717,279.95559554930617,268.55054479312673,11.405050756179435,285.1659359212824,278.9712255370791,6.194710384203347,0.6516383373359815,8.354163715425699,7.702525378089717,False,True,False,True
100,487,Worthy,136.49731023300023,135.22341618053895,1.2738940524612872,276.99462046600047,278.4468323610779,-1.4522118950774257,282.20496083797667,288.86751310503024,-6.66255226705357,2.1321258789888304,3.4060199314501176,1.2738940524612872,True,False,True,False
100,488,Worthy,138.3392689848717,137.66980064582052,0.6694683390511784,280.67853796974333,283.33960129164103,-2.6610633218977,285.88887834171953,293.7602820355934,-7.8714036938738445,0.2901671271173995,0.9596354661685496,0.66946833905115,True,False,True,False
100,489,Worthy,138.62943611198918,73.55687420725788,65.0725619047313,281.2588722239784,155.11374841451575,126.14512380946266,286.46921259595456,165.53442915846813,120.93478343748643,-1.1368683772161605e-13,65.07256190473119,65.0725619047313,False,True,False,True
100,490,Worthy,136.410282049978,133.1689952346658,3.2412868153122076,276.820564099956,274.3379904693316,2.4825736306244153,282.0309044719322,284.75867121328395,-2.7277667413517293,2.219154062011057,5.460440877323265,3.241286815312208,False,True,True,False
100,491,Worthy,138.41619668297812,138.01370906972073,0.40248761325739224,280.83239336595625,284.02741813944147,-3.1950247734852155,286.04273373793245,294.4480988833938,-8.40536514546136,0.2132394290109402,0.6157270422683325,0.40248761325739235,True,False,True,False
100,492,Worthy,138.62943611198918,135.6120720435157,3.0173640684734835,281.2588722239784,279.2241440870314,2.034728136947024,286.46921259595456,289.64482483098374,-3.1756122350291776,-1.1368683772161605e-13,3.01736406847337,3.0173640684734835,False,True,True,False
100,493,Worthy,137.24578884174852,129.63174502623988,7.614043815508637,278.49157768349704,267.26349005247977,11.228087631017274,283.70191805547324,277.6841707964321,6.01774725904113,1.3836472702405445,8.997691085749182,7.614043815508637,False,True,False,True
100,494,Worthy,137.1095934635652,135.2848468981662,1.8247465653990105,278.2191869271304,278.5696937963324,-0.35050686920197904,283.4295272991066,288.99037454028473,-5.560847241178124,1.519842648423861,3.3445892138228714,1.8247465653990105,True,False,True,False
100,495,Worthy,86.36965315097807,56.10245816624469,30.26719498473338,176.73930630195613,120.20491633248938,56.53438996946676,181.9496466739323,130.62559707644175,51.32404959749056,52.259782961011,82.52697794574438,30.26719498473338,False,True,False,True
100,496,Worthy,137.6936115320162,135.30681374148594,2.3867977905302666,279.3872230640324,278.6136274829719,0.7735955810605333,284.5975634360086,289.0343082269242,-4.436744790915611,0.9358245799728592,3.322622370503126,2.3867977905302666,False,True,True,False
100,497,Worthy,133.60329103701713,114.57881622881456,19.02447480820257,271.20658207403426,237.15763245762912,34.04894961640514,276.41692244601046,247.5783132015815,28.838609244428966,5.026145074971936,24.050619883174505,19.02447480820257,False,True,False,True
100,498,Worthy,126.88061395105778,106.5269387539936,20.353675197064177,257.7612279021156,221.0538775079872,36.70735039412838,262.97156827409174,231.4745582519396,31.497010022152125,11.748822160931285,32.10249735799546,20.353675197064177,False,True,False,True
100,499,Worthy,138.58589796003608,138.31337563369846,0.2725223263376222,281.17179592007216,284.6267512673969,-3.4549553473247556,286.3821362920484,295.04743201134926,-8.665295719300843,0.0435381519529869,0.3160604782906091,0.27252232633762224,True,False,True,False
100,500,Worthy,137.53962391355952,129.60056125314958,7.939062660409945,279.07924782711905,267.2011225062992,11.878125320819834,284.28958819909525,277.6218032502515,6.667784948843746,1.0898121984295417,9.028874858839488,7.939062660409947,False,True,False,True
100,501,Worthy,131.14538761789365,130.18965689987957,0.955730718014081,266.2907752357873,268.37931379975913,-2.088538563971838,271.5011156077635,278.7999945437115,-7.298878935947982,7.484048494095418,8.4397792121095,0.955730718014081,True,False,True,False
100,502,Worthy,137.60672737375162,133.71208590696935,3.894641466782275,279.21345474750325,275.4241718139387,3.78928293356455,284.42379511947945,285.84485255789104,-1.4210574384115944,1.022708738237441,4.917350205019716,3.894641466782275,False,True,True,False
100,503,Worthy,138.62943611198918,138.62943611198918,0.0,281.2588722239784,285.2588722239784,-4.0,286.46921259595456,295.6795529679307,-9.210340371976145,-1.1368683772161605e-13,-1.1368683772161605e-13,0.0,True,False,True,False
100,504,Worthy,115.73952949129708,77.1262079685833,38.613321522713775,235.47905898259413,162.2524159371666,73.22664304542752,240.6893993545704,172.67309668111898,68.01630267345143,22.88990662069197,61.50322814340576,38.61332152271379,False,True,False,True
150,1,Steingroever2011,207.82499692929747,206.84440931294748,0.9805876163499931,419.6499938585949,421.68881862589495,-2.0388247673000706,425.67126444678746,433.73135980228,-8.060095355492535,0.1191572386861139,1.099744855036107,0.9805876163499931,True,False,True,False
150,2,Steingroever2011,207.2927133588149,190.46690757977777,16.825805779037125,418.5854267176299,388.93381515955554,29.651611558074364,424.6066973058224,400.9763563359406,23.630340969881843,0.6514408091686335,17.477246588205816,16.825805779037182,False,True,False,True
150,3,Steingroever2011,159.61576856875072,87.43595016423583,72.17981840451489,323.23153713750145,182.87190032847167,140.35963680902978,329.252807725694,194.91444150485668,134.33836622083734,48.32838559923286,120.50820400374776,72.1798184045149,False,True,False,True
150,4,Steingroever2011,103.40882367543324,93.60090147529743,9.807922200135806,210.8176473508665,195.2018029505949,15.615844400271612,216.83891793905903,207.2443441269799,9.594573812079119,104.53533049255032,114.34325269268614,9.80792220013582,False,True,False,True
150,5,Steingroever2011,57.063171530441934,51.858580863224034,5.2045906672179,118.12634306088388,111.71716172644808,6.4091813344358,124.14761364907638,123.75970290283308,0.3879107462432927,150.88098263754165,156.08557330475955,5.2045906672179,False,True,False,True
150,6,Steingroever2011,203.38762498933127,192.7460874537248,10.64153753560646,410.77524997866254,393.4921749074496,17.28307507121292,416.7965205668551,405.53471608383467,11.261804483020455,4.556529178652312,15.198066714258772,10.64153753560646,False,True,False,True
150,7,Steingroever2011,196.5807639684202,167.25419848014428,29.326565488275918,397.1615279368404,342.50839696028856,54.653130976551836,403.1827985250329,354.5509381366736,48.631860388359314,11.363390199563383,40.6899556878393,29.326565488275918,False,True,False,True
150,8,Steingroever2011,4.159756594529193,4.1588830833627055,0.0008735111664872619,12.319513189058386,16.317766166725413,-3.9982529776670273,18.3407837772509,28.360307343110435,-10.019523565859537,203.7843975734544,203.7852710846209,0.0008735111664748274,True,False,True,False
150,9,Steingroever2011,207.9441541679839,190.244429765351,17.69972440263291,419.8883083359678,388.488859530702,31.39944880526582,425.9095789241603,400.5314007070871,25.37817821707324,-3.1263880373444413e-13,17.69972440263257,17.69972440263288,False,True,False,True
150,10,Steingroever2011,37.24172576623821,29.890763167646224,7.3509625985919875,78.48345153247641,67.78152633529245,10.701925197183954,84.50472212066892,79.82406751167747,4.680654608991446,170.70242840174538,178.05339100033737,7.350962598591991,False,True,False,True
150,11,Steingroever2011,96.85952174265536,49.88943941869347,46.97008232396189,197.7190434853107,107.77887883738694,89.94016464792375,203.7403140735032,119.82142001377196,83.91889405973126,111.08463242532824,158.0547147492901,46.97008232396186,False,True,False,True
150,12,Steingroever2011,204.5533156835585,177.17277900415792,27.380536679400592,413.1066313671171,362.34555800831583,50.76107335880124,419.1279019553096,374.3880991847009,44.73980277060872,3.3908384844250463,30.771375163825667,27.38053667940062,False,True,False,True
150,13,Steingroever2011,130.75758216917745,115.6058802605077,15.15170190866975,265.5151643383549,239.2117605210154,26.3034038173395,271.53643492654743,251.2543016974004,20.282133229147036,77.18657199880613,92.33827390747588,15.15170190866975,False,True,False,True
150,14,Steingroever2011,206.58109758179413,143.68789940234936,62.89319817944477,417.16219516358825,295.3757988046987,121.78639635888953,423.1834657517808,307.41833998108376,115.76512577069701,1.363056586189458,64.25625476563422,62.89319817944477,False,True,False,True
150,15,Steingroever2011,203.0588079925791,182.5932090264951,20.465598966084002,410.1176159851582,373.1864180529902,36.931197932168004,416.1388865733507,385.2289592293752,30.909927343975482,4.885346175404493,25.35094514148849,20.465598966084,False,True,False,True
150,16,Steingroever2011,123.85513331957377,96.3840368410909,27.471096478482863,251.7102666391476,200.7680736821818,50.94219295696578,257.73153722734,212.8106148585668,44.92092236877323,84.08902084840982,111.56011732689268,27.471096478482863,False,True,False,True
150,17,Steingroever2011,207.9441541679839,201.03366158597763,6.91049258200627,419.8883083359678,410.06732317195525,9.82098516401254,425.9095789241603,422.1098643483403,3.799714575820019,-3.1263880373444413e-13,6.910492582005958,6.91049258200627,False,True,False,True
150,18,Steingroever2011,203.36870449059705,190.15034499899232,13.21835949160473,410.7374089811941,388.3006899979847,22.436718983209403,416.7586795693866,400.3432311743697,16.41544839501688,4.575449677386558,17.79380916899126,13.218359491604701,False,True,False,True
150,19,Steingroever2011,202.13128944510152,199.1947557745796,2.936533670521925,408.26257889020303,406.3895115491592,1.8730673410438499,414.2838494783956,418.4320527255443,-4.148203247148672,5.812864722882068,8.749398393403965,2.9365336705218965,False,True,True,False
150,20,Steingroever2011,191.56762231156705,188.22902647590536,3.3385958356616925,387.1352446231341,384.4580529518108,2.6771916713232713,393.15651521132656,396.5005941281958,-3.3440789168692504,16.376531856416563,19.7151276920782,3.338595835661639,False,True,True,False
150,21,Steingroever2011,113.36265435773484,84.77601572237957,28.58663863535527,230.72530871546965,177.55203144475914,53.173277270710514,236.74657930366217,189.59457262114407,47.152006682518106,94.58149981024876,123.168138445604,28.586638635355243,False,True,False,True
150,22,Steingroever2011,205.322799642204,196.94652340925447,8.376276232949522,414.645599284408,401.89304681850894,12.752552465899043,420.66686987260056,413.935587994894,6.731281877706579,2.621354525779566,10.997630758729116,8.37627623294955,False,True,False,True
150,23,Steingroever2011,204.60779565431457,132.6639155584179,71.94388009589667,413.21559130862914,273.3278311168358,139.88776019179335,419.23686189682167,285.37037229322084,133.86648960360083,3.336358513669012,75.28023860956569,71.94388009589667,False,True,False,True
150,24,Steingroever2011,196.9180209671013,157.57641661590742,39.341604351193894,397.8360419342026,323.15283323181484,74.68320870238779,403.8573125223952,335.1953744081999,68.66193811419532,11.02613320088227,50.36773755207616,39.34160435119389,False,True,False,True
150,25,Steingroever2011,203.51272867180063,201.8977341035728,1.6149945682278428,411.02545734360126,411.7954682071456,-0.7700108635443144,417.0467279317938,423.8380093835307,-6.791281451736893,4.431425496182953,6.046420064410768,1.6149945682278144,True,False,True,False
150,26,Steingroever2011,192.2993999879029,136.9821129472894,55.31728704061348,388.5987999758058,281.9642258945788,106.63457408122696,394.6200705639983,294.00676707096386,100.61330349303444,15.644754180080696,70.96204122069418,55.31728704061348,False,True,False,True
150,27,Steingroever2011,87.26652631450851,43.44711347658647,43.81941283792204,178.53305262901702,94.89422695317292,83.6388256758441,184.5543232172096,106.93676812955796,77.61755508765164,120.67762785347507,164.4970406913971,43.81941283792203,False,True,False,True
150,28,Steingroever2011,203.6229382939657,151.44924329361237,52.17369500035332,411.2458765879314,310.89848658722474,100.34739000070664,417.267147176124,322.9410277636098,94.32611941251423,4.3212158740178666,56.494910874371215,52.17369500035335,False,True,False,True
150,29,Steingroever2011,207.0562427255153,15.292190277773395,191.7640524477419,418.1124854510306,38.5843805555468,379.5281048954838,424.1337560392231,50.626921731931816,373.5068343072913,0.8879114424682939,192.6519638902102,191.7640524477419,False,True,False,True
150,30,Steingroever2011,192.1749380113436,175.16735168797038,17.007586323373232,388.3498760226871,358.3347033759408,30.015172646746294,394.3711466108796,370.3772445523258,23.993902058553772,15.769216156640056,32.7768024800132,17.007586323373147,False,True,False,True
150,31,Steingroever2011,206.9735522487429,170.40331936935306,36.570232879389835,417.9471044974858,348.8066387387061,69.14046575877967,423.9683750856783,360.8491799150912,63.11919517058709,0.9706019192406928,37.54083479863053,36.570232879389835,False,True,False,True
150,32,Steingroever2011,207.1074107565477,174.6344855650277,32.472925191520005,418.2148215130954,357.2689711300554,60.94585038304001,424.2360921012879,369.3115123064404,54.92457979484749,0.83674341143589,33.309668602955895,32.472925191520005,False,True,False,True
150,33,Steingroever2011,202.37883362033608,197.8080296931989,4.570803927137177,408.75766724067216,403.6160593863978,5.141607854274355,414.7789378288647,415.6586005627829,-0.8796627339182237,5.565320547647502,10.13612447478468,4.570803927137177,False,True,True,False
150,34,Steingroever2011,34.989112460428885,24.678683251716567,10.310429208712318,73.97822492085777,57.357366503433134,16.620858417424635,79.99949550905028,69.39990767981816,10.59958782923212,172.9550417075547,183.26547091626705,10.31042920871235,False,True,False,True
150,35,Steingroever2011,192.06281162744563,61.75913832975797,130.30367329768765,388.1256232548913,131.51827665951595,256.60734659537536,394.14689384308383,143.56081783590096,250.58607600718287,15.88134254053793,146.1850158382256,130.30367329768768,False,True,False,True
150,36,Steingroever2011,197.7028147971116,169.29330380340625,28.409510993705368,399.4056295942232,346.5866076068125,52.819021987410736,405.42690018241575,358.62914878319754,46.797751399218214,10.24133937087197,38.65085036457734,28.409510993705368,False,True,False,True
150,37,Steingroever2011,194.4928535117916,191.0012456603133,3.4916078514783067,392.9857070235832,390.0024913206266,2.9832157029566133,399.0069776117757,402.0450324970116,-3.0380548852359084,13.45130065619199,16.942908507670296,3.4916078514783067,False,True,True,False
150,38,Steingroever2011,20.16139932389457,15.834844084242905,4.326555239651666,44.32279864778914,39.669688168485806,4.653110479303336,50.34406923598165,51.71222934487084,-1.3681601088891924,187.78275484408903,192.10931008374067,4.32655523965164,False,True,True,False
150,39,Steingroever2011,199.1486140174803,187.893445588756,11.25516842872429,402.2972280349606,383.786891177512,18.51033685744858,408.3184986231531,395.82943235389706,12.489066269256057,8.795540150503285,20.05070857922757,11.255168428724286,False,True,False,True
150,40,Steingroever2011,206.2113191404664,200.09428880694253,6.117030333523871,416.4226382809328,408.18857761388506,8.234060667047743,422.4439088691253,420.2311187902701,2.212790078855221,1.7328350275171829,7.849865361041054,6.117030333523871,False,True,False,True
150,41,Steingroever2011,207.600771817662,201.3652743774992,6.235497440162817,419.201543635324,410.7305487549983,8.47099488032569,425.2228142235165,422.77308993138337,2.449724292133112,0.3433823503216047,6.578879790484422,6.235497440162817,False,True,False,True
150,42,Steingroever2011,177.50403816787184,160.43850723620864,17.065530931663204,359.0080763357437,328.8770144724173,30.13106186332641,365.0293469239362,340.9195556488023,24.109791275133887,30.440116000111743,47.50564693177495,17.065530931663204,False,True,False,True
150,43,Steingroever2011,203.9787366841857,187.85933962400287,16.11939706018282,411.9574733683714,383.71867924800574,28.23879412036564,417.978743956564,395.7612204243908,22.21752353217323,3.965417483797864,20.08481454398072,16.119397060182855,False,True,False,True
150,44,Steingroever2011,152.91558446809643,91.6380787490644,61.27750571903202,309.8311689361929,191.2761574981288,118.5550114380641,315.85243952438543,203.3186986745138,112.53374084987163,55.02856969988713,116.3060754189192,61.27750571903208,False,True,False,True
150,45,Steingroever2011,201.3738615948143,150.59460367274,50.779257922074294,406.7477231896286,309.18920734548,97.55851584414859,412.7689937778211,321.23174852186503,91.53724525595607,6.570292573169297,57.34955049524359,50.779257922074294,False,True,False,True
150,46,Steingroever2011,96.82515689649252,87.25144634290795,9.573710553584561,197.65031379298503,182.5028926858159,15.147421107169123,203.6715843811776,194.54543386220087,9.126150518976743,111.11899727149104,120.69270782507564,9.573710553584604,False,True,False,True
150,47,Steingroever2011,199.4111000336478,163.00658393792088,36.40451609572693,402.8222000672956,334.01316787584176,68.80903219145387,408.84347065548815,346.0557090522268,62.787761603261345,8.53305413433577,44.937570230062704,36.40451609572693,False,True,False,True
150,48,Steingroever2011,207.68788911396445,207.2404599322772,0.4474291816872551,419.3757782279289,422.4809198645544,-3.10514163662549,425.3970488161214,434.5234610409394,-9.126412224818012,0.2562650540191384,0.7036942357063936,0.44742918168725515,True,False,True,False
150,49,Steingroever2011,207.6470669274572,185.79457439315348,21.852492534303707,419.2941338549143,379.58914878630696,39.70498506860736,425.3154044431068,391.631689962692,33.68371448041478,0.2970872405264515,22.1495797748301,21.85249253430365,False,True,False,True
150,50,Steingroever2011,205.7266285877607,182.2523343988084,23.474294188952314,415.4532571755214,372.5046687976167,42.948588377904684,421.4745277637139,384.5472099740017,36.92731778971222,2.217525580222884,25.69181976917525,23.474294188952367,False,True,False,True
150,51,Steingroever2011,198.78821157913964,179.35301547924888,19.43519609989076,401.5764231582793,366.70603095849776,34.87039219978152,407.5976937464718,378.7485721348828,28.849121611589,9.155942588843942,28.591138688734706,19.435196099890764,False,True,False,True
150,52,Steingroever2011,142.73775210195794,110.74192957830876,31.99582252364918,289.4755042039159,229.4838591566175,59.99164504729836,295.4967747921084,241.52640033300253,53.97037445910587,65.20640206602565,97.20222458967484,31.995822523649196,False,True,False,True
150,53,Steingroever2011,204.69605089505168,194.07479018615228,10.621260708899399,413.3921017901033,396.14958037230457,17.24252141779874,419.41337237829583,408.1921215486896,11.22125082960622,3.248103272931928,13.8693639818313,10.621260708899372,False,True,False,True
150,54,Steingroever2011,207.9441541679839,207.9441541679839,0.0,419.8883083359678,423.8883083359678,-4.0,425.9095789241603,435.9308495123528,-10.021270588192465,-3.1263880373444413e-13,-3.1263880373444413e-13,0.0,True,False,True,False
150,55,Steingroever2011,106.1889251117452,93.0846967758889,13.104228335856305,216.3778502234904,194.1693935517778,22.20845667171261,222.3991208116829,206.2119347281628,16.187186083520118,101.7552290562384,114.85945739209468,13.104228335856277,False,True,False,True
150,56,Steingroever2011,206.88086415050503,147.42630169261778,59.45456245788725,417.76172830101007,302.8526033852356,114.90912491577444,423.7829988892026,314.8951445616206,108.88785432758198,1.0632900174785505,60.5178524753658,59.45456245788725,False,True,False,True
150,57,Steingroever2011,1.3922989632288807,1.3862943611238874,0.006004602104993317,6.784597926457762,10.772588722247775,-3.9879907957900134,12.805868514650273,22.8151298986328,-10.009261383982528,206.5518552047547,206.5578598068597,0.006004602105008416,True,False,True,False
150,58,Wetzels,201.9593379328321,189.58461299606023,12.374724936771884,407.9186758656642,387.16922599212046,20.749449873543767,413.9399464538568,399.2117671685055,14.728179285351302,5.98481623515147,18.35954117192336,12.37472493677189,False,True,False,True
150,59,Wetzels,205.7038184574708,192.2421889316545,13.461629525816278,415.4076369149416,392.4843778633091,22.9232590516325,421.42890750313416,404.5269190396941,16.901988463440034,2.240335710512767,15.701965236329045,13.461629525816278,False,True,False,True
150,60,Wetzels,82.33518068536017,73.08481229720569,9.250368388154484,168.67036137072034,154.16962459441137,14.500736776308969,174.69163195891286,166.2121657707964,8.479466188116476,125.6089734826234,134.85934187077788,9.250368388154484,False,True,False,True
150,61,Wetzels,202.05469094597217,187.49768822932657,14.557002716645599,408.10938189194434,382.99537645865314,25.114005433291197,414.13065248013686,395.0379176350382,19.092734845098676,5.889463222011415,20.446465938657013,14.557002716645599,False,True,False,True
150,62,Wetzels,203.4072954206136,183.6364664381529,19.7708289824607,410.8145908412272,375.2729328763058,35.5416579649214,416.83586142941977,387.3154740526908,29.52038737672899,4.536858747369962,24.30768772983069,19.770828982460728,False,True,False,True
150,63,Wetzels,179.24945981613195,175.4754788511076,3.77398096502435,362.498919632264,358.9509577022152,3.547961930048814,368.52019022045647,370.9934988786002,-2.473308658143708,28.69469435185161,32.46867531687599,3.7739809650243785,False,True,True,False
150,64,Wetzels,180.0848197319484,149.1316448913503,30.95317484059808,364.1696394638968,306.2632897827006,57.90634968119616,370.19091005208935,318.30583095908565,51.8850790930037,27.85933443603517,58.81250927663328,30.95317484059811,False,True,False,True
150,65,Wetzels,206.98532102115783,126.60706227423869,80.37825874691914,417.97064204231566,261.21412454847734,156.75651749383832,423.9919126305082,273.2566657248624,150.7352469056458,0.9588331468257536,81.33709189374491,80.37825874691916,False,True,False,True
150,66,Wetzels,205.70949059846905,205.5677371280211,0.14175347044795217,415.418981196938,419.1354742560421,-3.7164930591040957,421.44025178513056,431.1780154324272,-9.737763647296617,2.2346635695145665,2.376417039962518,0.14175347044795172,True,False,True,False
150,67,Wetzels,206.3373643170036,202.01833014449832,4.319034172505269,416.6747286340071,412.03666028899664,4.638068345010481,422.6959992221997,424.0792014653817,-1.3832022431819837,1.6067898509800216,5.925824023485262,4.319034172505241,False,True,True,False
150,68,Wetzels,199.6303527670072,171.54887108050428,28.08148168650291,403.26070553401433,351.09774216100857,52.162963373005766,409.28197612220686,363.1402833373936,46.141692784813245,8.313801400976416,36.3952830874793,28.081481686502883,False,True,False,True
150,69,Wetzels,141.8211898061566,108.0912935275488,33.72989627860781,287.6423796123132,224.1825870550976,63.45979255721562,293.66365020050574,236.2251282314826,57.43852196902313,66.12296436182697,99.85286064043478,33.72989627860781,False,True,False,True
150,70,Wetzels,175.21358384235037,160.99805375265913,14.215530089691242,354.42716768470075,329.99610750531826,24.431060179382484,360.44843827289327,342.0386486817033,18.409789591189963,32.73057032563321,46.94610041532445,14.215530089691242,False,True,False,True
150,71,Wetzels,149.75490547163878,131.03567059172866,18.71923487991012,303.5098109432776,270.0713411834573,33.43846975982029,309.5310815314701,282.1138823598424,27.417199171627658,58.189248696344805,76.90848357625492,18.71923487991012,False,True,False,True
150,72,Wetzels,163.22779496396882,151.4385766477866,11.789218316182229,330.45558992793764,310.8771532955732,19.578436632364458,336.47686051613016,322.9196944719582,13.557166044171936,44.716359204014765,56.505577520196994,11.789218316182229,False,True,False,True
150,73,Wetzels,207.9441541679839,203.89152102425425,4.0526331437296506,419.8883083359678,415.7830420485084,4.105266287459415,425.9095789241603,427.8255832248935,-1.9160043007331637,-3.1263880373444413e-13,4.052633143729366,4.052633143729679,False,True,True,False
150,74,Wetzels,162.758203130901,140.03937312538767,22.718830005513325,329.516406261802,288.07874625077534,41.43766001102665,335.5376768499945,300.1212874271604,35.41638942283413,45.18595103708259,67.90478104259591,22.718830005513325,False,True,False,True
150,75,Wetzels,195.87866433506025,178.9007800546516,16.97788428040866,395.7573286701205,365.8015601093032,29.95576856081732,401.77859925831297,377.8441012856882,23.93449797262474,12.065489832923362,29.043374113332,16.977884280408638,False,True,False,True
150,76,Wetzels,198.9512849715661,159.76889183917675,39.182393132389365,401.9025699431322,327.5377836783535,74.36478626477873,407.9238405313248,339.58032485473854,68.34351567658626,8.992869196417473,48.17526232880684,39.182393132389365,False,True,False,True
150,77,Wetzels,192.05315293172063,180.9456714470074,11.107481484713219,388.10630586344126,369.8913428940148,18.214962969426438,394.1275764516338,381.9338840703999,12.19369238123386,15.891001236262952,26.99848272097617,11.107481484713219,False,True,False,True
150,78,Wetzels,189.3067682280948,171.25667514348132,18.05009308461348,382.6135364561896,350.51335028696263,32.10018616922696,388.63480704438206,362.5558914633477,26.07891558103438,18.637385939888816,36.68747902450227,18.05009308461345,False,True,False,True
150,79,Wetzels,162.00849911868573,156.8022164772238,5.206282641461939,328.01699823737147,321.6044329544476,6.412565282923879,334.038268825564,333.64697413083263,0.39129469473135714,45.93565504929785,51.14193769075979,5.206282641461939,False,True,False,True
150,80,Wetzels,146.59718562014237,116.57442144076528,30.02276417937709,297.19437124028474,241.14884288153056,56.04552835875418,303.21564182847726,253.1913840579156,50.02425777056166,61.346968547841215,91.36973272721828,30.022764179377063,False,True,False,True
150,81,Wetzels,204.63069413277108,161.26880294517056,43.36189118760052,413.26138826554217,330.5376058903411,82.72378237520104,419.2826588537347,342.58014706672617,76.70251178700852,3.3134600352125005,46.67535122281302,43.36189118760052,False,True,False,True
150,82,Wetzels,186.1125858011072,118.36250298277572,67.75008281833148,376.2251716022143,244.72500596555145,131.50016563666284,382.2464421904068,256.76754714193646,125.47889504847035,21.83156836687644,89.58165118520786,67.75008281833142,False,True,False,True
150,83,Wetzels,207.9441541679839,207.9441541678625,1.2138912097725552e-10,419.8883083359678,423.888308335725,-3.9999999997572218,425.9095789241603,435.9308495121101,-10.0212705879498,-3.1263880373444413e-13,1.2104806046409067e-10,1.213606992678251e-10,True,False,True,False
150,84,Wetzels,202.5938962648869,174.63908800862845,27.954808256258445,409.1877925297738,357.2781760172569,51.90961651251689,415.2090631179664,369.32071719364194,45.88834592432448,5.3502579030966615,33.305066159355135,27.954808256258474,False,True,False,True
150,85,Wetzels,204.7064916983701,196.0328279362109,8.67366376215918,413.4129833967402,400.0656558724218,13.34732752431836,419.4342539849327,412.10819704880686,7.326056936125838,3.237662469613497,11.911326231772676,8.67366376215918,False,True,False,True
150,86,Wetzels,17.413089812263713,16.310605064455377,1.1024847478083366,38.82617962452743,40.621210128910754,-1.7950305043833268,44.847450212719934,52.663751305295776,-7.816301092575841,190.53106435571988,191.6335491035282,1.1024847478083188,True,False,True,False
150,87,Wetzels,206.0875807604839,189.5905466216772,16.497034138806697,416.1751615209678,387.1810932433543,28.99406827761345,422.1964321091603,399.2236344197393,22.972797689420986,1.856573407499696,18.35360754630645,16.497034138806754,False,True,False,True
150,88,Wetzels,207.9441541679839,205.4041562023832,2.5399979656006906,419.8883083359678,418.8083124047664,1.0799959312013812,425.9095789241603,430.8508535811514,-4.941274656991084,-3.1263880373444413e-13,2.5399979656004064,2.539997965600719,False,True,True,False
150,89,Wetzels,184.5973777523417,169.48000939421638,15.117368358125333,373.1947555046834,346.9600187884328,26.23473671625061,379.216026092876,359.0025599648178,20.2134661280582,23.34677641564187,38.4641447737672,15.117368358125333,False,True,False,True
150,90,Wetzels,170.73545949038746,155.02947347456566,15.705986015821793,345.4709189807749,318.0589469491313,27.411972031643586,351.49218956896743,330.1014881255164,21.390701443451007,37.20869467759613,52.91468069341792,15.705986015821793,False,True,False,True
150,91,Wetzels,201.90766343249248,200.03038712992128,1.8772763025712038,407.8153268649849,408.06077425984256,-0.24544739485764921,413.83659745317743,420.1033154362276,-6.266717983050171,6.036490735491128,7.913767038062303,1.8772763025711745,True,False,True,False
150,92,Wetzels,204.3417177315572,172.30197800654625,32.039739725010946,412.6834354631145,352.6039560130925,60.079479450022006,418.70470605130697,364.6464971894776,54.05820886182937,3.602436436426359,35.642176161437334,32.039739725010975,False,True,False,True
150,93,Wetzels,185.2575390637631,175.3070113456003,9.950527718162789,374.5150781275262,358.6140226912006,15.901055436325578,380.5363487157187,370.6565638675857,9.879784848133,22.686615104220493,32.63714282238328,9.950527718162789,False,True,False,True
150,94,Wetzels,201.86160878192027,146.89878401843512,54.962824763485145,407.7232175638405,301.79756803687025,105.92564952697023,413.74448815203306,313.8401092132553,99.90437893877777,6.082545386063316,61.04537014954846,54.962824763485145,False,True,False,True
150,95,Wetzels,188.98899068545404,169.42248856738124,19.566502118072805,381.9779813709081,346.8449771347625,35.13300423614561,387.9992519591006,358.8875183111475,29.111733647953088,18.955163482529542,38.52166560060235,19.566502118072805,False,True,False,True
150,96,Wetzels,190.64301229571987,182.2997560514937,8.343256244226183,385.2860245914397,372.5995121029874,12.686512488452308,391.30729517963226,384.6420532793725,6.665241900259787,17.301141872263713,25.644398116489867,8.343256244226154,False,True,False,True
150,97,Wetzels,199.8383755686256,199.23681078248063,0.6015647861449622,403.6767511372512,406.47362156496126,-2.7968704277100755,409.69802172544377,418.5161627413463,-8.81814101590254,8.105778599357961,8.707343385502952,0.6015647861449906,True,False,True,False
150,98,Wetzels,204.78498640071967,130.28066518464175,74.50432121607793,413.56997280143935,268.5613303692835,145.00864243215585,419.5912433896319,280.60387154566854,138.9873718439634,3.1591677672639094,77.66348898334184,74.50432121607793,False,True,False,True
